<?xml version="1.0" encoding="utf-8"?>
<COLLADA xmlns:xsi="http://www.w3.org/2001/XMLSchema-instance" xmlns:xsd="http://www.w3.org/2001/XMLSchema" version="1.4.1" xmlns="http://www.collada.org/2005/11/COLLADASchema">
    <asset>
        <created>2022-10-15T12:26:40.4158785-05:00</created>
        <modified>2022-10-15T12:26:40.4158785-05:00</modified>
        <unit name="Meter" />
        <contributor>
            <authoring_tool>IONET Exporter</authoring_tool>
        </contributor>
    </asset>
    <library_images>
        <image id="Nyoromo_bodyCl_ctr-image" name="Nyoromo_bodyCl_ctr">
            <init_from>Nyoromo_bodyCl_ctr.png</init_from>
        </image>
        <image id="Nyoromo_eyeCl_ctr-image" name="Nyoromo_eyeCl_ctr">
            <init_from>Nyoromo_eyeCl_ctr.png</init_from>
        </image>
        <image id="Nyoromo_bodyCl_ctr-image_0" name="Nyoromo_bodyCl_ctr">
            <init_from>Nyoromo_bodyCl_ctr.png</init_from>
        </image>
    </library_images>
    <library_materials>
        <material id="Body" name="Body">
            <instance_effect url="#Body-effect" />
        </material>
        <material id="Eye" name="Eye">
            <instance_effect url="#Eye-effect" />
        </material>
        <material id="Tail" name="Tail">
            <instance_effect url="#Tail-effect" />
        </material>
        <material id="shadow_w" name="shadow_w">
            <instance_effect url="#shadow_w-effect" />
        </material>
    </library_materials>
    <library_effects>
        <effect id="Body-effect" name="Body">
            <profile_COMMON>
                <newparam sid="Nyoromo_bodyCl_ctr-image_surface">
                    <surface type="2D">
                        <init_from>Nyoromo_bodyCl_ctr-image</init_from>
                    </surface>
                </newparam>
                <newparam sid="Nyoromo_bodyCl_ctr-image_sampler">
                    <sampler2D>
                        <source>Nyoromo_bodyCl_ctr-image_surface</source>
                    </sampler2D>
                </newparam>
                <technique sid="standard">
                    <phong>
                        <emission>
                            <color sid="emission">0 0 0 1</color>
                        </emission>
                        <ambient>
                            <color sid="ambient">0.6666667 0.6666667 0.6666667 1</color>
                        </ambient>
                        <diffuse>
                            <texture texture="Nyoromo_bodyCl_ctr-image_sampler" texcoord="CHANNEL0" />
                        </diffuse>
                        <specular>
                            <color sid="specular">0.5215687 0.5411765 0.5647059 1</color>
                        </specular>
                        <reflective>
                            <color sid="reflective">1 1 1 1</color>
                        </reflective>
                        <shininess>
                            <float sid="shininess">20</float>
                        </shininess>
                        <reflectivity>
                            <float sid="reflectivity">1</float>
                        </reflectivity>
                        <transparency>
                            <float sid="transparency">1</float>
                        </transparency>
                    </phong>
                </technique>
            </profile_COMMON>
        </effect>
        <effect id="Eye-effect" name="Eye">
            <profile_COMMON>
                <newparam sid="Nyoromo_eyeCl_ctr-image_surface">
                    <surface type="2D">
                        <init_from>Nyoromo_eyeCl_ctr-image</init_from>
                    </surface>
                </newparam>
                <newparam sid="Nyoromo_eyeCl_ctr-image_sampler">
                    <sampler2D>
                        <source>Nyoromo_eyeCl_ctr-image_surface</source>
                    </sampler2D>
                </newparam>
                <technique sid="standard">
                    <phong>
                        <emission>
                            <color sid="emission">0 0 0 1</color>
                        </emission>
                        <ambient>
                            <color sid="ambient">0.6666667 0.6666667 0.6666667 1</color>
                        </ambient>
                        <diffuse>
                            <texture texture="Nyoromo_eyeCl_ctr-image_sampler" texcoord="CHANNEL0" />
                        </diffuse>
                        <specular>
                            <color sid="specular">0.5215687 0.5411765 0.5647059 1</color>
                        </specular>
                        <reflective>
                            <color sid="reflective">1 1 1 1</color>
                        </reflective>
                        <shininess>
                            <float sid="shininess">20</float>
                        </shininess>
                        <reflectivity>
                            <float sid="reflectivity">1</float>
                        </reflectivity>
                        <transparency>
                            <float sid="transparency">1</float>
                        </transparency>
                    </phong>
                </technique>
            </profile_COMMON>
        </effect>
        <effect id="Tail-effect" name="Tail">
            <profile_COMMON>
                <newparam sid="Nyoromo_bodyCl_ctr-image_0_surface">
                    <surface type="2D">
                        <init_from>Nyoromo_bodyCl_ctr-image_0</init_from>
                    </surface>
                </newparam>
                <newparam sid="Nyoromo_bodyCl_ctr-image_0_sampler">
                    <sampler2D>
                        <source>Nyoromo_bodyCl_ctr-image_0_surface</source>
                    </sampler2D>
                </newparam>
                <technique sid="standard">
                    <phong>
                        <emission>
                            <color sid="emission">0 0 0 1</color>
                        </emission>
                        <ambient>
                            <color sid="ambient">0.6666667 0.6666667 0.6666667 1</color>
                        </ambient>
                        <diffuse>
                            <texture texture="Nyoromo_bodyCl_ctr-image_0_sampler" texcoord="CHANNEL0" />
                        </diffuse>
                        <specular>
                            <color sid="specular">0.5215687 0.5411765 0.5647059 1</color>
                        </specular>
                        <reflective>
                            <color sid="reflective">1 1 1 1</color>
                        </reflective>
                        <shininess>
                            <float sid="shininess">20</float>
                        </shininess>
                        <reflectivity>
                            <float sid="reflectivity">1</float>
                        </reflectivity>
                        <transparency>
                            <float sid="transparency">1</float>
                        </transparency>
                    </phong>
                </technique>
            </profile_COMMON>
        </effect>
        <effect id="shadow_w-effect" name="shadow_w">
            <profile_COMMON>
                <technique sid="standard">
                    <phong>
                        <emission>
                            <color sid="emission">0 0 0 1</color>
                        </emission>
                        <ambient>
                            <color sid="ambient">0 0 0 1</color>
                        </ambient>
                        <diffuse>
                            <color sid="diffuse">0 0 0 1</color>
                        </diffuse>
                        <specular>
                            <color sid="specular">0 0 0 1</color>
                        </specular>
                        <reflective>
                            <color sid="reflective">1 1 1 1</color>
                        </reflective>
                        <shininess>
                            <float sid="shininess">20</float>
                        </shininess>
                        <reflectivity>
                            <float sid="reflectivity">1</float>
                        </reflectivity>
                        <transparency>
                            <float sid="transparency">1</float>
                        </transparency>
                    </phong>
                </technique>
            </profile_COMMON>
        </effect>
    </library_effects>
    <library_geometries>
        <geometry id="Object_0-geometry" name="Object_0">
            <mesh>
                <source id="Object_0-geometry-POSITION">
                    <float_array id="Object_0-geometry-POSITION-array" count="726">0.09747 0.53672 0.191255 0.104438 0.537521 0.185517 0.110286 0.529266 0.193255 0.103454 0.52879 0.198335 0.118963 0.535281 0.175657 0.124475 0.533272 0.172233 0.129387 0.52796 0.175262 0.123465 0.528352 0.182114 0.140224 0.512512 0.184582 0.143854 0.504078 0.190212 0.136268 0.505607 0.19763 0.132629 0.513587 0.192711 0.122747 0.50636 0.209624 0.115625 0.506046 0.214619 0.112135 0.513922 0.209831 0.11916 0.514305 0.204899 0.063187 0.485816 0.241296 0.07728 0.493842 0.236433 0.086632 0.482593 0.240738 0.075009 0.472198 0.246357 0.056597 0.553736 0.17642 0.071207 0.548046 0.184806 0.066193 0.540763 0.196149 0.049942 0.544615 0.190826 0.093344 0.561012 0.141201 0.100506 0.553573 0.157086 0.08881 0.554731 0.164717 0.078547 0.56228 0.151061 0.171985 0.472215 0.173195 0.162742 0.483188 0.182793 0.16147 0.49507 0.171719 0.170497 0.48721 0.159053 0.078775 0.553012 0.174068 0.065797 0.560383 0.162636 0.049294 0.516929 0.21979 0.066165 0.518858 0.219199 0.070423 0.506016 0.229191 0.054705 0.500804 0.232285 0.048127 0.532029 0.205142 0.064878 0.530821 0.207666 0.12491 0.545561 0.133289 0.125321 0.541607 0.150499 0.113019 0.548982 0.152283 0.109447 0.554944 0.135299 0.15381 0.518503 0.139335 0.148128 0.520153 0.155805 0.137481 0.531732 0.151648 0.140526 0.533045 0.134391 0.164525 0.503046 0.146937 0.156688 0.507742 0.162297 0.162397 0.450257 0.203019 0.155401 0.46604 0.206 0.160735 0.473257 0.19443 0.16913 0.459858 0.188216 0.139482 0.4426 0.228506 0.136786 0.459798 0.226747 0.147382 0.461464 0.216987 0.152567 0.444386 0.216702 0.089657 0.458826 0.249051 0.09799 0.472291 0.242666 0.110472 0.464882 0.240958 0.105493 0.448998 0.247197 0.123965 0.460707 0.235259 0.122985 0.44356 0.239742 0.088814 0.499607 0.230673 0.095783 0.49048 0.234385 0.082823 0.541513 0.191363 0.078684 0.536303 0.199544 0.10651 0.545475 0.169977 0.097308 0.546386 0.176048 0.153987 0.491083 0.18995 0.152486 0.500604 0.181763 0.089194 0.545095 0.183307 0.079839 0.5195 0.216942 0.083448 0.509423 0.224775 0.078156 0.52879 0.208093 0.125085 0.537018 0.163828 0.116018 0.542212 0.16576 0.14188 0.52057 0.16902 0.133831 0.529602 0.165258 0.148468 0.510724 0.174544 0.148721 0.47861 0.206841 0.153003 0.483402 0.198236 0.133488 0.474511 0.223281 0.142072 0.475661 0.215441 0.103852 0.482708 0.23612 0.113211 0.47785 0.234482 0.123514 0.475136 0.229934 0.098954 0.503426 0.224646 0.103516 0.495556 0.228346 0.091315 0.534753 0.196878 0.086661 0.532681 0.201221 0.11183 0.537012 0.180215 0.146173 0.495931 0.195865 0.091269 0.519862 0.213419 0.094774 0.511663 0.219591 0.088497 0.527313 0.206719 0.135135 0.520626 0.179564 0.143155 0.488515 0.205737 0.147364 0.489618 0.200178 0.12986 0.486914 0.218837 0.137114 0.487416 0.212457 0.107299 0.489226 0.230814 0.113697 0.488131 0.228473 0.121774 0.487169 0.224344 0.108161 0.521294 0.204456 0.115054 0.521697 0.199531 0.12827 0.521138 0.187568 0.126211 0.497439 0.214153 0.118876 0.497332 0.219259 0.139539 0.497235 0.202181 0.09637 0.527858 0.202962 0.100463 0.520632 0.209073 0.104264 0.513095 0.214608 0.107854 0.505231 0.219457 0.111244 0.49702 0.223774 0.116967 0.52906 0.187902 0.121635 0.52159 0.194009 0.125788 0.514172 0.199311 0.129432 0.506239 0.204032 0.133014 0.497477 0.208425 -0.110286 0.529266 0.193255 -0.104438 0.537521 0.185517 -0.09747 0.53672 0.191255 -0.103454 0.52879 0.198335 -0.129387 0.52796 0.175262 -0.124475 0.533272 0.172233 -0.118963 0.535281 0.175657 -0.123465 0.528352 0.182114 -0.136268 0.505607 0.19763 -0.143854 0.504078 0.190212 -0.140224 0.512512 0.184582 -0.132629 0.513587 0.192711 -0.112135 0.513922 0.209831 -0.115625 0.506046 0.214619 -0.122747 0.50636 0.209624 -0.11916 0.514305 0.204899 -0.086632 0.482593 0.240738 -0.07728 0.493842 0.236433 -0.063187 0.485816 0.241296 -0.075009 0.472198 0.246357 -0.066193 0.540763 0.196149 -0.071207 0.548046 0.184806 -0.056597 0.553736 0.17642 -0.049942 0.544615 0.190826 -0.08881 0.554731 0.164717 -0.100506 0.553573 0.157086 -0.093344 0.561012 0.141201 -0.078547 0.56228 0.151061 -0.16147 0.49507 0.171719 -0.162742 0.483188 0.182793 -0.171985 0.472215 0.173195 -0.170497 0.48721 0.159053 -0.078775 0.553012 0.174068 -0.065797 0.560383 0.162636 -0.070423 0.506016 0.229191 -0.066165 0.518858 0.219199 -0.049294 0.516929 0.21979 -0.054705 0.500804 0.232285 -0.064878 0.530821 0.207666 -0.048127 0.532029 0.205142 -0.113019 0.548982 0.152283 -0.125321 0.541607 0.150499 -0.12491 0.545561 0.133289 -0.109447 0.554944 0.135299 -0.137481 0.531732 0.151648 -0.148128 0.520153 0.155805 -0.15381 0.518503 0.139335 -0.140526 0.533045 0.134391 -0.156688 0.507742 0.162297 -0.164525 0.503046 0.146937 -0.160735 0.473257 0.19443 -0.155401 0.46604 0.206 -0.162397 0.450257 0.203019 -0.16913 0.459858 0.188216 -0.147382 0.461464 0.216987 -0.136786 0.459798 0.226747 -0.139482 0.4426 0.228506 -0.152567 0.444386 0.216702 -0.110472 0.464882 0.240958 -0.09799 0.472291 0.242666 -0.089657 0.458826 0.249051 -0.105493 0.448998 0.247197 -0.123965 0.460707 0.235259 -0.122985 0.44356 0.239742 -0.095783 0.49048 0.234385 -0.088814 0.499607 0.230673 -0.078684 0.536303 0.199544 -0.082823 0.541513 0.191363 -0.097308 0.546386 0.176048 -0.10651 0.545475 0.169977 -0.152486 0.500604 0.181763 -0.153987 0.491083 0.18995 -0.089194 0.545095 0.183307 -0.083448 0.509423 0.224775 -0.079839 0.5195 0.216942 -0.078156 0.52879 0.208093 -0.116018 0.542212 0.16576 -0.125085 0.537018 0.163828 -0.133831 0.529602 0.165258 -0.14188 0.52057 0.16902 -0.148468 0.510724 0.174544 -0.153003 0.483402 0.198236 -0.148721 0.47861 0.206841 -0.142072 0.475661 0.215441 -0.133488 0.474511 0.223281 -0.113211 0.47785 0.234482 -0.103852 0.482708 0.23612 -0.123514 0.475136 0.229934 -0.103516 0.495556 0.228346 -0.098954 0.503426 0.224646 -0.086661 0.532681 0.201221 -0.091315 0.534753 0.196878 -0.11183 0.537012 0.180215 -0.146173 0.495931 0.195865 -0.094774 0.511663 0.219591 -0.091269 0.519862 0.213419 -0.088497 0.527313 0.206719 -0.135135 0.520626 0.179564 -0.147364 0.489618 0.200178 -0.143155 0.488515 0.205737 -0.137114 0.487416 0.212457 -0.12986 0.486914 0.218837 -0.113697 0.488131 0.228473 -0.107299 0.489226 0.230814 -0.121774 0.487169 0.224344 -0.108161 0.521294 0.204456 -0.115054 0.521697 0.199531 -0.12827 0.521138 0.187568 -0.118876 0.497332 0.219259 -0.126211 0.497439 0.214153 -0.139539 0.497235 0.202181 -0.09637 0.527858 0.202962 -0.100463 0.520632 0.209073 -0.104264 0.513095 0.214608 -0.107854 0.505231 0.219457 -0.111244 0.49702 0.223774 -0.116967 0.52906 0.187902 -0.121635 0.52159 0.194009 -0.125788 0.514172 0.199311 -0.129432 0.506239 0.204032 -0.133014 0.497477 0.208425</float_array>
                    <technique_common>
                        <accessor count="242" offset="0" source="Object_0-geometry-POSITION-array" stride="3">
                            <param name="X" type="float" />
                            <param name="Y" type="float" />
                            <param name="Z" type="float" />
                        </accessor>
                    </technique_common>
                </source>
                <source id="Object_0-geometry-NORMAL">
                    <float_array id="Object_0-geometry-NORMAL-array" count="726">0.2941176 0.772549 0.5450981 0.3647059 0.7803922 0.4901961 0.3960784 0.7333333 0.5372549 0.3411765 0.7333333 0.5764706 0.490196 0.7568628 0.4117647 0.5450981 0.7411765 0.3803922 0.5607843 0.7098039 0.4039216 0.5215687 0.7176471 0.4431373 0.6313726 0.6235294 0.4431373 0.6470588 0.5686275 0.4901961 0.6 0.5686275 0.5450981 0.5764706 0.6313726 0.4980392 0.490196 0.5686275 0.6470588 0.4039215 0.5686275 0.7019608 0.3960784 0.6235294 0.6627451 0.4509804 0.6392157 0.6 0.0745098 0.4745098 0.8745098 0.05098039 0.4745098 0.8745098 0.1294118 0.3803922 0.9058824 0.1215686 0.3960785 0.8980392 0.1607843 0.8196079 0.5372549 0.05882353 0.8509804 0.5137255 -0.003921628 0.7960784 0.5921569 0.05098039 0.7882353 0.6 0.3490196 0.8745098 0.3019608 0.3490196 0.8901961 0.2627451 0.2470588 0.8980392 0.3411765 0.3568627 0.7803922 0.5058824 0.7254902 0.482353 0.482353 0.827451 0.3803922 0.3882353 0.8196079 0.4666667 0.3176471 0.7176471 0.5450981 0.4196079 0.1294118 0.8901961 0.4196079 0.3254902 0.772549 0.5294118 0.03529412 0.6627451 0.7411765 -0.02745104 0.6392157 0.7568628 0.003921568 0.5607843 0.8196079 0.05098039 0.5764706 0.8039216 0.08235294 0.7176471 0.6784314 -0.04313731 0.7176471 0.6862745 0.5450981 0.7882353 0.2470589 0.5607843 0.7960784 0.1921569 0.4588235 0.8509804 0.2078432 0.4666666 0.8352941 0.254902 0.6705883 0.6705883 0.2941177 0.7176471 0.654902 0.2 0.6470588 0.7254902 0.1843138 0.6078432 0.7411765 0.2705883 0.7098039 0.6078432 0.3333334 0.7803922 0.5686275 0.2470589 0.7019608 0.3333334 0.6156863 0.7568628 0.254902 0.5843138 0.8117647 0.3019608 0.482353 0.7176471 0.4196079 0.5372549 0.5843138 0.2392157 0.7647059 0.5921569 0.2078432 0.7647059 0.6941177 0.2156863 0.6862745 0.6627451 0.2705883 0.6862745 0.2156863 0.3176471 0.9137255 0.2235294 0.309804 0.9137255 0.3647059 0.2627451 0.8901961 0.3490196 0.2392157 0.8980392 0.4980392 0.2078432 0.8352941 0.4823529 0.2156863 0.8431373 0.1764706 0.5294118 0.8196079 0.2156863 0.4666667 0.8509804 0.1921569 0.8039216 0.5529412 0.1137255 0.772549 0.6156863 0.3882353 0.827451 0.3803922 0.317647 0.827451 0.4352942 0.7647059 0.4431373 0.4431373 0.7333333 0.5294118 0.4117647 0.2470588 0.827451 0.482353 0.1058823 0.654902 0.7411765 0.145098 0.6 0.772549 0.1137255 0.7098039 0.6862745 0.5529412 0.772549 0.2862746 0.4823529 0.8039216 0.3254902 0.654902 0.6705883 0.3176471 0.6078432 0.7176471 0.3176471 0.7019608 0.6 0.3490196 0.7098039 0.3333334 0.6 0.7411765 0.3960785 0.5294118 0.5764706 0.309804 0.7490196 0.6313726 0.3411765 0.6862745 0.2784314 0.3960785 0.8666667 0.4039215 0.3411765 0.8431373 0.490196 0.3333334 0.7960784 0.2784314 0.5686275 0.7568628 0.3019608 0.5137255 0.7882353 0.2549019 0.7568628 0.5843138 0.2078431 0.7333333 0.6313726 0.427451 0.772549 0.4431373 0.6705883 0.5137255 0.5137255 0.2313725 0.6627451 0.7019608 0.2470588 0.6235294 0.7254902 0.2235294 0.7098039 0.6627451 0.5921569 0.6784314 0.4196079 0.6313726 0.4509804 0.6156863 0.6862745 0.4509804 0.5529412 0.5372549 0.4509804 0.7019608 0.5921569 0.4509804 0.6470588 0.3411765 0.4666667 0.8039216 0.4039215 0.4509804 0.7882353 0.4745098 0.4509804 0.7411765 0.3647059 0.6862745 0.6156863 0.427451 0.6941177 0.5686275 0.5529412 0.6705883 0.4745098 0.5137255 0.5058824 0.6784314 0.4431372 0.5137255 0.7254902 0.6156863 0.5215687 0.5764706 0.2784314 0.7176471 0.6235294 0.2941176 0.6784314 0.6627451 0.3098039 0.6313726 0.6941177 0.3490196 0.5686275 0.7333333 0.3882353 0.5215687 0.7490196 0.4588235 0.7333333 0.4901961 0.490196 0.6862745 0.5215687 0.5215687 0.6392157 0.5529412 0.5529412 0.5686275 0.6 0.5686275 0.5137255 0.6313726 -0.4039216 0.7333333 0.5372549 -0.3725491 0.7803922 0.4901961 -0.3019608 0.772549 0.5450981 -0.3490196 0.7333333 0.5764706 -0.5686275 0.7098039 0.4039216 -0.5529412 0.7411765 0.3803922 -0.4901961 0.7568628 0.4117647 -0.5294118 0.7176471 0.4431373 -0.6078432 0.5686275 0.5450981 -0.654902 0.5686275 0.4901961 -0.6392157 0.6235294 0.4431373 -0.5843138 0.6313726 0.4980392 -0.4039216 0.6235294 0.6627451 -0.4117647 0.5686275 0.7019608 -0.4980392 0.5686275 0.6470588 -0.4588236 0.6392157 0.6 -0.137255 0.3803922 0.9058824 -0.06666672 0.4745098 0.8745098 -0.082353 0.4745098 0.8745098 -0.1294118 0.3960785 0.8980392 -0.01176476 0.7960784 0.5921569 -0.06666672 0.8509804 0.5137255 -0.1607844 0.8196079 0.5372549 -0.05882359 0.7882353 0.6 -0.254902 0.8980392 0.3411765 -0.3568628 0.8901961 0.2627451 -0.3568628 0.8745098 0.3019608 -0.3647059 0.7803922 0.4980392 -0.827451 0.4666667 0.3176471 -0.8352941 0.3803922 0.3882353 -0.7333333 0.482353 0.482353 -0.7254902 0.5450981 0.4196079 -0.137255 0.8901961 0.4196079 -0.3254902 0.7882353 0.5137255 -0.01176476 0.5607843 0.8196079 0.01960784 0.6470588 0.7490196 -0.04313731 0.6627451 0.7411765 -0.05882359 0.5764706 0.8039216 0.03529412 0.7176471 0.6862745 -0.09019613 0.7254902 0.6784314 -0.4666667 0.8509804 0.2078432 -0.5686275 0.7960784 0.1921569 -0.5529412 0.7882353 0.2470589 -0.4745098 0.8352941 0.254902 -0.654902 0.7254902 0.1843138 -0.7254902 0.654902 0.2 -0.6705883 0.6705883 0.309804 -0.6156863 0.7411765 0.2705883 -0.7882353 0.5686275 0.2470589 -0.7176471 0.6078432 0.3333334 -0.8196079 0.3019608 0.482353 -0.7647059 0.254902 0.5843138 -0.7098039 0.3333334 0.6156863 -0.7254902 0.4196079 0.5372549 -0.7019608 0.2156863 0.6862745 -0.6 0.2078432 0.7647059 -0.5921569 0.2392157 0.7647059 -0.6705883 0.2705883 0.6862745 -0.3725491 0.2627451 0.8823529 -0.2313726 0.309804 0.9137255 -0.2235295 0.3176471 0.9215686 -0.3568628 0.2392157 0.8980392 -0.5058824 0.2078432 0.8352941 -0.4901961 0.2156863 0.8431373 -0.2235295 0.4666667 0.8509804 -0.1843138 0.5294118 0.8196079 -0.1215687 0.772549 0.6156863 -0.2 0.8039216 0.5529412 -0.3254902 0.827451 0.4352942 -0.3960785 0.827451 0.3803922 -0.7411765 0.5294118 0.4117647 -0.772549 0.4431373 0.4431373 -0.254902 0.827451 0.482353 -0.1529412 0.6 0.7803922 -0.1137255 0.654902 0.7411765 -0.1215687 0.7098039 0.6862745 -0.4901961 0.8039216 0.3254902 -0.5607843 0.772549 0.2941177 -0.6156863 0.7176471 0.3176471 -0.6627451 0.6705883 0.3176471 -0.7098039 0.6 0.3490196 -0.7490196 0.3960785 0.5294118 -0.7176471 0.3333334 0.6078432 -0.6392157 0.3411765 0.6862745 -0.5843138 0.309804 0.7490196 -0.4117647 0.3411765 0.8431373 -0.2862746 0.3960785 0.8666667 -0.4980392 0.3333334 0.7960784 -0.309804 0.5137255 0.7882353 -0.2862746 0.5686275 0.7647059 -0.2156863 0.7411765 0.6313726 -0.2627451 0.7647059 0.5843138 -0.4352942 0.7803922 0.4431373 -0.6784314 0.5137255 0.5137255 -0.254902 0.6235294 0.7254902 -0.2392157 0.6627451 0.7019608 -0.2313726 0.7098039 0.6627451 -0.6 0.6784314 0.4117647 -0.6941177 0.4588236 0.5529412 -0.6392157 0.4509804 0.6156863 -0.6 0.4509804 0.6470588 -0.5450981 0.4509804 0.7019608 -0.4117647 0.4509804 0.7882353 -0.3490196 0.4666667 0.8039216 -0.482353 0.4509804 0.7411765 -0.3725491 0.6862745 0.6156863 -0.4352942 0.6941177 0.5686275 -0.5607843 0.6705883 0.4745098 -0.4509804 0.5137255 0.7254902 -0.5215687 0.5058824 0.6784314 -0.6235294 0.5215687 0.5764706 -0.2862746 0.7176471 0.6235294 -0.3019608 0.6784314 0.6627451 -0.3176471 0.6313726 0.6941177 -0.3568628 0.5686275 0.7333333 -0.3960785 0.5215687 0.7490196 -0.4588236 0.7333333 0.4901961 -0.4980392 0.6862745 0.5215687 -0.5215687 0.6392157 0.5529412 -0.5607843 0.5686275 0.6 -0.5764706 0.5137255 0.6313726</float_array>
                    <technique_common>
                        <accessor count="242" offset="0" source="Object_0-geometry-NORMAL-array" stride="3">
                            <param name="X" type="float" />
                            <param name="Y" type="float" />
                            <param name="Z" type="float" />
                        </accessor>
                    </technique_common>
                </source>
                <source id="Object_0-geometry-TEXCOORD">
                    <float_array id="Object_0-geometry-TEXCOORD-array" count="484">0.717778 1.917974 0.7456102 1.919439 0.7456102 1.900885 0.7192428 1.900396 0.800298 1.915533 0.820806 1.913092 0.8271537 1.901861 0.7993215 1.900396 0.8364311 1.871588 0.8344779 1.856451 0.8012746 1.856939 0.8017629 1.871099 0.7451219 1.856939 0.7182662 1.856939 0.7187545 1.870611 0.7451219 1.871099 0.5258822 1.843267 0.5766638 1.848638 0.5913123 1.827154 0.5459019 1.8169 0.6376994 1.974616 0.6616253 1.951666 0.6269571 1.937994 0.5918006 1.957037 0.803716 1.988776 0.7900441 1.96192 0.7456102 1.964362 0.7456102 1.991217 0.946295 1.81397 0.8994197 1.826177 0.9184628 1.848638 0.9711975 1.843267 0.7016646 1.960944 0.6894575 1.987311 0.5322299 1.903326 0.5820349 1.896002 0.5737341 1.871588 0.5214877 1.872076 0.558109 1.932623 0.601078 1.918463 0.9023495 1.95899 0.8667047 1.939459 0.8315482 1.953619 0.8579156 1.977057 0.966803 1.905279 0.9155331 1.897467 0.8960018 1.919928 0.9419005 1.934088 0.9799867 1.875005 0.9248105 1.873052 0.8588921 1.771001 0.8335013 1.793462 0.870611 1.807134 0.9072323 1.789556 0.747075 1.757329 0.7451219 1.782232 0.7910206 1.784673 0.8046926 1.760259 0.5781286 1.791021 0.6162148 1.807622 0.650883 1.792974 0.6225625 1.771489 0.6962935 1.784673 0.6826215 1.760259 0.6191446 1.853033 0.6293985 1.835943 0.6796918 1.932135 0.6538127 1.922369 0.7802784 1.938971 0.7456102 1.940436 0.8613335 1.835454 0.8735407 1.853521 0.7114303 1.938483 0.6230508 1.890142 0.6171914 1.871099 0.6357462 1.907721 0.8388725 1.923346 0.8125051 1.933111 0.8720758 1.891119 0.8584039 1.908697 0.8779352 1.872564 0.8144583 1.812017 0.8422905 1.821294 0.7446336 1.804204 0.7807667 1.806157 0.6460001 1.821294 0.6723675 1.811529 0.7070357 1.806157 0.6572307 1.856451 0.661137 1.84229 0.6914106 1.915045 0.671391 1.912115 0.7734424 1.918463 0.8291068 1.841802 0.6591839 1.886236 0.6562542 1.871099 0.6655316 1.900885 0.8335013 1.887213 0.8022512 1.827642 0.8237357 1.830572 0.7446336 1.824224 0.774419 1.825201 0.6660199 1.83106 0.6865278 1.827642 0.71436 1.825201 0.7192428 1.884771 0.7456102 1.88526 0.8007863 1.885748 0.7446336 1.841314 0.7172897 1.841802 0.800298 1.84229 0.6923872 1.899908 0.6914106 1.88526 0.6899458 1.871099 0.6894575 1.856939 0.6899458 1.842779 0.7719775 1.900885 0.7719775 1.88526 0.7719775 1.871099 0.7719775 1.856939 0.7719775 1.841802 0.2539079 1.900885 0.2539079 1.919439 0.2817401 1.917974 0.2802752 1.900396 0.1723644 1.901861 0.1787121 1.913092 0.19922 1.915533 0.2001966 1.900396 0.1982434 1.856939 0.1650401 1.856451 0.163087 1.871588 0.1977552 1.871099 0.2807635 1.870611 0.2812518 1.856939 0.2543961 1.856939 0.2543961 1.871099 0.4082057 1.827154 0.4228542 1.848638 0.4736358 1.843267 0.4536161 1.8169 0.3725609 1.937994 0.3378928 1.951666 0.3618187 1.974616 0.4077174 1.957037 0.2539079 1.964362 0.209474 1.96192 0.195802 1.988776 0.2539079 1.991217 0.0810552 1.848638 0.1000983 1.826177 0.05322299 1.81397 0.02832049 1.843267 0.2978534 1.960944 0.3100606 1.987311 0.4257839 1.871588 0.4174831 1.896002 0.4672881 1.903326 0.4780304 1.872076 0.39844 1.918463 0.4414091 1.932623 0.1679698 1.953619 0.1328133 1.939459 0.09716858 1.95899 0.1416025 1.977057 0.1035163 1.919928 0.0839849 1.897467 0.03271505 1.905279 0.05761755 1.934088 0.0747075 1.873052 0.01953137 1.875005 0.1289071 1.807134 0.1660167 1.793462 0.1406259 1.771001 0.09228574 1.789556 0.2084974 1.784673 0.2543961 1.782232 0.252443 1.757329 0.1948255 1.760259 0.348635 1.792974 0.3833032 1.807622 0.4213894 1.791021 0.3769555 1.771489 0.3032246 1.784673 0.3168965 1.760259 0.3701195 1.835943 0.3803735 1.853033 0.3457053 1.922369 0.3198262 1.932135 0.2539079 1.940436 0.2192397 1.938971 0.1259774 1.853521 0.1381845 1.835454 0.2880878 1.938483 0.3823266 1.871099 0.3764672 1.890142 0.3637718 1.907721 0.1870129 1.933111 0.1606455 1.923346 0.1411142 1.908697 0.1274422 1.891119 0.1215828 1.872564 0.1572276 1.821294 0.1850598 1.812017 0.2187514 1.806157 0.2548844 1.804204 0.3271505 1.811529 0.3535179 1.821294 0.2924823 1.806157 0.3383811 1.84229 0.3422873 1.856451 0.3281271 1.912115 0.3081074 1.915045 0.2260756 1.918463 0.1704112 1.841802 0.3432639 1.871099 0.3403342 1.886236 0.3339865 1.900885 0.1660167 1.887213 0.1757824 1.830572 0.1972669 1.827642 0.2250991 1.825201 0.2548844 1.824224 0.3129902 1.827642 0.3334982 1.83106 0.285158 1.825201 0.2802752 1.884771 0.2539079 1.88526 0.1987317 1.885748 0.2822284 1.841802 0.2548844 1.841314 0.19922 1.84229 0.3071308 1.899908 0.3081074 1.88526 0.3095723 1.871099 0.3100606 1.856939 0.3095723 1.842779 0.2275405 1.900885 0.2275405 1.88526 0.2275405 1.871099 0.2275405 1.856939 0.2275405 1.841802</float_array>
                    <technique_common>
                        <accessor count="242" offset="0" source="Object_0-geometry-TEXCOORD-array" stride="2">
                            <param name="S" type="float" />
                            <param name="T" type="float" />
                        </accessor>
                    </technique_common>
                </source>
                <vertices id="Object_0-vertices">
                    <input semantic="POSITION" source="#Object_0-geometry-POSITION" />
                </vertices>
                <triangles count="432" material="Eye">
                    <input semantic="VERTEX" source="#Object_0-vertices" offset="0" set="0" />
                    <input semantic="NORMAL" source="#Object_0-geometry-NORMAL" offset="1" set="0" />
                    <input semantic="TEXCOORD" source="#Object_0-geometry-TEXCOORD" offset="2" set="0" />
                    <p>2 2 2 1 1 1 0 0 0 3 3 3 2 2 2 0 0 0 0 0 0 1 1 1 69 69 69 69 69 69 1 1 1 68 68 68 69 69 69 68 68 68 25 25 25 26 26 26 69 69 69 25 25 25 26 26 26 25 25 25 24 24 24 27 27 27 26 26 26 24 24 24 32 32 32 26 26 26 27 27 27 33 33 33 32 32 32 27 27 27 21 21 21 32 32 32 33 33 33 20 20 20 21 21 21 33 33 33 22 22 22 21 21 21 20 20 20 23 23 23 22 22 22 20 20 20 39 39 39 22 22 22 23 23 23 38 38 38 39 39 39 23 23 23 35 35 35 39 39 39 38 38 38 34 34 34 35 35 35 38 38 38 36 36 36 35 35 35 34 34 34 37 37 37 36 36 36 34 34 34 24 24 24 25 25 25 43 43 43 25 25 25 42 42 42 43 43 43 25 25 25 68 68 68 42 42 42 43 43 43 42 42 42 40 40 40 42 42 42 41 41 41 40 40 40 40 40 40 41 41 41 47 47 47 41 41 41 46 46 46 47 47 47 47 47 47 46 46 46 44 44 44 46 46 46 45 45 45 44 44 44 44 44 44 45 45 45 48 48 48 45 45 45 49 49 49 48 48 48 48 48 48 49 49 49 31 31 31 49 49 49 30 30 30 31 31 31 31 31 31 30 30 30 28 28 28 30 30 30 29 29 29 28 28 28 28 28 28 29 29 29 53 53 53 29 29 29 52 52 52 53 53 53 53 53 53 52 52 52 50 50 50 52 52 52 51 51 51 50 50 50 50 50 50 51 51 51 57 57 57 51 51 51 56 56 56 57 57 57 57 57 57 56 56 56 54 54 54 56 56 56 55 55 55 54 54 54 17 17 17 36 36 36 37 37 37 16 16 16 17 17 17 37 37 37 18 18 18 17 17 17 16 16 16 19 19 19 18 18 18 16 16 16 59 59 59 18 18 18 19 19 19 58 58 58 59 59 59 19 19 19 60 60 60 59 59 59 58 58 58 61 61 61 60 60 60 58 58 58 62 62 62 60 60 60 61 61 61 63 63 63 62 62 62 61 61 61 55 55 55 62 62 62 63 63 63 54 54 54 55 55 55 63 63 63 18 18 18 65 65 65 17 17 17 65 65 65 64 64 64 17 17 17 17 17 17 64 64 64 36 36 36 30 30 30 71 71 71 29 29 29 71 71 71 70 70 70 29 29 29 29 29 29 70 70 70 52 52 52 80 80 80 71 71 71 30 30 30 49 49 49 80 80 80 30 30 30 78 78 78 80 80 80 49 49 49 45 45 45 78 78 78 49 49 49 79 79 79 78 78 78 45 45 45 46 46 46 79 79 79 45 45 45 76 76 76 79 79 79 46 46 46 41 41 41 76 76 76 46 46 46 77 77 77 76 76 76 41 41 41 42 42 42 77 77 77 41 41 41 68 68 68 77 77 77 42 42 42 70 70 70 82 82 82 52 52 52 52 52 52 82 82 82 51 51 51 82 82 82 81 81 81 51 51 51 51 51 51 81 81 81 56 56 56 56 56 56 84 84 84 55 55 55 81 81 81 84 84 84 56 56 56 84 84 84 83 83 83 55 55 55 64 64 64 74 74 74 36 36 36 36 36 36 74 74 74 35 35 35 74 74 74 73 73 73 35 35 35 35 35 35 73 73 73 39 39 39 73 73 73 75 75 75 39 39 39 39 39 39 75 75 75 22 22 22 75 75 75 67 67 67 22 22 22 22 22 22 67 67 67 21 21 21 67 67 67 66 66 66 21 21 21 21 21 21 66 66 66 32 32 32 66 66 66 72 72 72 32 32 32 32 32 32 72 72 72 26 26 26 72 72 72 69 69 69 26 26 26 55 55 55 83 83 83 62 62 62 83 83 83 87 87 87 62 62 62 62 62 62 87 87 87 60 60 60 87 87 87 86 86 86 60 60 60 60 60 60 86 86 86 59 59 59 86 86 86 85 85 85 59 59 59 59 59 59 85 85 85 18 18 18 85 85 85 65 65 65 18 18 18 65 65 65 89 89 89 64 64 64 89 89 89 88 88 88 64 64 64 64 64 64 88 88 88 74 74 74 67 67 67 91 91 91 66 66 66 91 91 91 90 90 90 66 66 66 66 66 66 90 90 90 72 72 72 72 72 72 0 0 0 69 69 69 90 90 90 0 0 0 72 72 72 96 96 96 91 91 91 67 67 67 75 75 75 96 96 96 67 67 67 94 94 94 96 96 96 75 75 75 73 73 73 94 94 94 75 75 75 95 95 95 94 94 94 73 73 73 74 74 74 95 95 95 73 73 73 88 88 88 95 95 95 74 74 74 86 86 86 103 103 103 85 85 85 103 103 103 102 102 102 85 85 85 102 102 102 89 89 89 65 65 65 85 85 85 102 102 102 65 65 65 104 104 104 103 103 103 86 86 86 87 87 87 104 104 104 86 86 86 100 100 100 104 104 104 87 87 87 83 83 83 100 100 100 87 87 87 101 101 101 100 100 100 83 83 83 84 84 84 101 101 101 83 83 83 98 98 98 101 101 101 84 84 84 81 81 81 98 98 98 84 84 84 99 99 99 98 98 98 81 81 81 82 82 82 99 99 99 81 81 81 93 93 93 99 99 99 82 82 82 70 70 70 93 93 93 82 82 82 9 9 9 93 93 93 70 70 70 71 71 71 9 9 9 70 70 70 8 8 8 9 9 9 71 71 71 10 10 10 9 9 9 8 8 8 9 9 9 10 10 10 93 93 93 11 11 11 10 10 10 8 8 8 80 80 80 8 8 8 71 71 71 97 97 97 8 8 8 80 80 80 78 78 78 97 97 97 80 80 80 6 6 6 97 97 97 78 78 78 79 79 79 6 6 6 78 78 78 5 5 5 6 6 6 79 79 79 6 6 6 5 5 5 4 4 4 7 7 7 6 6 6 4 4 4 4 4 4 5 5 5 76 76 76 76 76 76 5 5 5 79 79 79 77 77 77 4 4 4 76 76 76 92 92 92 4 4 4 77 77 77 7 7 7 4 4 4 92 92 92 68 68 68 92 92 92 77 77 77 1 1 1 92 92 92 68 68 68 107 107 107 11 11 11 8 8 8 97 97 97 107 107 107 8 8 8 6 6 6 7 7 7 107 107 107 97 97 97 6 6 6 107 107 107 10 10 10 110 110 110 93 93 93 110 110 110 98 98 98 99 99 99 93 93 93 110 110 110 99 99 99 116 116 116 92 92 92 1 1 1 116 116 116 7 7 7 92 92 92 2 2 2 116 116 116 1 1 1 116 116 116 2 2 2 106 106 106 105 105 105 106 106 106 2 2 2 106 106 106 105 105 105 15 15 15 105 105 105 14 14 14 15 15 15 15 15 15 14 14 14 12 12 12 14 14 14 13 13 13 12 12 12 3 3 3 105 105 105 2 2 2 12 12 12 13 13 13 108 108 108 13 13 13 109 109 109 108 108 108 108 108 108 109 109 109 100 100 100 109 109 109 104 104 104 100 100 100 112 112 112 105 105 105 3 3 3 111 111 111 112 112 112 3 3 3 111 111 111 3 3 3 90 90 90 3 3 3 0 0 0 90 90 90 105 105 105 112 112 112 113 113 113 14 14 14 105 105 105 113 113 113 14 14 14 113 113 113 114 114 114 13 13 13 14 14 14 114 114 114 13 13 13 114 114 114 115 115 115 109 109 109 13 13 13 115 115 115 109 109 109 115 115 115 103 103 103 104 104 104 109 109 109 103 103 103 117 117 117 116 116 116 106 106 106 117 117 117 106 106 106 15 15 15 7 7 7 116 116 116 117 117 117 118 118 118 117 117 117 15 15 15 15 15 15 12 12 12 118 118 118 12 12 12 119 119 119 118 118 118 119 119 119 12 12 12 108 108 108 120 120 120 119 119 119 108 108 108 120 120 120 108 108 108 100 100 100 101 101 101 120 120 120 100 100 100 107 107 107 7 7 7 117 117 117 107 107 107 117 117 117 118 118 118 11 11 11 107 107 107 118 118 118 118 118 118 119 119 119 11 11 11 119 119 119 10 10 10 11 11 11 10 10 10 119 119 119 120 120 120 110 110 110 10 10 10 120 120 120 110 110 110 120 120 120 101 101 101 98 98 98 110 110 110 101 101 101 113 113 113 112 112 112 95 95 95 112 112 112 94 94 94 95 95 95 94 94 94 112 112 112 111 111 111 96 96 96 94 94 94 111 111 111 96 96 96 111 111 111 91 91 91 111 111 111 90 90 90 91 91 91 113 113 113 95 95 95 88 88 88 114 114 114 113 113 113 88 88 88 114 114 114 88 88 88 89 89 89 115 115 115 114 114 114 89 89 89 115 115 115 89 89 89 102 102 102 103 103 103 115 115 115 102 102 102 123 123 123 122 122 122 121 121 121 124 124 124 123 123 123 121 121 121 189 189 189 122 122 122 123 123 123 189 189 189 190 190 190 122 122 122 146 146 146 190 190 190 189 189 189 145 145 145 146 146 146 189 189 189 147 147 147 146 146 146 145 145 145 148 148 148 147 147 147 145 145 145 148 148 148 145 145 145 153 153 153 154 154 154 148 148 148 153 153 153 154 154 154 153 153 153 142 142 142 143 143 143 154 154 154 142 142 142 143 143 143 142 142 142 141 141 141 144 144 144 143 143 143 141 141 141 144 144 144 141 141 141 159 159 159 160 160 160 144 144 144 159 159 159 160 160 160 159 159 159 156 156 156 157 157 157 160 160 160 156 156 156 157 157 157 156 156 156 155 155 155 158 158 158 157 157 157 155 155 155 147 147 147 164 164 164 146 146 146 164 164 164 161 161 161 146 146 146 146 146 146 161 161 161 190 190 190 164 164 164 163 163 163 161 161 161 163 163 163 162 162 162 161 161 161 163 163 163 168 168 168 162 162 162 168 168 168 165 165 165 162 162 162 168 168 168 167 167 167 165 165 165 167 167 167 166 166 166 165 165 165 167 167 167 170 170 170 166 166 166 170 170 170 169 169 169 166 166 166 170 170 170 152 152 152 169 169 169 152 152 152 149 149 149 169 169 169 152 152 152 151 151 151 149 149 149 151 151 151 150 150 150 149 149 149 151 151 151 174 174 174 150 150 150 174 174 174 171 171 171 150 150 150 174 174 174 173 173 173 171 171 171 173 173 173 172 172 172 171 171 171 173 173 173 178 178 178 172 172 172 178 178 178 175 175 175 172 172 172 178 178 178 177 177 177 175 175 175 177 177 177 176 176 176 175 175 175 177 177 177 184 184 184 176 176 176 184 184 184 183 183 183 176 176 176 184 184 184 182 182 182 183 183 183 182 182 182 179 179 179 183 183 183 182 182 182 181 181 181 179 179 179 181 181 181 180 180 180 179 179 179 181 181 181 140 140 140 180 180 180 140 140 140 137 137 137 180 180 180 140 140 140 139 139 139 137 137 137 139 139 139 138 138 138 137 137 137 139 139 139 158 158 158 138 138 138 158 158 158 155 155 155 138 138 138 137 137 137 138 138 138 185 185 185 138 138 138 186 186 186 185 185 185 138 138 138 155 155 155 186 186 186 149 149 149 150 150 150 191 191 191 150 150 150 192 192 192 191 191 191 150 150 150 171 171 171 192 192 192 149 149 149 191 191 191 201 201 201 169 169 169 149 149 149 201 201 201 169 169 169 201 201 201 200 200 200 166 166 166 169 169 169 200 200 200 166 166 166 200 200 200 199 199 199 165 165 165 166 166 166 199 199 199 165 165 165 199 199 199 198 198 198 162 162 162 165 165 165 198 198 198 162 162 162 198 198 198 197 197 197 161 161 161 162 162 162 197 197 197 161 161 161 197 197 197 190 190 190 171 171 171 202 202 202 192 192 192 171 171 171 172 172 172 202 202 202 172 172 172 203 203 203 202 202 202 172 172 172 175 175 175 203 203 203 175 175 175 204 204 204 203 203 203 175 175 175 176 176 176 204 204 204 176 176 176 205 205 205 204 204 204 155 155 155 194 194 194 186 186 186 155 155 155 156 156 156 194 194 194 156 156 156 195 195 195 194 194 194 156 156 156 159 159 159 195 195 195 159 159 159 196 196 196 195 195 195 159 159 159 141 141 141 196 196 196 141 141 141 187 187 187 196 196 196 141 141 141 142 142 142 187 187 187 142 142 142 188 188 188 187 187 187 142 142 142 153 153 153 188 188 188 153 153 153 193 193 193 188 188 188 153 153 153 145 145 145 193 193 193 145 145 145 189 189 189 193 193 193 176 176 176 183 183 183 205 205 205 183 183 183 208 208 208 205 205 205 183 183 183 179 179 179 208 208 208 179 179 179 206 206 206 208 208 208 179 179 179 180 180 180 206 206 206 180 180 180 207 207 207 206 206 206 180 180 180 137 137 137 207 207 207 137 137 137 185 185 185 207 207 207 185 185 185 186 186 186 209 209 209 186 186 186 210 210 210 209 209 209 186 186 186 194 194 194 210 210 210 187 187 187 188 188 188 211 211 211 188 188 188 212 212 212 211 211 211 188 188 188 193 193 193 212 212 212 193 193 193 189 189 189 123 123 123 193 193 193 123 123 123 212 212 212 187 187 187 211 211 211 217 217 217 196 196 196 187 187 187 217 217 217 196 196 196 217 217 217 216 216 216 195 195 195 196 196 196 216 216 216 195 195 195 216 216 216 215 215 215 194 194 194 195 195 195 215 215 215 194 194 194 215 215 215 210 210 210 206 206 206 207 207 207 223 223 223 207 207 207 224 224 224 223 223 223 185 185 185 209 209 209 224 224 224 207 207 207 185 185 185 224 224 224 206 206 206 223 223 223 225 225 225 208 208 208 206 206 206 225 225 225 208 208 208 225 225 225 222 222 222 205 205 205 208 208 208 222 222 222 205 205 205 222 222 222 221 221 221 204 204 204 205 205 205 221 221 221 204 204 204 221 221 221 220 220 220 203 203 203 204 204 204 220 220 220 203 203 203 220 220 220 219 219 219 202 202 202 203 203 203 219 219 219 202 202 202 219 219 219 214 214 214 192 192 192 202 202 202 214 214 214 192 192 192 214 214 214 130 130 130 191 191 191 192 192 192 130 130 130 191 191 191 130 130 130 131 131 131 131 131 131 130 130 130 129 129 129 130 130 130 214 214 214 129 129 129 132 132 132 131 131 131 129 129 129 201 201 201 191 191 191 131 131 131 201 201 201 131 131 131 218 218 218 200 200 200 201 201 201 218 218 218 200 200 200 218 218 218 125 125 125 199 199 199 200 200 200 125 125 125 199 199 199 125 125 125 126 126 126 127 127 127 126 126 126 125 125 125 128 128 128 127 127 127 125 125 125 198 198 198 126 126 126 127 127 127 198 198 198 199 199 199 126 126 126 197 197 197 198 198 198 127 127 127 197 197 197 127 127 127 213 213 213 213 213 213 127 127 127 128 128 128 190 190 190 197 197 197 213 213 213 190 190 190 213 213 213 122 122 122 131 131 131 132 132 132 228 228 228 218 218 218 131 131 131 228 228 228 228 228 228 128 128 128 125 125 125 218 218 218 228 228 228 125 125 125 214 214 214 231 231 231 129 129 129 219 219 219 220 220 220 231 231 231 214 214 214 219 219 219 231 231 231 122 122 122 213 213 213 237 237 237 237 237 237 213 213 213 128 128 128 121 121 121 122 122 122 237 237 237 227 227 227 121 121 121 237 237 237 121 121 121 227 227 227 226 226 226 227 227 227 136 136 136 226 226 226 136 136 136 133 133 133 226 226 226 136 136 136 135 135 135 133 133 133 135 135 135 134 134 134 133 133 133 124 124 124 121 121 121 226 226 226 135 135 135 230 230 230 134 134 134 230 230 230 229 229 229 134 134 134 230 230 230 222 222 222 229 229 229 222 222 222 225 225 225 229 229 229 124 124 124 226 226 226 233 233 233 232 232 232 124 124 124 233 233 233 232 232 232 212 212 212 124 124 124 212 212 212 123 123 123 124 124 124 234 234 234 233 233 233 226 226 226 133 133 133 234 234 234 226 226 226 235 235 235 234 234 234 133 133 133 134 134 134 235 235 235 133 133 133 236 236 236 235 235 235 134 134 134 229 229 229 236 236 236 134 134 134 223 223 223 236 236 236 229 229 229 225 225 225 223 223 223 229 229 229 238 238 238 227 227 227 237 237 237 136 136 136 227 227 227 238 238 238 238 238 238 237 237 237 128 128 128 239 239 239 136 136 136 238 238 238 136 136 136 239 239 239 135 135 135 239 239 239 240 240 240 135 135 135 230 230 230 135 135 135 240 240 240 241 241 241 230 230 230 240 240 240 222 222 222 230 230 230 241 241 241 221 221 221 222 222 222 241 241 241 228 228 228 238 238 238 128 128 128 239 239 239 238 238 238 228 228 228 132 132 132 239 239 239 228 228 228 239 239 239 132 132 132 240 240 240 132 132 132 129 129 129 240 240 240 241 241 241 240 240 240 129 129 129 231 231 231 241 241 241 129 129 129 221 221 221 241 241 241 231 231 231 220 220 220 221 221 221 231 231 231 234 234 234 215 215 215 233 233 233 215 215 215 216 216 216 233 233 233 232 232 232 233 233 233 216 216 216 217 217 217 232 232 232 216 216 216 217 217 217 211 211 211 232 232 232 211 211 211 212 212 212 232 232 232 210 210 210 215 215 215 234 234 234 235 235 235 210 210 210 234 234 234 209 209 209 210 210 210 235 235 235 236 236 236 209 209 209 235 235 235 224 224 224 209 209 209 236 236 236 223 223 223 224 224 224 236 236 236</p>
                </triangles>
            </mesh>
        </geometry>
        <geometry id="Object_1-geometry" name="Object_1">
            <mesh>
                <source id="Object_1-geometry-POSITION">
                    <float_array id="Object_1-geometry-POSITION-array" count="5049">0.00312 0.135158 -0.762732 0 0.13645 -0.762732 0 0.134458 -0.767109 0.001711 0.13375 -0.766785 0 0.125797 -0.762732 0.00312 0.127089 -0.762732 0.001711 0.128497 -0.766785 0 0.127788 -0.767109 0.004412 0.131423 -0.762732 0.00242 0.131423 -0.767109 0 0.131423 -0.767731 0.031344 0.131423 -0.170488 0.022319 0.15194 -0.184065 0.019711 0.150335 -0.194705 0.026745 0.131423 -0.194705 0.024748 0.109157 -0.149544 0.018912 0.112512 -0.194705 0 0.10281 -0.141666 0 0.106486 -0.194705 0 0.159841 -0.188716 0 0.158168 -0.194705 0.016281 0.148472 -0.228859 0.023025 0.131423 -0.228859 0.016281 0.114257 -0.228859 0 0.107513 -0.228859 0 0.155216 -0.228859 0.013294 0.131423 -0.467934 0.009401 0.141498 -0.467934 0.008764 0.140629 -0.502088 0.012394 0.131423 -0.502088 0.009401 0.120253 -0.467934 0.008764 0.12089 -0.502088 0 0.116359 -0.467934 0 0.11726 -0.502088 0 0.145392 -0.467934 0 0.144259 -0.502088 0.007604 0.140144 -0.536242 0.010754 0.131423 -0.536242 0.007604 0.121706 -0.536242 0 0.118557 -0.536242 0 0.143294 -0.536242 0.007188 0.139255 -0.570395 0.010166 0.131423 -0.570395 0.007188 0.122545 -0.570395 0 0.119568 -0.570395 0 0.142232 -0.570395 0.006904 0.138599 -0.604549 0.009764 0.131423 -0.604549 0.006904 0.12317 -0.604549 0 0.120311 -0.604549 0 0.141458 -0.604549 0.006222 0.137917 -0.638703 0.0088 0.131423 -0.638703 0.006222 0.123515 -0.638703 0 0.120938 -0.638703 0 0.140494 -0.638703 0.005706 0.13738 -0.672857 0.00807 0.131423 -0.672857 0.005706 0.124203 -0.672857 0 0.12184 -0.672857 0 0.139744 -0.672857 0.005052 0.136918 -0.70701 0.007144 0.131423 -0.70701 0.005052 0.12478 -0.70701 0 0.122687 -0.70701 0 0.139011 -0.70701 0.004544 0.136632 -0.741164 0.006426 0.131423 -0.741164 0.004544 0.125747 -0.741164 0 0.123865 -0.741164 0 0.138514 -0.741164 0.015434 0.146858 -0.263013 0.021828 0.131423 -0.263013 0.015434 0.115546 -0.263013 0 0.109153 -0.263013 0 0.153251 -0.263013 0.01419 0.145613 -0.297166 0.020067 0.131423 -0.297166 0.01419 0.116791 -0.297166 0 0.110914 -0.297166 0 0.15149 -0.297166 0.01295 0.144693 -0.33132 0.018313 0.131423 -0.33132 0.01295 0.117589 -0.33132 0 0.112225 -0.33132 0 0.150057 -0.33132 0.012075 0.143818 -0.365473 0.017076 0.131423 -0.365473 0.012075 0.118464 -0.365473 0 0.113462 -0.365473 0 0.148819 -0.365473 0.011097 0.143159 -0.399627 0.015693 0.131423 -0.399627 0.011097 0.118999 -0.399627 0 0.114403 -0.399627 0 0.147756 -0.399627 0.010655 0.142079 -0.433781 0.015069 0.131423 -0.433781 0.010655 0.119883 -0.433781 0 0.115469 -0.433781 0 0.146492 -0.433781 0 0.137547 -0.758004 0.003895 0.135933 -0.758004 0.005509 0.131423 -0.758004 0.003895 0.126313 -0.758004 0 0.1247 -0.758004 0.065271 0.063087 0.104597 0.080614 0.063809 0.093561 0.069835 0.059534 0.08042 0.060222 0.058877 0.084238 0.04203 0.057369 0.09115 0.046179 0.062106 0.112408 0.075269 0.071147 0.125978 0.094533 0.072041 0.109777 0.052893 0.070659 0.137201 0.024212 0.06122 0.117118 0.027438 0.070036 0.144356 0.021658 0.055968 0.096005 0 0.055404 0.09758 0 0.060643 0.118758 0 0.069768 0.146803 0.063116 0.08031 -0.094293 0.05763 0.073527 -0.07778 0.06792 0.073873 -0.071848 0.079448 0.07916 -0.081241 0.043718 0.081067 -0.102293 0.03991 0.072894 -0.083574 0.091216 0.087253 -0.090953 0.071872 0.089169 -0.108017 0.021705 0.081085 -0.105905 0 0.080886 -0.107363 0 0.072275 -0.089111 0.020388 0.072547 -0.087469 0.024259 0.090339 -0.121899 0 0.090066 -0.122811 0.048781 0.090061 -0.116918 0.05614 0.067057 -0.05807 0.071425 0.069307 -0.057092 0.057684 0.062015 -0.037791 0.073524 0.064876 -0.038817 0.038666 0.065781 -0.061907 0.038658 0.060664 -0.040219 0.058062 0.058769 -0.014966 0.058422 0.056277 0.004952 0.076215 0.059645 0.00551 0.075219 0.061694 -0.015575 0.039022 0.057165 -0.017723 0.039299 0.054344 0.004709 0.019516 0.056002 -0.019564 0 0.055544 -0.021064 0 0.052508 0.004603 0.019627 0.052965 0.004612 0.019441 0.05991 -0.042209 0 0.059546 -0.043408 0.019616 0.065308 -0.065742 0 0.065012 -0.066956 0.058187 0.05588 0.064878 0.075975 0.059021 0.068706 0.039847 0.054093 0.071249 0.058634 0.054645 0.045542 0.039485 0.05258 0.049366 0.076923 0.057991 0.048459 0.020285 0.052704 0.075519 0 0.052148 0.076612 0.0199 0.051148 0.054558 0 0.050649 0.05701 0.019816 0.051761 0.030414 0 0.051276 0.03242 0.039574 0.053171 0.026519 0.058577 0.055193 0.023484 0.076754 0.058536 0.025494 0.089183 0.075737 -0.06207 0.095595 0.072479 -0.042528 0.106518 0.084884 -0.070454 0.117314 0.08224 -0.047267 0.099699 0.069462 -0.018183 0.124312 0.07964 -0.019735 0.101755 0.06701 0.007375 0.12714 0.077324 0.009032 0.090519 0.064448 0.076204 0.099511 0.065049 0.055003 0.109163 0.072988 0.088411 0.103512 0.065921 0.029724 0.12591 0.075548 0.034974 0.119406 0.074125 0.062857 0.155853 0.090618 0.010665 0.187107 0.110515 0.013138 0.181354 0.113181 -0.023313 0.15169 0.093094 -0.021858 0.195365 0.184159 -0.108117 0.174413 0.145935 -0.100527 0.196852 0.14355 -0.064217 0.220827 0.18186 -0.069087 0.094396 0.17168 0.246913 0.137423 0.171937 0.224542 0.122964 0.133162 0.199493 0.084681 0.132765 0.219613 0.048081 0.171609 0.26049 0 0.171693 0.265183 0 0.218323 0.285742 0.051493 0.218235 0.280751 0.106235 0.104047 0.173254 0.089612 0.084035 0.147296 0.062147 0.08319 0.162922 0.073395 0.103325 0.191052 0.113462 0.150568 -0.153399 0.127094 0.18823 -0.167611 0.086417 0.19001 -0.186402 0.076439 0.152802 -0.169907 0.156618 0.133767 0.172676 0.175371 0.172464 0.194445 0.20617 0.172965 0.157362 0.183558 0.134442 0.139133 0.218777 0.139103 0.016107 0.246199 0.17768 0.019517 0.238083 0.179796 -0.025551 0.211871 0.141418 -0.024905 0.150394 0.11874 -0.09098 0.127187 0.098677 -0.080477 0.142063 0.09581 -0.052724 0.169074 0.11576 -0.058838 0.185231 0.108453 0.049759 0.154456 0.088672 0.041365 0.146213 0.087072 0.073076 0.175217 0.106797 0.086787 0.243365 0.175554 0.067836 0.216064 0.137049 0.058915 0.204281 0.13551 0.10102 0.229375 0.174107 0.114561 0 0.082324 0.17535 0 0.10265 0.206053 0.037415 0.102901 0.20185 0.031821 0.08261 0.172073 0.08411 0.103514 -0.122907 0.098799 0.124472 -0.138868 0.067341 0.127089 -0.154493 0.057612 0.105477 -0.1361 0.113541 0.084876 0.127655 0.135045 0.104729 0.149855 0.157996 0.10568 0.120478 0.132442 0.085882 0.102217 0.042452 0.191387 -0.197665 0.032655 0.155639 -0.181954 0.218719 0.278048 -0.114126 0.210442 0.228477 -0.114146 0.237729 0.226833 -0.072097 0.246877 0.277041 -0.071136 0.106532 0.269131 0.27389 0.152618 0.269428 0.25034 0.147468 0.218506 0.242784 0.101305 0.218353 0.266076 0.041882 0.45406 -0.167602 0.044922 0.416116 -0.185397 0.088477 0.416745 -0.173003 0.082189 0.454158 -0.155755 0.271853 0.272509 0.078419 0.262297 0.222258 0.074894 0.247146 0.221111 0.124637 0.25584 0.2718 0.129588 0 0.269113 0.294439 0.053544 0.269146 0.289336 0.136865 0.231816 -0.17812 0.141648 0.280906 -0.180702 0.097455 0.281739 -0.201352 0.093605 0.233395 -0.197678 0 0.37008 0.289107 0 0.414389 0.278547 0.050442 0.415317 0.273491 0.051638 0.370419 0.284155 0.104541 0.411015 0.258935 0.145784 0.404104 0.239721 0.148545 0.37021 0.245967 0.106899 0.370694 0.267371 0.182966 0.454979 -0.078102 0.198064 0.417098 -0.090808 0.222935 0.416681 -0.051451 0.205734 0.454689 -0.041109 0.226172 0.451192 0.083801 0.244581 0.413878 0.08363 0.231635 0.412135 0.128702 0.217098 0.447363 0.126002 0.129338 0.416848 -0.152607 0.119942 0.454659 -0.136202 0.05144 0.282224 -0.214333 0.048289 0.234658 -0.209782 0.247434 0.415069 0.037033 0.227982 0.453208 0.040133 0.221285 0.454076 -0.001082 0.239895 0.41597 -0.007884 0.265248 0.223171 0.022955 0.274765 0.274199 0.026165 0.266205 0.275352 -0.023724 0.256441 0.22514 -0.025451 0.179067 0.410428 0.209218 0.178261 0.439161 0.195992 0.200845 0.442982 0.163747 0.210277 0.411272 0.171131 0.188406 0.219397 0.21059 0.194727 0.269786 0.217766 0.229707 0.270617 0.176921 0.221975 0.219847 0.171281 0.109428 0.48621 -0.118456 0.098364 0.513911 -0.099583 0.067634 0.513751 -0.116062 0.075143 0.485741 -0.136553 0.120554 0.56371 0.049479 0.100975 0.574321 0.050502 0.097986 0.573665 0.031019 0.116785 0.563665 0.027881 0.148629 0.513871 -0.050989 0.166211 0.486692 -0.064699 0.186509 0.486615 -0.031044 0.166497 0.513557 -0.020729 0.15381 0.518503 0.139335 0.162116 0.525432 0.113355 0.180652 0.501793 0.122773 0.164525 0.503046 0.146937 0 0.444269 0.266403 0 0.465721 0.256623 0.046258 0.463617 0.254563 0.047041 0.441012 0.263716 0.065691 0.56438 -0.045307 0.056946 0.573924 -0.030049 0.039984 0.574941 -0.038162 0.045538 0.565138 -0.055707 0.03916 0.551725 0.183123 0.049942 0.544615 0.190826 0.048127 0.532029 0.205142 0.026582 0.544666 0.194433 0.02044 0.576124 -0.043361 0.023335 0.565872 -0.062152 0.08305 0.573213 -0.004767 0.098189 0.563485 -0.014355 0.108961 0.563229 0.005774 0.091895 0.57343 0.012329 0.206881 0.485275 0.043021 0.185153 0.511748 0.045146 0.179207 0.513008 0.012207 0.200341 0.486245 0.005719 0.03449 0.513594 -0.126403 0.03832 0.485533 -0.147888 0 0.320515 0.295356 0.053142 0.320497 0.290467 0.107777 0.321051 0.273933 0.151493 0.321061 0.251671 0.192387 0.321343 0.219168 0.227114 0.322115 0.178885 0.269551 0.323568 0.080959 0.253466 0.322842 0.132118 0.272494 0.324644 0.029367 0.264621 0.32555 -0.019989 0.217635 0.327259 -0.109912 0.245542 0.326657 -0.067083 0.141043 0.327894 -0.176462 0.096798 0.328059 -0.198133 0.04986 0.328167 -0.211211 0.047846 0.373599 -0.201249 0.093312 0.373897 -0.188249 0.136699 0.374328 -0.167139 0.209882 0.374163 -0.102103 0.236243 0.373603 -0.060702 0.261711 0.371804 0.033207 0.254331 0.372729 -0.014198 0.258958 0.370844 0.082928 0.243982 0.370069 0.131723 0.186282 0.370052 0.215368 0.219307 0.369601 0.1764 0.042997 0.132587 0.231947 0 0.132601 0.236476 0.199592 0.476564 0.122779 0.20609 0.482842 0.083592 0.026909 0.552263 -0.083313 0.052564 0.551921 -0.075437 0.075962 0.551289 -0.062602 0.114084 0.551416 -0.025662 0.127508 0.55095 -0.002164 0.141719 0.550187 0.048095 0.136518 0.550664 0.023528 0.171985 0.472215 0.173195 0.18904 0.467923 0.158172 0.180762 0.456057 0.181242 0.16913 0.459858 0.188216 0 0.486524 0.246012 0.034232 0.485254 0.24496 0.031821 0.08261 0.172073 0 0.082324 0.17535 0.062147 0.08319 0.162922 0.089612 0.084035 0.147296 0.113541 0.084876 0.127655 0.132442 0.085882 0.102217 0.146213 0.087072 0.073076 0.154456 0.088672 0.041365 0.155853 0.090618 0.010665 0.15169 0.093094 -0.021858 0.142063 0.09581 -0.052724 0.127187 0.098677 -0.080477 0.08411 0.103514 -0.122907 0.057612 0.105477 -0.1361 0.032043 0.106993 -0.143195 0.12491 0.545561 0.133289 0.119461 0.557413 0.11089 0.142906 0.543529 0.109357 0.140526 0.533045 0.134391 0.078547 0.56228 0.151061 0.073274 0.570807 0.135689 0.089565 0.570388 0.121058 0.093344 0.561012 0.141201 0.025561 0.523436 0.217357 0.049294 0.516929 0.21979 0.054705 0.500804 0.232285 0.028418 0.504202 0.233246 0 0.57655 -0.04513 0 0.566269 -0.064411 0 0.552635 -0.086159 0 0.51352 -0.130063 0 0.485427 -0.151788 0 0.453999 -0.17167 0 0.416105 -0.189567 0 0.373753 -0.205574 0 0.327944 -0.215565 0 0.282294 -0.21873 0 0.235122 -0.213962 0 0.192101 -0.202208 0 0.097454 -0.133306 0.107747 0.101324 -0.104109 0.107747 0.101324 -0.104109 0.126605 0.121675 -0.117131 0.146118 0.148114 -0.13025 0.163446 0.186246 -0.14169 0.176012 0.230126 -0.149743 0.183036 0.279613 -0.151033 0.182169 0.327826 -0.146764 0.175969 0.374454 -0.138203 0.166303 0.417126 -0.125119 0.153932 0.454948 -0.110059 0.140137 0.486551 -0.094189 0.125667 0.513992 -0.077606 0.096687 0.55116 -0.045879 0.083327 0.563609 -0.031529 0.071516 0.57329 -0.019026 0.121519 0.561978 0.078102 0.101393 0.573008 0.075844 0.100975 0.574321 0.050502 0.143631 0.547795 0.080255 0.185518 0.509659 0.083068 0.179067 0.410428 0.209218 0.186282 0.370052 0.215368 0.192387 0.321343 0.219168 0.194727 0.269786 0.217766 0.188406 0.219397 0.21059 0.175371 0.172464 0.194445 0.156618 0.133767 0.172676 0.135045 0.104729 0.149855 0.113541 0.084876 0.127655 0.105493 0.448998 0.247197 0.091444 0.437499 0.256097 0.07605 0.45282 0.254945 0.089657 0.458826 0.249051 0.075009 0.472198 0.246357 0.063187 0.485816 0.241296 0.123623 0.433385 0.243085 0.122985 0.44356 0.239742 0.139482 0.4426 0.228506 0.141903 0.432773 0.231102 0.156964 0.434027 0.21746 0.152567 0.444386 0.216702 0 0.505868 0.233264 0 0.525247 0.216551 0.022919 0.564599 0.165916 0.043303 0.564993 0.163108 0.065797 0.560383 0.162636 0.058875 0.569276 0.148272 0.099368 0.571205 0.097822 0 0.545499 0.194007 0 0.565233 0.166086 0.056597 0.553736 0.17642 0.106098 0.562455 0.121308 0.162397 0.450257 0.203019 0.05453 0.578269 0.130198 0.051483 0.583803 0.115921 0.061245 0.582518 0.112757 0.067149 0.578627 0.121174 0.040071 0.57798 0.137513 0.037748 0.585194 0.120092 0.020551 0.578408 0.140558 0 0.578618 0.14228 0 0.586971 0.122889 0.019051 0.586514 0.122363 0.050588 0.587687 0.102918 0.063516 0.584239 0.102616 0.050515 0.590224 0.08769 0.065889 0.586123 0.088759 0.036592 0.590054 0.103986 0.035937 0.592999 0.087653 0.051535 0.591567 0.071117 0.051727 0.592343 0.0522 0.067101 0.587996 0.051869 0.06689 0.587493 0.071726 0.035574 0.594686 0.070887 0.035594 0.595394 0.052427 0.017871 0.596524 0.07094 0 0.597602 0.070988 0 0.598285 0.052614 0.01781 0.597269 0.052588 0.01796 0.594678 0.088002 0 0.595542 0.088346 0.018408 0.591633 0.105015 0 0.592294 0.105586 0.047251 0.588173 0.006288 0.046984 0.584962 -0.006069 0.056221 0.583477 -0.003162 0.059879 0.584798 0.005835 0.034596 0.590134 0.005412 0.034859 0.586587 -0.008933 0.04942 0.590217 0.020294 0.034822 0.592979 0.020219 0.063085 0.586505 0.019253 0.017678 0.592004 0.004341 0 0.592505 0.00409 0 0.588736 -0.011996 0.018176 0.58833 -0.011228 0.017491 0.594695 0.019879 0 0.595427 0.019772 0.017639 0.596505 0.035009 0.01781 0.597269 0.052588 0 0.598285 0.052614 0 0.597338 0.034902 0.035056 0.594728 0.035139 0.035594 0.595394 0.052427 0.050929 0.591532 0.034882 0.065807 0.587596 0.034324 0.067101 0.587996 0.051869 0.051727 0.592343 0.0522 0.051043 0.580552 -0.017868 0.062404 0.579577 -0.009725 0.036738 0.581887 -0.023533 0.018971 0.582993 -0.027335 0 0.583335 -0.028638 0.070709 0.579979 0.00146 0.07658 0.580903 0.016479 0.080581 0.58194 0.033177 0.082617 0.582506 0.051362 0.075608 0.579119 0.107925 0.080594 0.580487 0.091773 0.082437 0.581877 0.073391 0.082617 0.582506 0.051362 0.182169 0.48694 0.146923 0.170497 0.48721 0.159053 0.109447 0.554944 0.135299 0.030727 0.534791 -0.104834 0 0.534765 -0.108112 0.060108 0.534868 -0.095757 0.087242 0.53482 -0.081156 0.111233 0.53482 -0.061604 0.131272 0.53482 -0.03795 0.146808 0.53482 -0.011142 0.157114 0.53482 0.018172 0.162548 0.533702 0.046878 0.164233 0.530934 0.081826 0.179067 0.410428 0.209218 0.210277 0.411272 0.171131 0.231635 0.412135 0.128702 0.244581 0.413878 0.08363 0.247434 0.415069 0.037033 0.239895 0.41597 -0.007884 0.222935 0.416681 -0.051451 0.198064 0.417098 -0.090808 0.166303 0.417126 -0.125119 0.129338 0.416848 -0.152607 0.088477 0.416745 -0.173003 0.044922 0.416116 -0.185397 0 0.416105 -0.189567 0.161081 0.421989 0.22149 0.091444 0.437499 0.256097 0.123623 0.433385 0.243085 0.123485 0.421973 0.247463 0.047041 0.441012 0.263716 0 0.444269 0.266403 0.141903 0.432773 0.231102 0.143877 0.420615 0.235065 0.156964 0.434027 0.21746 0.161081 0.421989 0.22149 0.04025 0.129133 -0.163334 0.032043 0.106993 -0.143195 0 0.173872 -0.19507 0 0.159841 -0.188716 0.022319 0.15194 -0.184065 0.031344 0.131423 -0.170488 0.024748 0.109157 -0.149544 0 0.10281 -0.141666 0 0.097454 -0.133306 -0.00312 0.135158 -0.762732 -0.001711 0.13375 -0.766785 -0.001711 0.128497 -0.766785 -0.00312 0.127089 -0.762732 0 0.125797 -0.762732 0 0.127788 -0.767109 -0.00242 0.131423 -0.767109 -0.004412 0.131423 -0.762732 0 0.131423 -0.767731 -0.019711 0.150335 -0.194705 -0.022319 0.15194 -0.184065 -0.031344 0.131423 -0.170488 -0.026745 0.131423 -0.194705 -0.024748 0.109157 -0.149544 -0.018912 0.112512 -0.194705 0 0.10281 -0.141666 0 0.106486 -0.194705 -0.016281 0.148472 -0.228859 -0.023025 0.131423 -0.228859 -0.016281 0.114257 -0.228859 0 0.107513 -0.228859 -0.008764 0.140629 -0.502088 -0.009401 0.141498 -0.467934 -0.013294 0.131423 -0.467934 -0.012394 0.131423 -0.502088 -0.009401 0.120253 -0.467934 -0.008764 0.12089 -0.502088 0 0.116359 -0.467934 0 0.11726 -0.502088 -0.007604 0.140144 -0.536242 -0.010754 0.131423 -0.536242 -0.007604 0.121706 -0.536242 0 0.118557 -0.536242 -0.007188 0.139255 -0.570395 -0.010166 0.131423 -0.570395 -0.007188 0.122545 -0.570395 0 0.119568 -0.570395 -0.006904 0.138599 -0.604549 -0.009764 0.131423 -0.604549 -0.006904 0.12317 -0.604549 0 0.120311 -0.604549 -0.006222 0.137917 -0.638703 -0.0088 0.131423 -0.638703 -0.006222 0.123515 -0.638703 0 0.120938 -0.638703 -0.005706 0.13738 -0.672857 -0.00807 0.131423 -0.672857 -0.005706 0.124203 -0.672857 0 0.12184 -0.672857 -0.005052 0.136918 -0.70701 -0.007144 0.131423 -0.70701 -0.005052 0.12478 -0.70701 0 0.122687 -0.70701 -0.004544 0.136632 -0.741164 -0.006426 0.131423 -0.741164 -0.004544 0.125747 -0.741164 0 0.123865 -0.741164 -0.015434 0.146858 -0.263013 -0.021828 0.131423 -0.263013 -0.015434 0.115546 -0.263013 0 0.109153 -0.263013 -0.01419 0.145613 -0.297166 -0.020067 0.131423 -0.297166 -0.01419 0.116791 -0.297166 0 0.110914 -0.297166 -0.01295 0.144693 -0.33132 -0.018313 0.131423 -0.33132 -0.01295 0.117589 -0.33132 0 0.112225 -0.33132 -0.012075 0.143818 -0.365473 -0.017076 0.131423 -0.365473 -0.012075 0.118464 -0.365473 0 0.113462 -0.365473 -0.011097 0.143159 -0.399627 -0.015693 0.131423 -0.399627 -0.011097 0.118999 -0.399627 0 0.114403 -0.399627 -0.010655 0.142079 -0.433781 -0.015069 0.131423 -0.433781 -0.010655 0.119883 -0.433781 0 0.115469 -0.433781 -0.003895 0.135933 -0.758004 -0.005509 0.131423 -0.758004 -0.003895 0.126313 -0.758004 0 0.1247 -0.758004 -0.069835 0.059534 0.08042 -0.080614 0.063809 0.093561 -0.065271 0.063087 0.104597 -0.060222 0.058877 0.084238 -0.04203 0.057369 0.09115 -0.046179 0.062106 0.112408 -0.075269 0.071147 0.125978 -0.094533 0.072041 0.109777 -0.052893 0.070659 0.137201 -0.027438 0.070036 0.144356 -0.024212 0.06122 0.117118 -0.021658 0.055968 0.096005 -0.06792 0.073873 -0.071848 -0.05763 0.073527 -0.07778 -0.063116 0.08031 -0.094293 -0.079448 0.07916 -0.081241 -0.03991 0.072894 -0.083574 -0.043718 0.081067 -0.102293 -0.071872 0.089169 -0.108017 -0.091216 0.087253 -0.090953 -0.021705 0.081085 -0.105905 -0.020388 0.072547 -0.087469 -0.024259 0.090339 -0.121899 -0.048781 0.090061 -0.116918 -0.071425 0.069307 -0.057092 -0.05614 0.067057 -0.05807 -0.073524 0.064876 -0.038817 -0.057684 0.062015 -0.037791 -0.038658 0.060664 -0.040219 -0.038666 0.065781 -0.061907 -0.076215 0.059645 0.00551 -0.058422 0.056277 0.004952 -0.058062 0.058769 -0.014966 -0.075219 0.061694 -0.015575 -0.039299 0.054344 0.004709 -0.039022 0.057165 -0.017723 -0.019516 0.056002 -0.019564 -0.019627 0.052965 0.004612 -0.019441 0.05991 -0.042209 -0.019616 0.065308 -0.065742 -0.058187 0.05588 0.064878 -0.075975 0.059021 0.068706 -0.039847 0.054093 0.071249 -0.039485 0.05258 0.049366 -0.058634 0.054645 0.045542 -0.076923 0.057991 0.048459 -0.020285 0.052704 0.075519 -0.0199 0.051148 0.054558 -0.019816 0.051761 0.030414 -0.039574 0.053171 0.026519 -0.076754 0.058536 0.025494 -0.058577 0.055193 0.023484 -0.089183 0.075737 -0.06207 -0.095595 0.072479 -0.042528 -0.106518 0.084884 -0.070454 -0.117314 0.08224 -0.047267 -0.124312 0.07964 -0.019735 -0.099699 0.069462 -0.018183 -0.101755 0.06701 0.007375 -0.12714 0.077324 0.009032 -0.090519 0.064448 0.076204 -0.099511 0.065049 0.055003 -0.109163 0.072988 0.088411 -0.103512 0.065921 0.029724 -0.12591 0.075548 0.034974 -0.119406 0.074125 0.062857 -0.181354 0.113181 -0.023313 -0.187107 0.110515 0.013138 -0.155853 0.090618 0.010665 -0.15169 0.093094 -0.021858 -0.196852 0.14355 -0.064217 -0.174413 0.145935 -0.100527 -0.195365 0.184159 -0.108117 -0.220827 0.18186 -0.069087 -0.122964 0.133162 0.199493 -0.137423 0.171937 0.224542 -0.094396 0.17168 0.246913 -0.084681 0.132765 0.219613 -0.048081 0.171609 0.26049 -0.051493 0.218235 0.280751 -0.062147 0.08319 0.162922 -0.089612 0.084035 0.147296 -0.106235 0.104047 0.173254 -0.073395 0.103325 0.191052 -0.086417 0.19001 -0.186402 -0.127094 0.18823 -0.167611 -0.113462 0.150568 -0.153399 -0.076439 0.152802 -0.169907 -0.20617 0.172965 0.157362 -0.175371 0.172464 0.194445 -0.156618 0.133767 0.172676 -0.183558 0.134442 0.139133 -0.238083 0.179796 -0.025551 -0.246199 0.17768 0.019517 -0.218777 0.139103 0.016107 -0.211871 0.141418 -0.024905 -0.142063 0.09581 -0.052724 -0.127187 0.098677 -0.080477 -0.150394 0.11874 -0.09098 -0.169074 0.11576 -0.058838 -0.146213 0.087072 0.073076 -0.154456 0.088672 0.041365 -0.185231 0.108453 0.049759 -0.175217 0.106797 0.086787 -0.204281 0.13551 0.10102 -0.216064 0.137049 0.058915 -0.243365 0.175554 0.067836 -0.229375 0.174107 0.114561 -0.037415 0.102901 0.20185 -0.031821 0.08261 0.172073 -0.067341 0.127089 -0.154493 -0.098799 0.124472 -0.138868 -0.08411 0.103514 -0.122907 -0.057612 0.105477 -0.1361 -0.157996 0.10568 0.120478 -0.135045 0.104729 0.149855 -0.113541 0.084876 0.127655 -0.132442 0.085882 0.102217 -0.042452 0.191387 -0.197665 -0.032655 0.155639 -0.181954 -0.237729 0.226833 -0.072097 -0.210442 0.228477 -0.114146 -0.218719 0.278048 -0.114126 -0.246877 0.277041 -0.071136 -0.147468 0.218506 0.242784 -0.152618 0.269428 0.25034 -0.106532 0.269131 0.27389 -0.101305 0.218353 0.266076 -0.088477 0.416745 -0.173003 -0.044922 0.416116 -0.185397 -0.041882 0.45406 -0.167602 -0.082189 0.454158 -0.155755 -0.247146 0.221111 0.124637 -0.262297 0.222258 0.074894 -0.271853 0.272509 0.078419 -0.25584 0.2718 0.129588 -0.053544 0.269146 0.289336 -0.097455 0.281739 -0.201352 -0.141648 0.280906 -0.180702 -0.136865 0.231816 -0.17812 -0.093605 0.233395 -0.197678 -0.050442 0.415317 0.273491 -0.051638 0.370419 0.284155 -0.148545 0.37021 0.245967 -0.145784 0.404104 0.239721 -0.104541 0.411015 0.258935 -0.106899 0.370694 0.267371 -0.222935 0.416681 -0.051451 -0.198064 0.417098 -0.090808 -0.182966 0.454979 -0.078102 -0.205734 0.454689 -0.041109 -0.231635 0.412135 0.128702 -0.244581 0.413878 0.08363 -0.226172 0.451192 0.083801 -0.217098 0.447363 0.126002 -0.119942 0.454659 -0.136202 -0.129338 0.416848 -0.152607 -0.048289 0.234658 -0.209782 -0.05144 0.282224 -0.214333 -0.221285 0.454076 -0.001082 -0.227982 0.453208 0.040133 -0.247434 0.415069 0.037033 -0.239895 0.41597 -0.007884 -0.266205 0.275352 -0.023724 -0.274765 0.274199 0.026165 -0.265248 0.223171 0.022955 -0.256441 0.22514 -0.025451 -0.200845 0.442982 0.163747 -0.178261 0.439161 0.195992 -0.179067 0.410428 0.209218 -0.210277 0.411272 0.171131 -0.229707 0.270617 0.176921 -0.194727 0.269786 0.217766 -0.188406 0.219397 0.21059 -0.221975 0.219847 0.171281 -0.067634 0.513751 -0.116062 -0.098364 0.513911 -0.099583 -0.109428 0.48621 -0.118456 -0.075143 0.485741 -0.136553 -0.097986 0.573665 0.031019 -0.100975 0.574321 0.050502 -0.120554 0.56371 0.049479 -0.116785 0.563665 0.027881 -0.186509 0.486615 -0.031044 -0.166211 0.486692 -0.064699 -0.148629 0.513871 -0.050989 -0.166497 0.513557 -0.020729 -0.180652 0.501793 0.122773 -0.162116 0.525432 0.113355 -0.15381 0.518503 0.139335 -0.164525 0.503046 0.146937 -0.046258 0.463617 0.254563 -0.047041 0.441012 0.263716 -0.039984 0.574941 -0.038162 -0.056946 0.573924 -0.030049 -0.065691 0.56438 -0.045307 -0.045538 0.565138 -0.055707 -0.048127 0.532029 0.205142 -0.049942 0.544615 0.190826 -0.03916 0.551725 0.183123 -0.026582 0.544666 0.194433 -0.023335 0.565872 -0.062152 -0.02044 0.576124 -0.043361 -0.108961 0.563229 0.005774 -0.098189 0.563485 -0.014355 -0.08305 0.573213 -0.004767 -0.091895 0.57343 0.012329 -0.179207 0.513008 0.012207 -0.185153 0.511748 0.045146 -0.206881 0.485275 0.043021 -0.200341 0.486245 0.005719 -0.03832 0.485533 -0.147888 -0.03449 0.513594 -0.126403 -0.053142 0.320497 0.290467 -0.151493 0.321061 0.251671 -0.107777 0.321051 0.273933 -0.227114 0.322115 0.178885 -0.192387 0.321343 0.219168 -0.269551 0.323568 0.080959 -0.253466 0.322842 0.132118 -0.264621 0.32555 -0.019989 -0.272494 0.324644 0.029367 -0.217635 0.327259 -0.109912 -0.245542 0.326657 -0.067083 -0.096798 0.328059 -0.198133 -0.141043 0.327894 -0.176462 -0.04986 0.328167 -0.211211 -0.047846 0.373599 -0.201249 -0.093312 0.373897 -0.188249 -0.136699 0.374328 -0.167139 -0.209882 0.374163 -0.102103 -0.236243 0.373603 -0.060702 -0.254331 0.372729 -0.014198 -0.261711 0.371804 0.033207 -0.258958 0.370844 0.082928 -0.243982 0.370069 0.131723 -0.219307 0.369601 0.1764 -0.186282 0.370052 0.215368 -0.042997 0.132587 0.231947 -0.20609 0.482842 0.083592 -0.199592 0.476564 0.122779 -0.052564 0.551921 -0.075437 -0.026909 0.552263 -0.083313 -0.075962 0.551289 -0.062602 -0.127508 0.55095 -0.002164 -0.114084 0.551416 -0.025662 -0.141719 0.550187 0.048095 -0.136518 0.550664 0.023528 -0.180762 0.456057 0.181242 -0.18904 0.467923 0.158172 -0.171985 0.472215 0.173195 -0.16913 0.459858 0.188216 -0.034232 0.485254 0.24496 -0.031821 0.08261 0.172073 -0.089612 0.084035 0.147296 -0.062147 0.08319 0.162922 -0.113541 0.084876 0.127655 -0.132442 0.085882 0.102217 -0.146213 0.087072 0.073076 -0.154456 0.088672 0.041365 -0.155853 0.090618 0.010665 -0.15169 0.093094 -0.021858 -0.142063 0.09581 -0.052724 -0.127187 0.098677 -0.080477 -0.057612 0.105477 -0.1361 -0.08411 0.103514 -0.122907 -0.032043 0.106993 -0.143195 -0.142906 0.543529 0.109357 -0.119461 0.557413 0.11089 -0.12491 0.545561 0.133289 -0.140526 0.533045 0.134391 -0.089565 0.570388 0.121058 -0.073274 0.570807 0.135689 -0.078547 0.56228 0.151061 -0.093344 0.561012 0.141201 -0.054705 0.500804 0.232285 -0.049294 0.516929 0.21979 -0.025561 0.523436 0.217357 -0.028418 0.504202 0.233246 0 0.566269 -0.064411 0 0.57655 -0.04513 0 0.552635 -0.086159 0 0.485427 -0.151788 0 0.51352 -0.130063 0 0.453999 -0.17167 0 0.416105 -0.189567 -0.107747 0.101324 -0.104109 -0.126605 0.121675 -0.117131 -0.107747 0.101324 -0.104109 -0.146118 0.148114 -0.13025 -0.163446 0.186246 -0.14169 -0.176012 0.230126 -0.149743 -0.183036 0.279613 -0.151033 -0.182169 0.327826 -0.146764 -0.175969 0.374454 -0.138203 -0.153932 0.454948 -0.110059 -0.166303 0.417126 -0.125119 -0.140137 0.486551 -0.094189 -0.125667 0.513992 -0.077606 -0.083327 0.563609 -0.031529 -0.096687 0.55116 -0.045879 -0.071516 0.57329 -0.019026 -0.100975 0.574321 0.050502 -0.101393 0.573008 0.075844 -0.121519 0.561978 0.078102 -0.143631 0.547795 0.080255 -0.185518 0.509659 0.083068 -0.179067 0.410428 0.209218 -0.186282 0.370052 0.215368 -0.192387 0.321343 0.219168 -0.194727 0.269786 0.217766 -0.188406 0.219397 0.21059 -0.175371 0.172464 0.194445 -0.156618 0.133767 0.172676 -0.135045 0.104729 0.149855 -0.113541 0.084876 0.127655 -0.07605 0.45282 0.254945 -0.091444 0.437499 0.256097 -0.105493 0.448998 0.247197 -0.089657 0.458826 0.249051 -0.075009 0.472198 0.246357 -0.063187 0.485816 0.241296 -0.139482 0.4426 0.228506 -0.122985 0.44356 0.239742 -0.123623 0.433385 0.243085 -0.141903 0.432773 0.231102 -0.156964 0.434027 0.21746 -0.152567 0.444386 0.216702 -0.022919 0.564599 0.165916 -0.043303 0.564993 0.163108 -0.065797 0.560383 0.162636 -0.058875 0.569276 0.148272 -0.099368 0.571205 0.097822 -0.056597 0.553736 0.17642 -0.106098 0.562455 0.121308 -0.162397 0.450257 0.203019 -0.061245 0.582518 0.112757 -0.051483 0.583803 0.115921 -0.05453 0.578269 0.130198 -0.067149 0.578627 0.121174 -0.037748 0.585194 0.120092 -0.040071 0.57798 0.137513 -0.020551 0.578408 0.140558 -0.019051 0.586514 0.122363 -0.063516 0.584239 0.102616 -0.050588 0.587687 0.102918 -0.065889 0.586123 0.088759 -0.050515 0.590224 0.08769 -0.035937 0.592999 0.087653 -0.036592 0.590054 0.103986 -0.067101 0.587996 0.051869 -0.051727 0.592343 0.0522 -0.051535 0.591567 0.071117 -0.06689 0.587493 0.071726 -0.035594 0.595394 0.052427 -0.035574 0.594686 0.070887 -0.017871 0.596524 0.07094 -0.01781 0.597269 0.052588 -0.01796 0.594678 0.088002 -0.018408 0.591633 0.105015 -0.056221 0.583477 -0.003162 -0.046984 0.584962 -0.006069 -0.047251 0.588173 0.006288 -0.059879 0.584798 0.005835 -0.034859 0.586587 -0.008933 -0.034596 0.590134 0.005412 -0.034822 0.592979 0.020219 -0.04942 0.590217 0.020294 -0.063085 0.586505 0.019253 0 0.588736 -0.011996 0 0.592505 0.00409 -0.017678 0.592004 0.004341 -0.018176 0.58833 -0.011228 0 0.595427 0.019772 -0.017491 0.594695 0.019879 0 0.598285 0.052614 -0.01781 0.597269 0.052588 -0.017639 0.596505 0.035009 0 0.597338 0.034902 -0.035594 0.595394 0.052427 -0.035056 0.594728 0.035139 -0.067101 0.587996 0.051869 -0.065807 0.587596 0.034324 -0.050929 0.591532 0.034882 -0.051727 0.592343 0.0522 -0.062404 0.579577 -0.009725 -0.051043 0.580552 -0.017868 -0.036738 0.581887 -0.023533 -0.018971 0.582993 -0.027335 0 0.583335 -0.028638 -0.070709 0.579979 0.00146 -0.07658 0.580903 0.016479 -0.082617 0.582506 0.051362 -0.080581 0.58194 0.033177 -0.075608 0.579119 0.107925 -0.080594 0.580487 0.091773 -0.082437 0.581877 0.073391 -0.082617 0.582506 0.051362 -0.182169 0.48694 0.146923 -0.170497 0.48721 0.159053 -0.109447 0.554944 0.135299 0 0.534765 -0.108112 -0.030727 0.534791 -0.104834 -0.060108 0.534868 -0.095757 -0.087242 0.53482 -0.081156 -0.111233 0.53482 -0.061604 -0.131272 0.53482 -0.03795 -0.146808 0.53482 -0.011142 -0.157114 0.53482 0.018172 -0.162548 0.533702 0.046878 -0.164233 0.530934 0.081826 -0.210277 0.411272 0.171131 -0.179067 0.410428 0.209218 -0.231635 0.412135 0.128702 -0.244581 0.413878 0.08363 -0.247434 0.415069 0.037033 -0.239895 0.41597 -0.007884 -0.222935 0.416681 -0.051451 -0.198064 0.417098 -0.090808 -0.166303 0.417126 -0.125119 -0.129338 0.416848 -0.152607 -0.088477 0.416745 -0.173003 -0.044922 0.416116 -0.185397 -0.161081 0.421989 0.22149 -0.123485 0.421973 0.247463 -0.123623 0.433385 0.243085 -0.091444 0.437499 0.256097 -0.047041 0.441012 0.263716 -0.143877 0.420615 0.235065 -0.141903 0.432773 0.231102 -0.161081 0.421989 0.22149 -0.156964 0.434027 0.21746 -0.04025 0.129133 -0.163334 -0.032043 0.106993 -0.143195 -0.022319 0.15194 -0.184065 -0.031344 0.131423 -0.170488 -0.024748 0.109157 -0.149544 -0.155671 0.058337 -0.027347 -0.152652 0.067847 -0.024609 -0.158093 0.067832 -0.01515 -0.1619 0.05833 -0.016516 -0.145765 0.058372 -0.034968 -0.144002 0.067929 -0.031257 -0.133705 0.058416 -0.038214 -0.133474 0.068031 -0.034082 -0.121336 0.058418 -0.036607 -0.122669 0.068036 -0.032678 -0.110538 0.058469 -0.030394 -0.113234 0.068161 -0.027242 -0.122669 0.068036 -0.032678 -0.121336 0.058418 -0.036607 -0.102946 0.058539 -0.020543 -0.106597 0.068325 -0.018618 -0.099668 0.058567 -0.00852 -0.103754 0.068364 -0.008112 -0.159493 0.067843 -0.004328 -0.163509 0.058332 -0.004124 -0.105024 0.104269 -0.007963 -0.107734 0.104269 -0.018 -0.114078 0.104269 -0.026237 -0.123091 0.104269 -0.031418 -0.123091 0.104269 -0.031418 -0.133401 0.104269 -0.032756 -0.143438 0.104269 -0.030047 -0.151674 0.104269 -0.023703 -0.156856 0.104269 -0.01469 -0.158194 0.104269 -0.00438 -0.133287 0.049877 -0.043009 -0.133705 0.058416 -0.038214 -0.145765 0.058372 -0.034968 -0.14669 0.049993 -0.0414 -0.119971 0.050098 -0.041116 -0.121336 0.058418 -0.036607 -0.155671 0.058337 -0.027347 -0.158277 0.050193 -0.035608 -0.1619 0.05833 -0.016516 -0.168221 0.050092 -0.024364 -0.235902 0.022523 0.169946 -0.233338 0.009235 0.16884 -0.236883 0.0098 0.146628 -0.239962 0.022911 0.146708 -0.22413 0.00298 0.163097 -0.226589 0.00298 0.146349 -0.235363 0.035381 0.146499 -0.232059 0.035472 0.170038 -0.116789 0.027619 -0.051036 -0.132237 0.027578 -0.053716 -0.132066 0.012701 -0.051759 -0.117389 0.012544 -0.049509 -0.147722 0.027655 -0.052384 -0.146518 0.012904 -0.049725 -0.144556 0.00298 -0.041434 -0.13179 0.00298 -0.043091 -0.119897 0.00298 -0.041447 -0.132237 0.027578 -0.053716 -0.132547 0.040572 -0.049783 -0.147298 0.040758 -0.048465 -0.116789 0.027619 -0.051036 -0.11804 0.040612 -0.047346 -0.163172 0.027908 -0.045267 -0.161423 0.040928 -0.042517 -0.17359 0.041039 -0.031105 -0.175874 0.027901 -0.034701 -0.161782 0.0128 -0.041765 -0.174389 0.012803 -0.031202 -0.168835 0.00298 -0.024275 -0.157105 0.00298 -0.035099 -0.236921 0.023506 0.112205 -0.232421 0.036136 0.113718 -0.233762 0.010308 0.112482 -0.223122 0.00298 0.113688 -0.18763 0.027482 -0.017988 -0.184302 0.040988 -0.015454 -0.194902 0.040802 0.004005 -0.199021 0.027117 0.001566 -0.185433 0.012734 -0.016495 -0.196341 0.012333 0.002275 -0.188437 0.00298 0.005904 -0.178453 0.00298 -0.010972 -0.208116 0.052368 0.121886 -0.199433 0.052967 0.090841 -0.18388 0.056899 0.096062 -0.193355 0.056836 0.126844 -0.168123 0.057988 0.101351 -0.17832 0.05788 0.131895 -0.222662 0.022428 0.191144 -0.221075 0.008839 0.188834 -0.201901 0.022939 0.202612 -0.200981 0.008849 0.199849 -0.197575 0.00298 0.189738 -0.214201 0.00298 0.180588 -0.222662 0.022428 0.191144 -0.220137 0.035299 0.18905 -0.200723 0.035804 0.199124 -0.201901 0.022939 0.202612 -0.176481 0.049817 -0.010397 -0.163509 0.058332 -0.004124 -0.160268 0.058325 0.007969 -0.184638 0.049283 0.007686 -0.187314 0.053151 0.058696 -0.175466 0.054145 0.030468 -0.161128 0.056384 0.035284 -0.172107 0.05597 0.063797 -0.157002 0.056607 0.068862 -0.147218 0.056808 0.039962 -0.225216 0.045388 0.146772 -0.224486 0.04459 0.166555 -0.222016 0.046321 0.117216 -0.212774 0.045246 0.181043 -0.204602 0.053001 0.170406 -0.19281 0.053569 0.175707 -0.197796 0.045906 0.190463 -0.212955 0.049414 0.162388 -0.202959 0.039733 0.021247 -0.214348 0.038927 0.04963 -0.219186 0.025467 0.048007 -0.207613 0.02601 0.019686 -0.204952 0.011948 0.02108 -0.196119 0.00298 0.025159 -0.216322 0.011601 0.049065 -0.206933 0.00298 0.052723 -0.19188 0.048793 0.024962 -0.203072 0.048321 0.053411 -0.225376 0.037133 0.082133 -0.214139 0.047156 0.085905 -0.230235 0.024203 0.080502 -0.227135 0.010773 0.081185 -0.216495 0.00298 0.082881 -0.213173 0.051828 0.148125 -0.200762 0.05603 0.153282 -0.187098 0.056931 0.158797 -0.153042 0.058336 0.019111 -0.142544 0.058358 0.026301 -0.209008 0.001363 0.163308 -0.192278 0.00081 0.173133 -0.141207 0 -0.024269 -0.150914 0 -0.015556 -0.130813 0 -0.008767 -0.125216 0 -0.025545 -0.199323 0 0.119995 -0.176632 0 0.127616 -0.158157 0 -0.002201 -0.165713 0 0.015205 -0.141618 0 0.023463 -0.135788 0 0.005793 -0.173044 0 0.03393 -0.182418 0 0.061109 -0.157081 0 0.069606 -0.147959 0 0.042343 -0.191395 0 0.090541 -0.166947 0 0.098748 -0.102946 0.058539 -0.020543 -0.110538 0.058469 -0.030394 -0.108085 0.049902 -0.034646 -0.09871 0.049966 -0.025055 -0.093483 0.050178 -0.013566 -0.099668 0.058567 -0.00852 -0.101274 0.058559 0.003859 -0.092465 0.050141 0.001223 -0.140983 0.009803 0.179028 -0.157267 0.009237 0.194524 -0.155884 0.02253 0.196963 -0.138568 0.022919 0.180965 -0.148991 0.00298 0.172566 -0.161106 0.00298 0.184377 -0.159001 0.03548 0.194705 -0.142101 0.035392 0.178009 -0.104802 0.012517 -0.042556 -0.103019 0.027562 -0.043988 -0.116789 0.027619 -0.051036 -0.117389 0.012544 -0.049509 -0.094472 0.0129 -0.032184 -0.091726 0.027599 -0.033726 -0.110114 0.00298 -0.035765 -0.100943 0.00298 -0.026698 -0.119897 0.00298 -0.041447 -0.094427 0.040637 -0.029929 -0.105091 0.040486 -0.040286 -0.103019 0.027562 -0.043988 -0.084144 0.041047 -0.000617 -0.087248 0.040774 -0.016907 -0.083828 0.02755 -0.018669 -0.080092 0.027681 -0.001904 -0.087098 0.012817 -0.016402 -0.083336 0.012712 -0.000452 -0.094778 0.00298 -0.01342 -0.092052 0.00298 0.001568 -0.124577 0.036136 0.149938 -0.120074 0.023506 0.151448 -0.122773 0.010308 0.149759 -0.131972 0.00298 0.144301 -0.088199 0.04082 0.039897 -0.084949 0.041114 0.017952 -0.080801 0.027473 0.018199 -0.083534 0.027053 0.040513 -0.08349 0.012697 0.01794 -0.086094 0.012358 0.03948 -0.092489 0.00298 0.017982 -0.094784 0.00298 0.037482 -0.152631 0.056896 0.106552 -0.137179 0.052974 0.111738 -0.148839 0.052354 0.141795 -0.163566 0.056793 0.13685 -0.179143 0.00884 0.202989 -0.179266 0.022431 0.205794 -0.200981 0.008849 0.199849 -0.201901 0.022939 0.202612 -0.179605 0.00298 0.192268 -0.197575 0.00298 0.189738 -0.18001 0.035303 0.202597 -0.179266 0.022431 0.205794 -0.117409 0.058329 0.022608 -0.107511 0.05846 0.014735 -0.09428 0.049815 0.017348 -0.098657 0.049232 0.036684 -0.133825 0.056403 0.044456 -0.119732 0.054214 0.04918 -0.127125 0.05308 0.078882 -0.14231 0.055949 0.07379 -0.162917 0.044599 0.187344 -0.150343 0.0454 0.17207 -0.134978 0.046316 0.146448 -0.181071 0.053005 0.178351 -0.181015 0.045251 0.191765 -0.169578 0.049422 0.177062 -0.095374 0.025486 0.089531 -0.100281 0.038933 0.087885 -0.09231 0.039742 0.058356 -0.087567 0.026048 0.059946 -0.090542 0.011946 0.05945 -0.100025 0.00298 0.057386 -0.098309 0.0116 0.088644 -0.107985 0.00298 0.085908 -0.111616 0.048368 0.084084 -0.103556 0.04885 0.054598 -0.122435 0.04712 0.116687 -0.111146 0.037111 0.120477 -0.106314 0.024201 0.122099 -0.109212 0.010773 0.120769 -0.11871 0.00298 0.115705 -0.160746 0.051835 0.165849 -0.173744 0.056035 0.162426 -0.129896 0.058387 0.027022 -0.172345 0.001329 0.175187 -0.192278 0.00081 0.173133 -0.113255 0 -0.014758 -0.111526 0 -0.002255 -0.125216 0 -0.025545 -0.130813 0 -0.008767 -0.154768 0 0.13496 -0.176632 0 0.127616 -0.113794 0 0.012773 -0.117892 0 0.031333 -0.135788 0 0.005793 -0.141618 0 0.023463 -0.157081 0 0.069606 -0.132616 0 0.077812 -0.123737 0 0.050467 -0.147959 0 0.042343 -0.143363 0 0.106664 -0.166947 0 0.098748 -0.101274 0.058559 0.003859 -0.105141 0.068374 0.002695 -0.107511 0.05846 0.014735 -0.110573 0.068365 0.01214 -0.117409 0.058329 0.022608 -0.119229 0.068225 0.018807 -0.129896 0.058387 0.027022 -0.129744 0.068125 0.021642 -0.142544 0.058358 0.026301 -0.140893 0.067968 0.02136 -0.153042 0.058336 0.019111 -0.149982 0.067902 0.014845 -0.160268 0.058325 0.007969 -0.156637 0.067877 0.006208 -0.140132 0.104269 0.019268 -0.129817 0.104269 0.020622 -0.11978 0.104269 0.01785 -0.111544 0.104269 0.01136 -0.106362 0.104269 0.002347 -0.155484 0.104269 0.005658 -0.14914 0.104269 0.013952 0.158093 0.067832 -0.01515 0.152652 0.067847 -0.024609 0.155671 0.058337 -0.027347 0.1619 0.05833 -0.016516 0.144002 0.067929 -0.031257 0.145765 0.058372 -0.034968 0.133474 0.068031 -0.034082 0.133705 0.058416 -0.038214 0.122669 0.068036 -0.032678 0.121336 0.058418 -0.036607 0.122669 0.068036 -0.032678 0.113234 0.068161 -0.027242 0.110538 0.058469 -0.030394 0.121336 0.058418 -0.036607 0.106597 0.068325 -0.018618 0.102946 0.058539 -0.020543 0.103754 0.068364 -0.008112 0.099668 0.058567 -0.00852 0.159493 0.067843 -0.004328 0.163509 0.058332 -0.004124 0.107734 0.104269 -0.018 0.105024 0.104269 -0.007963 0.114078 0.104269 -0.026237 0.123091 0.104269 -0.031418 0.133401 0.104269 -0.032756 0.123091 0.104269 -0.031418 0.143438 0.104269 -0.030047 0.151674 0.104269 -0.023703 0.156856 0.104269 -0.01469 0.158194 0.104269 -0.00438 0.145765 0.058372 -0.034968 0.133705 0.058416 -0.038214 0.133287 0.049877 -0.043009 0.14669 0.049993 -0.0414 0.119971 0.050098 -0.041116 0.121336 0.058418 -0.036607 0.158277 0.050193 -0.035608 0.155671 0.058337 -0.027347 0.1619 0.05833 -0.016516 0.168221 0.050092 -0.024364 0.236883 0.0098 0.146628 0.233338 0.009235 0.16884 0.235902 0.022523 0.169946 0.239962 0.022911 0.146708 0.226589 0.00298 0.146349 0.22413 0.00298 0.163097 0.232059 0.035472 0.170038 0.235363 0.035381 0.146499 0.132066 0.012701 -0.051759 0.132237 0.027578 -0.053716 0.116789 0.027619 -0.051036 0.117389 0.012544 -0.049509 0.146518 0.012904 -0.049725 0.147722 0.027655 -0.052384 0.13179 0.00298 -0.043091 0.144556 0.00298 -0.041434 0.119897 0.00298 -0.041447 0.147298 0.040758 -0.048465 0.132547 0.040572 -0.049783 0.132237 0.027578 -0.053716 0.116789 0.027619 -0.051036 0.11804 0.040612 -0.047346 0.17359 0.041039 -0.031105 0.161423 0.040928 -0.042517 0.163172 0.027908 -0.045267 0.175874 0.027901 -0.034701 0.161782 0.0128 -0.041765 0.174389 0.012803 -0.031202 0.157105 0.00298 -0.035099 0.168835 0.00298 -0.024275 0.232421 0.036136 0.113718 0.236921 0.023506 0.112205 0.233762 0.010308 0.112482 0.223122 0.00298 0.113688 0.194902 0.040802 0.004005 0.184302 0.040988 -0.015454 0.18763 0.027482 -0.017988 0.199021 0.027117 0.001566 0.185433 0.012734 -0.016495 0.196341 0.012333 0.002275 0.178453 0.00298 -0.010972 0.188437 0.00298 0.005904 0.18388 0.056899 0.096062 0.199433 0.052967 0.090841 0.208116 0.052368 0.121886 0.193355 0.056836 0.126844 0.168123 0.057988 0.101351 0.17832 0.05788 0.131895 0.221075 0.008839 0.188834 0.222662 0.022428 0.191144 0.200981 0.008849 0.199849 0.201901 0.022939 0.202612 0.214201 0.00298 0.180588 0.197575 0.00298 0.189738 0.200723 0.035804 0.199124 0.220137 0.035299 0.18905 0.222662 0.022428 0.191144 0.201901 0.022939 0.202612 0.160268 0.058325 0.007969 0.163509 0.058332 -0.004124 0.176481 0.049817 -0.010397 0.184638 0.049283 0.007686 0.161128 0.056384 0.035284 0.175466 0.054145 0.030468 0.187314 0.053151 0.058696 0.172107 0.05597 0.063797 0.157002 0.056607 0.068862 0.147218 0.056808 0.039962 0.224486 0.04459 0.166555 0.225216 0.045388 0.146772 0.222016 0.046321 0.117216 0.19281 0.053569 0.175707 0.204602 0.053001 0.170406 0.212774 0.045246 0.181043 0.197796 0.045906 0.190463 0.212955 0.049414 0.162388 0.219186 0.025467 0.048007 0.214348 0.038927 0.04963 0.202959 0.039733 0.021247 0.207613 0.02601 0.019686 0.204952 0.011948 0.02108 0.196119 0.00298 0.025159 0.216322 0.011601 0.049065 0.206933 0.00298 0.052723 0.203072 0.048321 0.053411 0.19188 0.048793 0.024962 0.214139 0.047156 0.085905 0.225376 0.037133 0.082133 0.230235 0.024203 0.080502 0.227135 0.010773 0.081185 0.216495 0.00298 0.082881 0.213173 0.051828 0.148125 0.200762 0.05603 0.153282 0.187098 0.056931 0.158797 0.153042 0.058336 0.019111 0.142544 0.058358 0.026301 0.209008 0.001363 0.163308 0.192278 0.00081 0.173133 0.141207 0 -0.024269 0.150914 0 -0.015556 0.125216 0 -0.025545 0.130813 0 -0.008767 0.199323 0 0.119995 0.176632 0 0.127616 0.158157 0 -0.002201 0.165713 0 0.015205 0.135788 0 0.005793 0.141618 0 0.023463 0.157081 0 0.069606 0.182418 0 0.061109 0.173044 0 0.03393 0.147959 0 0.042343 0.191395 0 0.090541 0.166947 0 0.098748 0.108085 0.049902 -0.034646 0.110538 0.058469 -0.030394 0.102946 0.058539 -0.020543 0.09871 0.049966 -0.025055 0.099668 0.058567 -0.00852 0.093483 0.050178 -0.013566 0.101274 0.058559 0.003859 0.092465 0.050141 0.001223 0.155884 0.02253 0.196963 0.157267 0.009237 0.194524 0.140983 0.009803 0.179028 0.138568 0.022919 0.180965 0.161106 0.00298 0.184377 0.148991 0.00298 0.172566 0.142101 0.035392 0.178009 0.159001 0.03548 0.194705 0.116789 0.027619 -0.051036 0.103019 0.027562 -0.043988 0.104802 0.012517 -0.042556 0.117389 0.012544 -0.049509 0.091726 0.027599 -0.033726 0.094472 0.0129 -0.032184 0.100943 0.00298 -0.026698 0.110114 0.00298 -0.035765 0.119897 0.00298 -0.041447 0.103019 0.027562 -0.043988 0.105091 0.040486 -0.040286 0.094427 0.040637 -0.029929 0.083828 0.02755 -0.018669 0.087248 0.040774 -0.016907 0.084144 0.041047 -0.000617 0.080092 0.027681 -0.001904 0.087098 0.012817 -0.016402 0.083336 0.012712 -0.000452 0.092052 0.00298 0.001568 0.094778 0.00298 -0.01342 0.120074 0.023506 0.151448 0.124577 0.036136 0.149938 0.122773 0.010308 0.149759 0.131972 0.00298 0.144301 0.080801 0.027473 0.018199 0.084949 0.041114 0.017952 0.088199 0.04082 0.039897 0.083534 0.027053 0.040513 0.08349 0.012697 0.01794 0.086094 0.012358 0.03948 0.094784 0.00298 0.037482 0.092489 0.00298 0.017982 0.148839 0.052354 0.141795 0.137179 0.052974 0.111738 0.152631 0.056896 0.106552 0.163566 0.056793 0.13685 0.179266 0.022431 0.205794 0.179143 0.00884 0.202989 0.201901 0.022939 0.202612 0.200981 0.008849 0.199849 0.197575 0.00298 0.189738 0.179605 0.00298 0.192268 0.179266 0.022431 0.205794 0.18001 0.035303 0.202597 0.09428 0.049815 0.017348 0.107511 0.05846 0.014735 0.117409 0.058329 0.022608 0.098657 0.049232 0.036684 0.127125 0.05308 0.078882 0.119732 0.054214 0.04918 0.133825 0.056403 0.044456 0.14231 0.055949 0.07379 0.150343 0.0454 0.17207 0.162917 0.044599 0.187344 0.134978 0.046316 0.146448 0.181015 0.045251 0.191765 0.181071 0.053005 0.178351 0.169578 0.049422 0.177062 0.09231 0.039742 0.058356 0.100281 0.038933 0.087885 0.095374 0.025486 0.089531 0.087567 0.026048 0.059946 0.090542 0.011946 0.05945 0.100025 0.00298 0.057386 0.098309 0.0116 0.088644 0.107985 0.00298 0.085908 0.103556 0.04885 0.054598 0.111616 0.048368 0.084084 0.111146 0.037111 0.120477 0.122435 0.04712 0.116687 0.106314 0.024201 0.122099 0.109212 0.010773 0.120769 0.11871 0.00298 0.115705 0.160746 0.051835 0.165849 0.173744 0.056035 0.162426 0.129896 0.058387 0.027022 0.172345 0.001329 0.175187 0.192278 0.00081 0.173133 0.113255 0 -0.014758 0.111526 0 -0.002255 0.130813 0 -0.008767 0.125216 0 -0.025545 0.154768 0 0.13496 0.176632 0 0.127616 0.113794 0 0.012773 0.117892 0 0.031333 0.141618 0 0.023463 0.135788 0 0.005793 0.123737 0 0.050467 0.132616 0 0.077812 0.157081 0 0.069606 0.147959 0 0.042343 0.143363 0 0.106664 0.166947 0 0.098748 0.105141 0.068374 0.002695 0.101274 0.058559 0.003859 0.110573 0.068365 0.01214 0.107511 0.05846 0.014735 0.119229 0.068225 0.018807 0.117409 0.058329 0.022608 0.129744 0.068125 0.021642 0.129896 0.058387 0.027022 0.140893 0.067968 0.02136 0.142544 0.058358 0.026301 0.149982 0.067902 0.014845 0.153042 0.058336 0.019111 0.156637 0.067877 0.006208 0.160268 0.058325 0.007969 0.129817 0.104269 0.020622 0.140132 0.104269 0.019268 0.11978 0.104269 0.01785 0.111544 0.104269 0.01136 0.106362 0.104269 0.002347 0.155484 0.104269 0.005658 0.14914 0.104269 0.013952</float_array>
                    <technique_common>
                        <accessor count="1683" offset="0" source="Object_1-geometry-POSITION-array" stride="3">
                            <param name="X" type="float" />
                            <param name="Y" type="float" />
                            <param name="Z" type="float" />
                        </accessor>
                    </technique_common>
                </source>
                <source id="Object_1-geometry-NORMAL">
                    <float_array id="Object_1-geometry-NORMAL-array" count="4701">0.7254902 0.6078432 -0.2784314 -0.07450986 0.9529412 -0.2784314 -0.01176476 0.654902 -0.7411765 0.5294118 0.5058824 -0.6470588 0.09803921 -0.9529412 -0.2784314 0.7568628 -0.5843138 -0.2862745 0.5529412 -0.4745098 -0.6627451 0.1137255 -0.5843138 -0.8039216 0.945098 -0.1058823 -0.2862745 0.654902 -0.08235294 -0.7254902 0.08235294 -0.01176471 -1 0.8901961 -0.3019608 -0.3254902 0.7019608 0.3882353 -0.5921569 0.7098039 0.6784314 -0.1294118 0.9764706 -0.1607843 -0.1294118 0.5764706 -0.7882353 -0.2078431 0.6862745 -0.7176471 -0.1058823 0.03529412 -0.9921569 -0.1294118 0.05882353 -1 -0.05882353 -0.06666672 0.4901961 -0.8588235 -0.05882359 0.9843137 -0.1058823 0.7254902 0.6784314 -0.0745098 0.9843137 -0.1372549 -0.06666666 0.7176471 -0.6862745 -0.05882353 0.0745098 -1 -0.05098039 -0.05882359 0.9921569 -0.06666666 0.9843137 -0.1294118 -0.03529412 0.7254902 0.6784314 -0.03529412 0.7333333 0.6705883 -0.03529412 0.9843137 -0.1215686 -0.04313725 0.7568628 -0.654902 -0.03529412 0.7568628 -0.6470588 -0.03529412 0.0745098 -1 -0.02745098 -0.05882359 0.9921569 -0.02745098 -0.05098045 0.9921569 -0.02745098 0.7411765 0.6627451 -0.02745098 0.9921569 -0.1215686 -0.03529412 0.7647059 -0.6392157 -0.03529412 -0.07450986 0.9686275 -0.05098039 0.7411765 0.6705883 -0.02745098 0.9843137 -0.1215686 -0.01176471 0.7647059 -0.6392157 -0.02745098 0.7254902 0.6784314 -0.02745098 0.9843137 -0.1215686 -0.02745098 0.772549 -0.6313726 -0.02745098 0.772549 -0.6235294 -0.02745098 0.08235294 -1 -0.02745098 -0.06666672 0.9921569 -0.02745098 0.7333333 0.6705883 -0.02745098 -0.06666672 0.9921569 -0.01960784 0.7411765 0.654902 -0.02745098 0.9843137 -0.1215686 -0.03529412 0.772549 -0.6313726 -0.03529412 0.09019607 -1 -0.03529412 0.7176471 0.6862745 -0.05098039 0.9843137 -0.1372549 -0.04313725 0.7254902 -0.6862745 -0.04313725 0.08235294 -1 -0.04313725 -0.05882359 0.9921569 -0.05098039 0.7176471 0.6862745 -0.04313725 0.9843137 -0.145098 -0.04313725 0.0745098 -1 -0.04313725 -0.05882359 0.9921569 -0.04313725 0.7333333 -0.6784314 -0.03529412 0.0745098 -1 -0.03529412 -0.05882359 0.9921569 -0.03529412 0.7254902 0.6862745 -0.03529412 0.9843137 -0.1372549 -0.03529412 0.9843137 -0.1372549 -0.02745098 0.7411765 -0.6705883 -0.02745098 -0.06666672 0.9843137 -0.1137255 0.7490196 0.6470588 -0.1137255 0.9843137 -0.1058823 -0.1058823 0.772549 -0.6156863 -0.1058823 0.0745098 -0.9921569 -0.09803921 0.1529412 -0.9686275 0.2 0.2549019 -0.9529412 0.2 0.1764706 -0.9764706 0.1607844 0.1372549 -0.9764706 0.1529412 0.1215686 -0.9843137 0.1607844 0.1215686 -0.9607843 0.254902 0.2313725 -0.9215686 0.309804 0.3254902 -0.9215686 0.2235295 0.1529412 -0.9215686 0.3568628 0.05882353 -0.9607843 0.2705883 0.08235294 -0.9294118 0.3568628 0.06666666 -0.9843137 0.1686275 -0.003921628 -0.9843137 0.1686275 -0.003921628 -0.9686275 0.2705883 -0.003921628 -0.9372549 0.3568628 0.1843137 -0.8980392 -0.4117647 0.145098 -0.9372549 -0.3333333 0.2 -0.9294118 -0.3098039 0.2627451 -0.8980392 -0.3490196 0.1058823 -0.8980392 -0.427451 0.09803921 -0.9372549 -0.3568627 0.3411765 -0.8509804 -0.4117647 0.2392157 -0.827451 -0.5137255 0.05098039 -0.8901961 -0.4588235 -0.003921628 -0.8823529 -0.4745098 -0.003921628 -0.945098 -0.3490196 0.05098039 -0.9294118 -0.372549 0.06666666 -0.8431373 -0.5450981 -0.003921628 -0.8431373 -0.5372549 0.145098 -0.8352941 -0.5450981 0.1294118 -0.9607843 -0.2705882 0.2078431 -0.9372549 -0.2862745 0.1215686 -0.9764706 -0.2 0.2313725 -0.9529412 -0.2156863 0.08235294 -0.9686275 -0.2627451 0.08235294 -0.9764706 -0.2 0.1294118 -0.9843137 -0.1372549 0.1372549 -0.9921569 -0.09019607 0.2392157 -0.9686275 -0.08235294 0.2392157 -0.9607843 -0.1372549 0.08235294 -0.9843137 -0.145098 0.0745098 -0.9921569 -0.09019607 0.04313725 -0.9921569 -0.145098 -0.003921628 -0.9921569 -0.1529412 -0.003921628 -1 -0.08235294 0.03529412 -1 -0.08235294 0.04313725 -0.9843137 -0.2 -0.003921628 -0.9843137 -0.2078431 0.04313725 -0.9686275 -0.2627451 -0.003921628 -0.9686275 -0.2627451 0.1372549 -0.9921569 0.07450986 0.2235294 -0.9686275 0.09803927 0.1058823 -0.9921569 0.1215687 0.1372549 -0.9921569 0.02745104 0.08235294 -1 0.01176476 0.2392157 -0.9764706 0.003921628 0.05882353 -0.9921569 0.1137255 -0.003921628 -0.9921569 0.1137255 0.04313725 -1 -0.003921568 -0.003921628 -1 -0.003921568 0.04313725 -1 -0.03529412 -0.003921628 -1 -0.03529412 0.145098 -0.9921569 -0.04313725 0.2392157 -0.9686275 -0.04313725 0.2862745 -0.9137255 -0.2862745 0.317647 -0.9294118 -0.2156863 0.372549 -0.8745098 -0.317647 0.3882353 -0.8901961 -0.2313725 0.3254902 -0.9372549 -0.1372549 0.3960784 -0.9058824 -0.1607843 0.3333333 -0.9372549 -0.09019607 0.4039215 -0.9137255 -0.08235294 0.317647 -0.945098 0.1294118 0.3333333 -0.945098 0.04313731 0.3647059 -0.9215686 0.1529412 0.3254902 -0.945098 -0.02745098 0.4039215 -0.9137255 0.01176476 0.3882353 -0.9137255 0.09019613 0.490196 -0.8666667 -0.08235294 0.6078432 -0.7882353 -0.0745098 0.6 -0.772549 -0.2156863 0.490196 -0.8509804 -0.1843137 0.7019608 -0.3960784 -0.5843138 0.6313726 -0.5686275 -0.5294118 0.7019608 -0.6 -0.372549 0.7960784 -0.427451 -0.4196078 0.317647 -0.4980392 0.8039216 0.4745098 -0.4980392 0.7176471 0.4196078 -0.654902 0.6235294 0.2862745 -0.654902 0.6941177 0.1607843 -0.4980392 0.8509804 -0.01176476 -0.4980392 0.8588235 -0.01176476 -0.2941176 0.9529412 0.1764706 -0.2941176 0.9372549 0.3568627 -0.7882353 0.4980392 0.2941176 -0.8666667 0.3960785 0.2 -0.8745098 0.4431373 0.2470588 -0.7803922 0.5686275 0.4039215 -0.5137255 -0.7568628 0.4588235 -0.372549 -0.8117647 0.2862745 -0.3647059 -0.8901961 0.2549019 -0.490196 -0.8352941 0.5294118 -0.6627451 0.5294118 0.6 -0.4980392 0.6156863 0.7176471 -0.4980392 0.482353 0.6235294 -0.6627451 0.4039216 0.7568628 -0.6470588 -0.06666666 0.8745098 -0.4745098 -0.05882353 0.8509804 -0.4509804 -0.2705882 0.7333333 -0.6313726 -0.2470588 0.5215687 -0.7176471 -0.4588235 0.4431372 -0.8039216 -0.3882353 0.4823529 -0.8352941 -0.2705882 0.5764706 -0.7490196 -0.317647 0.6 -0.7960784 0.05098045 0.4823529 -0.8745098 0.0196079 0.4588235 -0.8745098 0.1294118 0.5686275 -0.7960784 0.1843138 0.8666667 -0.4823529 0.1215687 0.7490196 -0.6627451 0.09019613 0.6941177 -0.6627451 0.254902 0.8039216 -0.490196 0.3176471 -0.003921628 -0.8823529 0.482353 -0.01176476 -0.7803922 0.6313726 0.1294118 -0.7803922 0.6156863 0.09803921 -0.8745098 0.4745098 0.3098039 -0.7490196 -0.5843138 0.3568627 -0.6627451 -0.6627451 0.2392157 -0.6313726 -0.7490196 0.1843137 -0.7411765 -0.6470588 0.372549 -0.8666667 0.3254902 0.4431372 -0.7882353 0.4196079 0.5215687 -0.7960784 0.309804 0.4352941 -0.8745098 0.2235295 0.1607843 -0.3411765 -0.9294118 0.1843137 -0.4352941 -0.8823529 0.7803922 -0.03529412 -0.6313726 0.7568628 -0.2235294 -0.6156863 0.8588235 -0.2470588 -0.4431372 0.8823529 -0.05882353 -0.4509804 0.3568627 -0.09803921 0.9215686 0.5372549 -0.09803921 0.8352941 0.5137255 -0.3019608 0.7960784 0.3490196 -0.3019608 0.8823529 0.145098 0.4745098 -0.8666667 0.1529412 0.3803922 -0.9137255 0.3333333 0.3803922 -0.8588235 0.317647 0.482353 -0.8117647 0.9764706 -0.08235294 0.1686275 0.945098 -0.2941176 0.1529412 0.8823529 -0.2941176 0.3568628 0.9137255 -0.08235294 0.3803922 -0.01176476 -0.09803921 0.9921569 0.1843137 -0.09803921 0.9764706 0.490196 -0.2 -0.8509804 0.5137255 -0.01176471 -0.8588235 0.3254902 -0.01960784 -0.945098 0.3098039 -0.1921569 -0.9372549 -0.01176476 0.1686275 0.9843137 -0.01176476 0.2862746 0.9529412 0.1686274 0.2705883 0.945098 0.1843137 0.1686275 0.9607843 0.3411765 0.2156863 0.9058824 0.5450981 0.2235295 0.7960784 0.5450981 0.1529412 0.8196079 0.3490196 0.1607844 0.9137255 0.6862745 0.4980392 -0.5137255 0.7333333 0.3960785 -0.5529412 0.8117647 0.3960785 -0.4196078 0.7647059 0.5058824 -0.3882353 0.8588235 0.4745098 0.137255 0.9137255 0.3490196 0.1686275 0.8745098 0.3176471 0.3490196 0.8352941 0.4352942 0.2941177 0.490196 0.3882353 -0.7803922 0.4666666 0.4901961 -0.7333333 0.1686274 -0.02745098 -0.9843137 0.1607843 -0.1843137 -0.9686275 0.9215686 0.3725491 -0.02745098 0.8588235 0.4901961 -0.01960784 0.8352941 0.4980392 -0.1921569 0.8901961 0.3803922 -0.2235294 0.9529412 -0.2784314 -0.05098039 0.9921569 -0.0745098 -0.04313725 0.9529412 -0.05882353 -0.2862745 0.9215686 -0.2627451 -0.2862745 0.6862745 0.2470589 0.6705883 0.7019608 0.3568628 0.6 0.7882353 0.3882353 0.4666667 0.7960784 0.2784314 0.5215687 0.654902 -0.2941176 0.6862745 0.6784314 -0.09019607 0.7176471 0.8117647 -0.09019607 0.5686275 0.7803922 -0.2941176 0.5372549 0.4431372 0.5764706 -0.6784314 0.4196078 0.6627451 -0.6156863 0.2862745 0.654902 -0.6941177 0.3098039 0.5686275 -0.7568628 0.4980392 0.8588235 -0.02745098 0.4431372 0.8901961 -0.02745098 0.427451 0.8901961 -0.1294118 0.4823529 0.8588235 -0.145098 0.6078432 0.6627451 -0.4196078 0.6470588 0.5843138 -0.4745098 0.7176471 0.5921569 -0.3490196 0.6627451 0.6705883 -0.3098039 0.654902 0.6705883 0.3254902 0.6627451 0.6862745 0.2784314 0.7176471 0.6313726 0.2862746 0.7098039 0.6078432 0.3411765 -0.003921628 0.3803922 0.9215686 -0.003921628 0.4117647 0.9058824 0.09803921 0.3960785 0.9058824 0.1294118 0.3490196 0.9215686 0.3098039 0.8509804 -0.4196078 0.2705882 0.8823529 -0.3803921 0.2 0.8823529 -0.4117647 0.2 0.8588235 -0.4666666 0.09019607 0.8039216 0.5764706 0.06666666 0.7803922 0.6078432 0.02745098 0.7254902 0.6784314 0.05098039 0.7568628 0.6392157 0.1137255 0.8901961 -0.4352941 0.1215686 0.8588235 -0.490196 0.3803921 0.8823529 -0.2627451 0.427451 0.8509804 -0.2784314 0.4666666 0.8588235 -0.2078431 0.4196078 0.8823529 -0.1843137 0.8039216 0.5843138 -0.02745098 0.7019608 0.6705883 -0.2 0.7647059 0.5921569 -0.2235294 0.1372549 0.6627451 -0.7333333 0.145098 0.5686275 -0.8117647 -0.01176476 0.05098045 1 0.1843137 0.05098045 0.9764706 0.3568627 0.05882359 0.9215686 0.5450981 0.05882359 0.8352941 0.6784314 0.06666672 0.7176471 0.8117647 0.082353 0.5686275 0.9764706 0.1137255 0.1686275 0.9058824 0.09803927 0.3882353 0.9921569 0.1294118 -0.03529412 0.945098 0.1450981 -0.2705882 0.772549 0.137255 -0.6156863 0.8823529 0.1294118 -0.4431372 0.5137255 0.1450981 -0.8431373 0.3333333 0.1450981 -0.9294118 0.1686274 0.137255 -0.9764706 0.1686274 0.2784314 -0.945098 0.3254902 0.2784314 -0.9058824 0.4980392 0.2784314 -0.8196079 0.7490196 0.2784314 -0.5921569 0.8588235 0.2784314 -0.4196078 0.9529412 0.2627451 -0.03529412 0.9215686 0.2784314 -0.2549019 0.9529412 0.2470589 0.1607844 0.8901961 0.2235295 0.3725491 0.6784314 0.1686275 0.7019608 0.7960784 0.1921569 0.5529412 0.145098 -0.654902 0.7411765 -0.003921628 -0.6470588 0.7568628 0.7882353 0.5294118 0.2862746 0.8039216 0.5607843 0.1294118 0.1215686 0.8039216 -0.5764706 0.2078431 0.8039216 -0.5450981 0.3254902 0.8117647 -0.4745098 0.4823529 0.8039216 -0.3254902 0.5215687 0.8117647 -0.2313725 0.5686275 0.8117647 -0.02745098 0.5607843 0.8117647 -0.1372549 0.7333333 0.4666667 0.482353 0.7333333 0.4980392 0.4509804 0.6705883 0.482353 0.5450981 0.7019608 0.4509804 0.5372549 -0.003921628 0.482353 0.8666667 0.06666666 0.482353 0.8666667 -0.003921628 -0.8745098 0.482353 0.3803921 -0.8666667 0.309804 0.427451 -0.8745098 0.2235295 0.4588235 -0.8823529 0.1215687 0.4823529 -0.8745098 0.01176476 0.4823529 -0.8352941 -0.2784314 0.4352941 -0.8117647 -0.3882353 0.3019608 -0.7647059 -0.5764706 0.1921569 -0.7568628 -0.6313726 0.09803921 -0.7882353 -0.6078432 0.5372549 0.7960784 0.2470589 0.5058824 0.8352941 0.1921569 0.5686275 0.7803922 0.2392157 0.6078432 0.7333333 0.2705883 0.3568627 0.7568628 0.5294118 0.2941176 0.8745098 0.3568628 0.3803921 0.8823529 0.254902 0.3647059 0.8745098 0.2941177 0.05882353 0.6784314 0.7176471 0.02745098 0.6627451 0.7411765 0.05098039 0.5843138 0.8039216 0.06666666 0.5921569 0.7960784 0.01960784 0.8980392 -0.427451 0.01960784 0.8588235 -0.5137255 0.01960784 0.8039216 -0.5921569 0.02745098 0.654902 -0.7490196 0.02745098 0.5607843 -0.827451 0.02745098 0.4745098 -0.8823529 0.02745098 0.3803922 -0.9294118 -0.01176476 0.2784314 -0.9686275 -0.01176476 0.137255 -0.9921569 -0.01176476 -0.01960784 -1 -0.01176476 -0.1843137 -0.9921569 -0.0196079 -0.3098039 -0.9529412 -0.003921628 -0.827451 -0.5764706 0.3882353 -0.7882353 -0.4823529 0.4039215 -0.7803922 -0.4823529 0.4588235 -0.6941177 -0.5529412 0.5372549 -0.5450981 -0.6470588 0.6078432 -0.3803921 -0.6941177 0.6470588 -0.2078431 -0.7333333 0.6705883 -0.02745098 -0.7490196 0.6627451 0.1450981 -0.7333333 0.6470588 0.2784314 -0.7019608 0.6235294 0.3960785 -0.6705883 0.5843138 0.4980392 -0.6313726 0.5607843 0.5843138 -0.5843138 0.490196 0.6627451 -0.5529412 0.4117647 0.8039216 -0.4117647 0.3647059 0.8509804 -0.3647059 0.3333333 0.8823529 -0.3254902 0.4980392 0.8588235 0.082353 0.4431372 0.8823529 0.07450986 0.4352941 0.8980392 -0.01960784 0.5764706 0.8117647 0.082353 0.7490196 0.6470588 0.1137255 0.6941177 0.2470589 0.6705883 0.6862745 0.1686275 0.6941177 0.6862745 0.07450986 0.7098039 0.6862745 -0.09803921 0.7098039 0.6627451 -0.3019608 0.6784314 0.6078432 -0.4980392 0.6078432 0.5372549 -0.6627451 0.5215687 0.4509804 -0.7882353 0.4117647 0.372549 -0.8745098 0.3176471 0.3254902 0.254902 0.9058824 0.2549019 0.254902 0.9294118 0.1764706 0.3411765 0.9215686 0.2 0.3333334 0.9137255 0.1215686 0.3882353 0.9058824 0.0745098 0.4745098 0.8745098 0.4509804 0.254902 0.8431373 0.4745098 0.2156863 0.8509804 0.5843138 0.2313726 0.7647059 0.5607843 0.2784314 0.7647059 0.6156863 0.3411765 0.7019608 0.6705883 0.2627451 0.6862745 -0.003921628 0.5921569 0.7960784 -0.003921628 0.6941177 0.7098039 0.04313725 0.8509804 0.5137255 0.1137255 0.8509804 0.4980392 0.2627451 0.8352941 0.4666667 0.2 0.8745098 0.4196079 0.427451 0.8823529 0.1607844 -0.003921628 0.7803922 0.6156863 -0.003921628 0.8431373 0.5294118 0.2156863 0.7803922 0.5686275 0.4666666 0.8352941 0.2705883 0.7019608 0.3254902 0.6235294 0.1921569 0.9058824 0.3647059 0.1921569 0.9294118 0.2784314 0.2470588 0.9294118 0.2470589 0.2862745 0.8980392 0.3019608 0.1294118 0.8980392 0.4039216 0.1215686 0.9294118 0.3176471 0.05882353 0.8901961 0.4352942 -0.003921628 0.8901961 0.4352942 -0.003921628 0.9294118 0.3490196 0.06666666 0.9372549 0.3333334 0.2078431 0.9529412 0.2078432 0.2705882 0.9372549 0.1921569 0.2156863 0.9607843 0.1215687 0.2862745 0.945098 0.1215687 0.1215686 0.9607843 0.2156863 0.1372549 0.9764706 0.1215687 0.2156863 0.9686275 0.05882359 0.2235294 0.9764706 -0.003921568 0.3019608 0.9529412 -0.003921568 0.2862745 0.9529412 0.05882359 0.145098 0.9764706 0.05882359 0.145098 0.9843137 -0.003921568 0.0745098 0.9921569 0.06666672 -0.003921628 0.9921569 0.07450986 -0.003921628 1 -0.003921568 0.06666666 1 -0.003921568 0.06666666 0.9843137 0.137255 -0.003921628 0.9843137 0.1450981 0.06666666 0.9686275 0.2313726 -0.003921628 0.9686275 0.2313726 0.2078431 0.9529412 -0.2078431 0.1921569 0.9372549 -0.2705882 0.2784314 0.9215686 -0.2705882 0.2549019 0.9372549 -0.2156863 0.1372549 0.9686275 -0.2078431 0.1529412 0.945098 -0.2627451 0.2 0.9607843 -0.145098 0.1294118 0.9764706 -0.1529412 0.2784314 0.945098 -0.1607843 0.08235294 0.9764706 -0.2 0.01176471 0.9764706 -0.2156863 0.01176471 0.9607843 -0.2784314 0.09019607 0.9529412 -0.2705882 0.0745098 0.9843137 -0.1529412 0.01176471 0.9843137 -0.1607843 0.0745098 0.9921569 -0.08235294 0.08235294 0.9921569 -0.003921568 0.01960784 1 -0.01176471 0.01176471 0.9921569 -0.09803921 0.1294118 0.9843137 -0.08235294 0.1294118 0.9921569 -0.003921568 0.2235294 0.9686275 -0.08235294 0.2862745 0.9529412 -0.08235294 0.2941176 0.9529412 -0.01176471 0.2156863 0.9686275 -0.01176471 0.2627451 0.9058824 -0.3254902 0.2941176 0.9058824 -0.2941176 0.1764706 0.9215686 -0.3411765 0.09803921 0.9215686 -0.3568627 0.01176471 0.9294118 -0.3490196 0.3490196 0.9058824 -0.2313725 0.3568627 0.9137255 -0.1764706 0.3803921 0.9137255 -0.1058823 0.3803921 0.9137255 -0.02745098 0.3411765 0.9058824 0.2235295 0.372549 0.9137255 0.1450981 0.372549 0.9215686 0.05882359 0.372549 0.9215686 -0.01176471 0.6941177 0.5843138 0.4039216 0.7411765 0.5294118 0.3960785 0.4588235 0.8431373 0.254902 0.1294118 0.7411765 -0.654902 0.01960784 0.7411765 -0.6627451 0.2705882 0.7411765 -0.6078432 0.3490196 0.7490196 -0.5529412 0.4509804 0.7490196 -0.4745098 0.5294118 0.7490196 -0.3882353 0.5764706 0.7568628 -0.2862745 0.6313726 0.7568628 -0.1607843 0.654902 0.7411765 -0.02745098 0.6705883 0.7254902 0.09019613 0.6784314 0.2470589 0.6784314 0.7960784 0.2784314 0.5294118 0.9137255 0.3568628 0.1529412 0.8823529 0.3882353 -0.2470588 0.8196079 0.3960785 -0.3960784 0.7254902 0.3960785 -0.5607843 0.4823529 0.3882353 -0.7803922 0.3098039 0.3882353 -0.8666667 0.1607843 0.3803922 -0.9137255 -0.0196079 0.3803922 -0.9294118 0.6156863 0.2862746 0.7254902 0.2549019 0.254902 0.9215686 0.4431372 0.2705883 0.8431373 0.4509804 0.2313726 0.8509804 0.1294118 0.3490196 0.9294118 -0.01176476 0.3803922 0.9215686 0.5607843 0.2941177 0.7647059 0.5529412 0.2627451 0.7882353 0.2470588 -0.6156863 -0.7490196 0.1372549 -0.7803922 -0.6156863 -0.0196079 -0.3647059 -0.9372549 -0.09803927 0.2627451 -0.9607843 0.6705883 0.1058824 -0.7176471 0.8117647 -0.3411765 -0.4666666 0.5294118 -0.8039216 -0.2784314 -0.06666672 -0.9921569 -0.1529412 -0.0196079 -0.8352941 -0.5607843 -0.6156863 0.7254902 -0.2784314 -0.4901961 0.6078432 -0.6 -0.5450981 -0.5294118 -0.6392157 -0.6941177 -0.6705883 -0.2784314 -0.09019613 -0.9529412 -0.2862745 -0.1215687 -0.6313726 -0.772549 -0.6705883 0.0196079 -0.7176471 -0.9607843 0.0196079 -0.2784314 -0.1058824 0.0196079 -0.9921569 -0.5921569 0.7960784 -0.1215686 -0.5843138 0.4431373 -0.6784314 -0.9215686 -0.1843137 -0.3647059 -0.9921569 0.003921628 -0.1372549 -0.5215687 -0.8431373 -0.1921569 -0.6156863 -0.7882353 -0.09803921 -0.01176476 -0.9921569 -0.1294118 -0.0196079 -1 -0.05882353 -0.6078432 0.7882353 -0.0745098 -1 0.0196079 -0.06666666 -0.6627451 -0.7568628 -0.05882353 -0.02745104 -1 -0.05098039 -0.6156863 0.7803922 -0.02745098 -0.6078432 0.7882353 -0.03529412 -1 0.02745104 -0.03529412 -0.6862745 -0.7254902 -0.02745098 -0.7019608 -0.7176471 -0.03529412 -0.04313731 -1 -0.02745098 -0.03529418 -1 -0.02745098 -0.7098039 -0.7176471 -0.03529412 -0.6235294 0.7803922 -0.02745098 -1 0.02745104 -0.01176471 -0.7098039 -0.7098039 -0.02745098 -0.6078432 0.7882353 -0.02745098 -1 0.02745104 -0.02745098 -0.7019608 -0.7176471 -0.02745098 -0.7176471 -0.7098039 -0.02745098 -0.05098045 -1 -0.02745098 -1 0.0196079 -0.02745098 -0.7098039 -0.7019608 -0.02745098 -0.7176471 -0.7019608 -0.02745098 -0.6235294 0.772549 -0.02745098 -0.7098039 -0.7098039 -0.03529412 -0.07450986 -1 -0.03529412 -0.6 0.7960784 -0.05098039 -1 0.02745104 -0.04313725 -0.6627451 -0.7568628 -0.05098039 -0.02745104 -1 -0.04313725 -0.6627451 -0.7568628 -0.04313725 -0.6705883 -0.7490196 -0.04313725 -0.03529418 -1 -0.04313725 -0.6705883 -0.7490196 -0.02745098 -0.6784314 -0.7411765 -0.02745098 -0.6470588 0.7490196 -0.1058823 -0.9921569 0.0196079 -0.1058823 -0.7098039 -0.6941177 -0.1058823 -0.07450986 -0.9921569 -0.1058823 -0.1843138 -0.9764706 0.1607844 -0.2627451 -0.945098 0.2 -0.1607844 -0.9686275 0.2 -0.1450981 -0.9764706 0.1607844 -0.1294118 -0.9843137 0.1607844 -0.1294118 -0.9607843 0.254902 -0.2470589 -0.9215686 0.309804 -0.3176471 -0.9215686 0.2313726 -0.1607844 -0.9215686 0.3568628 -0.09019613 -0.9294118 0.3568628 -0.06666672 -0.9607843 0.2705883 -0.07450986 -0.9843137 0.1686275 -0.2078432 -0.9294118 -0.3098039 -0.1607844 -0.9372549 -0.3333333 -0.2 -0.8980392 -0.4117647 -0.2784314 -0.8980392 -0.3490196 -0.1058824 -0.9372549 -0.3568627 -0.1137255 -0.8980392 -0.427451 -0.254902 -0.827451 -0.5137255 -0.3333334 -0.8431373 -0.427451 -0.05882359 -0.8901961 -0.4588235 -0.06666672 -0.9294118 -0.372549 -0.07450986 -0.8431373 -0.5450981 -0.137255 -0.8352941 -0.5450981 -0.2235295 -0.9372549 -0.2862745 -0.137255 -0.9607843 -0.2705882 -0.2392157 -0.9529412 -0.2156863 -0.1294118 -0.9764706 -0.2 -0.09019613 -0.9764706 -0.2 -0.09803927 -0.9686275 -0.2627451 -0.254902 -0.9686275 -0.08235294 -0.1450981 -0.9921569 -0.09019607 -0.137255 -0.9921569 -0.1372549 -0.2470589 -0.9607843 -0.1372549 -0.082353 -0.9921569 -0.09019607 -0.09019613 -0.9843137 -0.145098 -0.05098045 -0.9921569 -0.145098 -0.04313731 -1 -0.08235294 -0.05098045 -0.9843137 -0.2 -0.05098045 -0.9686275 -0.2627451 -0.1450981 -0.9921569 0.07450986 -0.2392157 -0.9686275 0.09803927 -0.1137255 -0.9921569 0.1215687 -0.09019613 -1 0.01176476 -0.1450981 -0.9921569 0.02745104 -0.2470589 -0.9764706 0.003921628 -0.06666672 -0.9921569 0.1137255 -0.05098045 -1 -0.003921568 -0.05098045 -1 -0.03529412 -0.082353 -1 -0.04313725 -0.2470589 -0.9764706 -0.04313725 -0.137255 -1 -0.04313725 -0.2941177 -0.9137255 -0.2862745 -0.3254902 -0.9294118 -0.2078431 -0.3803922 -0.8745098 -0.317647 -0.3960785 -0.8901961 -0.2313725 -0.4039216 -0.9058824 -0.1607843 -0.3333334 -0.9372549 -0.1372549 -0.3411765 -0.9372549 -0.09019607 -0.4117647 -0.9137255 -0.08235294 -0.3254902 -0.945098 0.1294118 -0.3411765 -0.945098 0.04313731 -0.3725491 -0.9215686 0.1529412 -0.3333334 -0.945098 -0.02745098 -0.4117647 -0.9137255 0.0196079 -0.3960785 -0.9137255 0.09019613 -0.6078432 -0.772549 -0.2156863 -0.6156863 -0.7882353 -0.08235294 -0.4980392 -0.8666667 -0.08235294 -0.4980392 -0.8509804 -0.1921569 -0.7098039 -0.6 -0.3803921 -0.6313726 -0.5686275 -0.5372549 -0.7098039 -0.3960784 -0.5921569 -0.8039216 -0.427451 -0.427451 -0.427451 -0.654902 0.6235294 -0.482353 -0.4980392 0.7176471 -0.3333334 -0.4980392 0.7960784 -0.2941177 -0.654902 0.6941177 -0.1686275 -0.4980392 0.8509804 -0.1843138 -0.2941176 0.9372549 -0.2156863 -0.8745098 0.4431373 -0.3019608 -0.8666667 0.3960785 -0.3568628 -0.7882353 0.5058824 -0.254902 -0.7803922 0.5686275 -0.2784314 -0.3647059 -0.8901961 -0.4588236 -0.372549 -0.8196079 -0.4039216 -0.5137255 -0.7568628 -0.254902 -0.490196 -0.8352941 -0.7333333 -0.490196 0.4745098 -0.6156863 -0.490196 0.6156863 -0.5372549 -0.6627451 0.5215687 -0.6392157 -0.6627451 0.3960785 -0.8509804 -0.4509804 -0.2784314 -0.8823529 -0.4745098 -0.06666666 -0.7647059 -0.6470588 -0.0745098 -0.7411765 -0.6235294 -0.2549019 -0.4901961 -0.8352941 -0.2784314 -0.4509804 -0.8039216 -0.3960784 -0.5294118 -0.7176471 -0.4666666 -0.5843138 -0.7490196 -0.3254902 -0.4745098 -0.8745098 0.1215687 -0.4901961 -0.8745098 0.01176476 -0.6078432 -0.7960784 0.04313731 -0.5764706 -0.7960784 0.1843138 -0.7098039 -0.6627451 0.254902 -0.7568628 -0.6627451 0.082353 -0.8745098 -0.4823529 0.1215687 -0.8196079 -0.490196 0.309804 -0.1294118 -0.7803922 0.6156863 -0.1058824 -0.8745098 0.4745098 -0.2392157 -0.6235294 -0.7490196 -0.3647059 -0.654902 -0.6705883 -0.309804 -0.7490196 -0.5921569 -0.1843138 -0.7411765 -0.6470588 -0.5294118 -0.7960784 0.3019608 -0.4588236 -0.7882353 0.4117647 -0.3882353 -0.8666667 0.3254902 -0.4431373 -0.8745098 0.2235295 -0.1607844 -0.3411765 -0.9294118 -0.1921569 -0.427451 -0.8901961 -0.8588235 -0.2470588 -0.4509804 -0.7568628 -0.2235294 -0.6235294 -0.7803922 -0.03529412 -0.6392157 -0.8901961 -0.05882353 -0.4588235 -0.5215687 -0.3019608 0.7960784 -0.5372549 -0.09803921 0.8352941 -0.3725491 -0.09803921 0.9215686 -0.3647059 -0.2941176 0.8823529 -0.3490196 0.3803922 -0.8588235 -0.1686275 0.3803922 -0.9137255 -0.1686275 0.4745098 -0.8666667 -0.3333334 0.482353 -0.8117647 -0.8901961 -0.2941176 0.3568628 -0.9529412 -0.2862745 0.1450981 -0.9843137 -0.08235294 0.1607844 -0.9215686 -0.08235294 0.3803922 -0.1843138 -0.09803921 0.9764706 -0.3254902 -0.01960784 -0.9529412 -0.5058824 -0.01176471 -0.8666667 -0.4901961 -0.2 -0.8509804 -0.309804 -0.1921569 -0.9372549 -0.1764706 0.2705883 0.945098 -0.1921569 0.1686275 0.9686275 -0.5450981 0.1529412 0.8196079 -0.5450981 0.2235295 0.8039216 -0.3725491 0.2156863 0.8980392 -0.3647059 0.1607844 0.9137255 -0.827451 0.3960785 -0.4117647 -0.7411765 0.3960785 -0.5450981 -0.7019608 0.4980392 -0.5058824 -0.772549 0.5058824 -0.3803921 -0.8823529 0.3176471 0.3568628 -0.9215686 0.3568628 0.1450981 -0.8666667 0.4745098 0.1450981 -0.8431373 0.4352942 0.3019608 -0.482353 0.4901961 -0.7254902 -0.5058824 0.3882353 -0.772549 -0.1607844 -0.1843137 -0.9764706 -0.1686275 -0.02745098 -0.9921569 -0.8352941 0.4980392 -0.2392157 -0.8666667 0.4901961 -0.06666666 -0.9294118 0.3725491 -0.0745098 -0.8980392 0.3803922 -0.2156863 -0.9607843 -0.05882353 -0.2941176 -1 -0.06666666 -0.05098039 -0.9607843 -0.2784314 -0.06666666 -0.9215686 -0.2627451 -0.2941176 -0.7882353 0.3882353 0.4666667 -0.7098039 0.3568628 0.6 -0.6941177 0.2470589 0.6784314 -0.8039216 0.2784314 0.5215687 -0.8196079 -0.09019607 0.5607843 -0.6862745 -0.09019607 0.7176471 -0.6705883 -0.2941176 0.6784314 -0.7960784 -0.2941176 0.5294118 -0.3019608 0.654902 -0.6941177 -0.3960785 0.6627451 -0.6313726 -0.4588236 0.5764706 -0.6784314 -0.3254902 0.5686275 -0.7568628 -0.4352942 0.8901961 -0.1294118 -0.4431373 0.8980392 -0.02745098 -0.5058824 0.8588235 -0.02745098 -0.4901961 0.8588235 -0.145098 -0.7254902 0.5921569 -0.3490196 -0.6627451 0.5843138 -0.4666666 -0.5921569 0.6705883 -0.4509804 -0.6784314 0.6705883 -0.3019608 -0.7176471 0.6313726 0.2862746 -0.6784314 0.6862745 0.254902 -0.6156863 0.6705883 0.3960785 -0.7176471 0.6 0.3411765 -0.1058824 0.3960785 0.9058824 -0.137255 0.3490196 0.9215686 -0.2156863 0.8823529 -0.4117647 -0.2784314 0.8823529 -0.372549 -0.2941177 0.8509804 -0.427451 -0.2156863 0.8509804 -0.4666666 -0.1607844 0.7176471 0.6705883 -0.05098045 0.7882353 0.6078432 -0.09803927 0.8039216 0.5764706 -0.05882359 0.7568628 0.6392157 -0.1294118 0.8588235 -0.490196 -0.1294118 0.8901961 -0.4352941 -0.4588236 0.8588235 -0.2078431 -0.4117647 0.8588235 -0.2941176 -0.3882353 0.8823529 -0.2627451 -0.4196079 0.8901961 -0.1921569 -0.7176471 0.6705883 -0.1921569 -0.7411765 0.6705883 -0.05882353 -0.8117647 0.5843138 -0.06666666 -0.772549 0.5921569 -0.2156863 -0.1607844 0.5686275 -0.8039216 -0.1529412 0.6627451 -0.7333333 -0.1921569 0.05098045 0.9764706 -0.5450981 0.05882359 0.8352941 -0.3725491 0.05882359 0.9215686 -0.8196079 0.082353 0.5686275 -0.6941177 0.06666672 0.7098039 -0.9843137 0.1137255 0.1607844 -0.9215686 0.09803927 0.3882353 -0.9529412 0.1450981 -0.2784314 -0.9921569 0.1294118 -0.04313725 -0.772549 0.137255 -0.6235294 -0.8823529 0.1294118 -0.4509804 -0.3333334 0.1450981 -0.9372549 -0.5137255 0.1450981 -0.8509804 -0.1686275 0.137255 -0.9764706 -0.1686275 0.2784314 -0.945098 -0.3176471 0.2784314 -0.9058824 -0.4980392 0.2784314 -0.827451 -0.7568628 0.2784314 -0.6 -0.8588235 0.2784314 -0.427451 -0.9294118 0.2784314 -0.2627451 -0.9686275 0.2627451 -0.04313725 -0.9607843 0.2470589 0.1529412 -0.9058824 0.2235295 0.3725491 -0.8117647 0.1921569 0.5529412 -0.6941177 0.1764706 0.6941177 -0.1529412 -0.654902 0.7411765 -0.8117647 0.5607843 0.137255 -0.7960784 0.5294118 0.2862746 -0.2235295 0.8039216 -0.5450981 -0.137255 0.8039216 -0.5764706 -0.3411765 0.8117647 -0.4745098 -0.5294118 0.8117647 -0.2235294 -0.4666667 0.8117647 -0.3411765 -0.5764706 0.8117647 -0.04313725 -0.5529412 0.8196079 -0.1529412 -0.6784314 0.482353 0.5529412 -0.7333333 0.4980392 0.4588236 -0.7490196 0.4588236 0.482353 -0.7176471 0.4431373 0.5372549 -0.082353 0.4745098 0.8666667 -0.2078432 -0.8745098 0.4431373 -0.3882353 -0.8666667 0.309804 -0.4352942 -0.8745098 0.2235295 -0.4666667 -0.8823529 0.1215687 -0.482353 -0.8823529 0.01176476 -0.4901961 -0.8745098 -0.08235294 -0.4901961 -0.8588235 -0.1843137 -0.482353 -0.8352941 -0.2784314 -0.4431373 -0.8117647 -0.3803921 -0.2 -0.7568628 -0.6313726 -0.3176471 -0.7647059 -0.5764706 -0.1137255 -0.7882353 -0.6078432 -0.5764706 0.7803922 0.2392157 -0.5137255 0.827451 0.2 -0.5450981 0.7960784 0.254902 -0.6078432 0.7254902 0.2941177 -0.3882353 0.8823529 0.254902 -0.3019608 0.8745098 0.3568628 -0.3803922 0.7568628 0.5294118 -0.3725491 0.8745098 0.3019608 -0.05098045 0.5843138 0.8039216 -0.04313731 0.6627451 0.7333333 -0.07450986 0.6784314 0.7176471 -0.06666672 0.5921569 0.7960784 0.01176471 0.8588235 -0.5137255 0.01176471 0.8980392 -0.427451 0.003921568 0.8039216 -0.5921569 0.01176471 0.5607843 -0.827451 0.01176471 0.654902 -0.7490196 0.01960784 0.4745098 -0.8823529 0.01960784 0.3803922 -0.9294118 -0.3960785 -0.7882353 -0.4823529 -0.4588236 -0.6941177 -0.5607843 -0.4039216 -0.7803922 -0.490196 -0.5450981 -0.5450981 -0.6470588 -0.6078432 -0.3803921 -0.7019608 -0.6470588 -0.2078431 -0.7411765 -0.6627451 -0.01960784 -0.7490196 -0.6627451 0.1450981 -0.7411765 -0.6470588 0.2784314 -0.7098039 -0.6 0.4980392 -0.6313726 -0.6392157 0.3960785 -0.6705883 -0.5764706 0.5843138 -0.5764706 -0.5058824 0.6627451 -0.5450981 -0.3725491 0.8509804 -0.3647059 -0.4196079 0.8039216 -0.4117647 -0.3411765 0.8823529 -0.3254902 -0.4431373 0.8980392 -0.01960784 -0.4509804 0.8823529 0.07450986 -0.5058824 0.8588235 0.09019613 -0.5764706 0.8117647 0.082353 -0.7568628 0.6470588 0.1137255 -0.6941177 0.2470589 0.6705883 -0.6941177 0.1686275 0.6941177 -0.6941177 0.07450986 0.7098039 -0.6941177 -0.09803921 0.7098039 -0.6705883 -0.3019608 0.6784314 -0.6156863 -0.4980392 0.6078432 -0.5450981 -0.6627451 0.5215687 -0.3803922 -0.8745098 0.3176471 -0.1764706 0.3411765 0.9215686 -0.254902 0.254902 0.9294118 -0.3803922 0.2313726 0.8901961 -0.2392157 0.309804 0.9137255 -0.1294118 0.3882353 0.9058824 -0.5843138 0.2313726 0.772549 -0.4745098 0.2156863 0.8509804 -0.4588236 0.254902 0.8509804 -0.5607843 0.2784314 0.772549 -0.6235294 0.3333334 0.7019608 -0.6705883 0.254902 0.6862745 -0.05098045 0.8509804 0.5137255 -0.1215687 0.8509804 0.4980392 -0.254902 0.8509804 0.4509804 -0.2078432 0.8745098 0.427451 -0.4352942 0.8823529 0.1607844 -0.1686275 0.8117647 0.5450981 -0.4666667 0.8352941 0.2705883 -0.7098039 0.3176471 0.6313726 -0.254902 0.9294118 0.2470589 -0.2 0.9294118 0.2862746 -0.2 0.9058824 0.3647059 -0.2862746 0.9058824 0.309804 -0.1294118 0.9294118 0.3176471 -0.1294118 0.8980392 0.4039216 -0.06666672 0.8901961 0.4352942 -0.07450986 0.9372549 0.3333334 -0.2784314 0.9372549 0.2 -0.2078432 0.9529412 0.2078432 -0.2862746 0.945098 0.1215687 -0.2235295 0.9686275 0.1215687 -0.1450981 0.9764706 0.1215687 -0.1294118 0.9686275 0.2156863 -0.309804 0.9529412 -0.003921568 -0.2313726 0.9764706 -0.003921568 -0.2235295 0.9686275 0.05882359 -0.2941177 0.9529412 0.05882359 -0.1529412 0.9843137 -0.003921568 -0.1450981 0.9843137 0.05882359 -0.09019613 0.9921569 0.06666672 -0.082353 0.9921569 -0.003921568 -0.082353 0.9843137 0.137255 -0.07450986 0.9686275 0.2313726 -0.2941177 0.9137255 -0.2627451 -0.2078432 0.9372549 -0.2705882 -0.2235295 0.945098 -0.2078431 -0.2705883 0.9372549 -0.2156863 -0.1686275 0.945098 -0.2627451 -0.1529412 0.9607843 -0.2156863 -0.1450981 0.9764706 -0.1529412 -0.2156863 0.9607843 -0.145098 -0.2941177 0.9372549 -0.1607843 0.01176471 0.9607843 -0.2705882 0.003921568 0.9764706 -0.2078431 -0.09019613 0.9686275 -0.2078431 -0.1058824 0.9529412 -0.2705882 0.01176471 0.9843137 -0.1529412 -0.082353 0.9843137 -0.1529412 -0.003921628 0.9921569 -0.01176471 -0.09019613 0.9921569 -0.003921568 -0.082353 0.9921569 -0.08235294 0.01176471 0.9921569 -0.09019607 -0.137255 0.9843137 -0.003921568 -0.137255 0.9843137 -0.08235294 -0.3019608 0.9529412 -0.01176471 -0.3019608 0.945098 -0.08235294 -0.2313726 0.9686275 -0.08235294 -0.2313726 0.9686275 -0.01176471 -0.3019608 0.9058824 -0.2941176 -0.2313726 0.9137255 -0.3254902 -0.1921569 0.9215686 -0.3411765 -0.1137255 0.9215686 -0.3568627 0.003921568 0.9372549 -0.3490196 -0.3647059 0.8980392 -0.2313725 -0.3725491 0.9137255 -0.1764706 -0.3725491 0.9215686 -0.01960784 -0.3882353 0.9137255 -0.1058823 -0.3411765 0.9058824 0.2235295 -0.3803922 0.9137255 0.1450981 -0.3803922 0.9215686 0.05882359 -0.3803922 0.9215686 -0.01176471 -0.6941177 0.5843138 0.4039216 -0.7098039 0.5607843 0.4196079 -0.4666667 0.8431373 0.2627451 0.01176471 0.7411765 -0.6627451 -0.1450981 0.7411765 -0.654902 -0.2862746 0.7411765 -0.6078432 -0.3568628 0.7490196 -0.5529412 -0.4588236 0.7490196 -0.4745098 -0.5450981 0.7411765 -0.3882353 -0.5921569 0.7490196 -0.2862745 -0.6392157 0.7490196 -0.1607843 -0.6627451 0.7411765 -0.05098039 -0.6784314 0.7254902 0.09019613 -0.8823529 0.3176471 0.3411765 -0.9294118 0.3725491 -0.03529412 -0.8901961 0.3882353 -0.2549019 -0.827451 0.3960785 -0.4039215 -0.7254902 0.3960785 -0.5686275 -0.6235294 0.3960785 -0.6784314 -0.482353 0.3882353 -0.7882353 -0.309804 0.3882353 -0.8745098 -0.1607844 0.3803922 -0.9137255 -0.6235294 0.2862746 0.7254902 -0.4666667 0.2313726 0.8509804 -0.4666667 0.2705883 0.8431373 -0.2941177 0.2705883 0.9137255 -0.5529412 0.2627451 0.7882353 -0.5686275 0.2862746 0.772549 -0.6235294 0.3411765 0.7019608 -0.2862746 -0.6156863 -0.7490196 -0.1450981 -0.7882353 -0.6 -0.6941177 0.2156863 -0.6941177 -0.8588235 -0.3019608 -0.427451 -0.5372549 -0.8196079 -0.2470588 -0.6627451 0.4509804 -0.5921569 -0.7490196 0.1764706 -0.6470588 -0.9529412 0.1764706 -0.2705882 -0.827451 0.4980392 -0.2627451 -0.3568628 0.4196079 -0.8352941 -0.3960785 0.1686275 -0.9058824 -0.1058824 0.3960785 -0.9137255 -0.1137255 0.1686275 -0.9843137 0.2627451 0.3882353 -0.8823529 0.2784314 0.1764706 -0.945098 0.5529412 0.3882353 -0.7333333 0.5921569 0.1764706 -0.7882353 0.3568627 0.1764706 -0.9215686 0.3254902 0.3882353 -0.8588235 0.7960784 0.4117647 -0.427451 0.8666667 0.1764706 -0.4509804 0.8901961 0.4352942 -0.03529412 0.9764706 0.1764706 -0.02745098 -0.9843137 0.1764706 0.0196079 -0.8196079 0.5607843 -0.02745098 0.9921569 0.03529418 -0.05882353 0.8666667 0.02745104 -0.4980392 0.6627451 0.02745104 -0.7490196 0.3568627 0.03529418 -0.9372549 0.2862745 0.03529418 -0.9607843 -0.05882359 0.03529418 -1 -0.4901961 0.02745104 -0.8745098 -0.7333333 0.03529418 -0.6862745 -0.9529412 0.03529418 -0.3019608 -1 0.03529418 0.01176476 -0.01176476 0.5529412 -0.8352941 -0.2 0.4666667 -0.8588235 -0.3333334 0.5137255 -0.7882353 -0.2627451 0.6078432 -0.7568628 0.2156863 0.5294118 -0.8196079 0.2078431 0.4745098 -0.8588235 -0.6 0.5921569 -0.5450981 -0.4509804 0.6392157 -0.6235294 -0.7254902 0.6 -0.3333333 -0.5843138 0.7333333 -0.3568627 -0.9372549 0.03529418 0.3490196 -0.7803922 -0.5450981 0.3176471 -0.8196079 -0.5843138 0.0196079 -0.9921569 0.1686275 0.02745104 -0.2941177 -0.9529412 0.09019613 -0.2627451 -0.9686275 -0.01176471 -0.8039216 0.5921569 -0.01176471 -0.827451 0.4666667 0.2941177 0.3411765 0.0196079 -0.9372549 0.09019607 -0.01960784 -1 -0.003921628 -0.427451 -0.9058824 0.3333333 -0.3098039 -0.8901961 -0.2862746 0.06666672 -0.9607843 -0.2705883 -0.3568627 -0.8980392 -0.1921569 -0.7960784 -0.5764706 0.01176471 -0.9529412 -0.3019608 0.2470588 -0.7019608 -0.6627451 0.02745098 0.1529412 -0.9921569 -0.2078432 0.3960785 -0.8980392 0.2627451 0.1686275 -0.9529412 0.2470588 0.3411765 -0.9058824 -0.5607843 -0.003921568 -0.8352941 -0.4588236 0.4117647 -0.7882353 -0.6235294 0.5215687 -0.5843138 -0.7333333 0.003921628 -0.6862745 -0.5450981 -0.4117647 -0.7411765 -0.6392157 -0.5372549 -0.5529412 -0.2862746 -0.9294118 -0.2549019 -0.2627451 -0.8745098 -0.4117647 -0.9843137 -0.08235294 -0.1607843 -0.8588235 0.4901961 -0.1372549 -0.6862745 -0.7176471 -0.1215686 -0.3803922 -0.9294118 -0.06666666 -0.8588235 0.05098045 -0.5215687 -0.7647059 0.4745098 -0.4352941 -0.7490196 0.5607843 -0.3490196 -0.8901961 0.09019613 -0.4588235 -0.7882353 -0.3568627 -0.5058824 -0.827451 -0.372549 -0.4352941 -0.3647059 -0.9137255 -0.1843137 -0.4196079 -0.8745098 -0.2705882 -0.3254902 0.9372549 -0.05882353 -0.2627451 0.9607843 -0.08235294 -0.1450981 0.9843137 -0.05882353 -0.1843138 0.9764706 -0.03529412 -0.0196079 0.9921569 -0.02745098 -0.02745104 1 0.01176476 -0.654902 -0.03529412 0.7490196 -0.6078432 -0.3647059 0.7019608 -0.2862746 -0.01176471 0.9529412 -0.1921569 -0.7333333 0.6392157 -0.07450986 -0.9764706 0.2313726 -0.1607844 -0.9764706 0.1607844 -0.7098039 0.05098045 0.7019608 -0.6627451 0.3882353 0.6392157 -0.3254902 0.4196079 0.8352941 -0.3568628 0.06666672 0.9215686 -0.5450981 0.8039216 -0.2392157 -0.7254902 0.6784314 -0.1215686 -0.3725491 0.9058824 0.1607844 -0.4509804 0.8745098 -0.1607843 -0.2313726 0.9686275 -0.0745098 -0.2470589 0.9607843 -0.05098039 -0.1215687 0.9843137 0.003921628 -0.1137255 0.9843137 -0.05098039 -0.01176476 1 -0.01960784 -0.02745104 1 0.02745104 -0.5843138 0.8039216 -0.003921568 -0.6 0.7490196 0.2705883 -0.6 0.7960784 -0.09803921 -0.3960785 0.8196079 0.3882353 -0.3647059 0.8901961 0.2470589 -0.1529412 0.9294118 0.3254902 -0.2705883 0.7019608 0.6470588 -0.3960785 0.9058824 0.1137255 -0.7098039 0.6392157 -0.2784314 -0.6941177 0.6784314 -0.2313725 -0.9215686 0.1921569 -0.3411765 -0.9137255 0.1450981 -0.3882353 -0.8431373 -0.3960784 -0.372549 -0.3647059 -0.9215686 -0.1529412 -0.8588235 -0.4039215 -0.3333333 -0.3490196 -0.9372549 -0.1294118 -0.4039216 0.9058824 -0.1372549 -0.3803922 0.9137255 -0.1215686 -0.827451 0.5137255 -0.2078431 -0.5450981 0.827451 -0.1372549 -0.9607843 -0.08235294 -0.2627451 -0.8823529 -0.4117647 -0.2470588 -0.3411765 -0.9372549 -0.09803921 -0.4117647 0.9058824 0.03529418 -0.2470589 0.9607843 0.05098045 -0.05882359 0.9921569 0.09019613 -0.2078432 0.945098 0.2313726 -0.1764706 0.9137255 0.3490196 -0.082353 -1 0.0196079 -0.01176476 -1 0.03529418 -0.05098045 -1 -0.1058823 -0.07450986 -1 -0.05882353 0.03529412 -1 -0.09803921 -0.06666672 -1 -0.003921568 -0.003921628 -1 0.01176476 -0.05882359 -1 -0.02745098 -0.05098045 -1 -0.01960784 -0.05882359 -1 -0.01960784 0.7098039 0.4588236 -0.5215687 0.5137255 0.4352942 -0.7254902 0.4666666 0.5294118 -0.7019608 0.6627451 0.5607843 -0.490196 0.7490196 0.6078432 -0.2470588 0.8509804 0.5058824 -0.09803921 0.772549 0.6 0.1686275 0.7098039 0.7019608 0.04313731 0.6941177 -0.4666666 0.5450981 0.4588235 -0.5058824 0.7254902 0.5215687 0.003921628 0.8509804 0.7803922 0.05882359 0.6156863 0.3019608 -0.9294118 0.2078432 0.4980392 0.4352942 0.7411765 0.6705883 0.4901961 0.5450981 0.5137255 -0.3882353 -0.7647059 0.5764706 -0.01960784 -0.8196079 0.3254902 0.003921628 -0.945098 0.317647 -0.3098039 -0.8980392 0.7333333 -0.3568627 -0.5764706 0.8117647 0.02745104 -0.5764706 0.2078431 -0.9372549 -0.2784314 0.4431372 -0.8196079 -0.3490196 0.1058823 -0.9529412 -0.3019608 0.7254902 0.3882353 -0.5686275 0.5372549 0.4588236 -0.7019608 0.5372549 0.1686275 -0.827451 0.8588235 0.4980392 -0.01176471 0.8588235 0.3647059 -0.3568627 0.9372549 -0.05098039 -0.3411765 0.9843137 -0.05098039 -0.1294118 0.8352941 -0.4745098 -0.2784314 0.9058824 -0.4039215 -0.05882353 0.4117647 -0.9058824 -0.09803921 0.5215687 -0.8509804 -0.05098039 0.6941177 0.6078432 0.3647059 0.8745098 0.1058824 0.4588236 0.7411765 -0.5372549 0.3803922 0.2392157 -0.9686275 0.1215687 0.8588235 0.4666667 0.1686275 0.7882353 0.6 0.1058824 0.9921569 -0.04313725 0.09019613 0.9764706 -0.01176471 0.1607844 0.8823529 -0.4588235 0.06666672 0.8588235 -0.490196 0.137255 0.372549 -0.9294118 0.02745104 0.3019608 -0.9529412 0.05882359 0.1686274 0.9764706 0.05098045 0.2705882 0.9529412 0.1058824 0.3019608 0.9294118 0.1607844 0.1843137 0.9686275 0.09019613 0.1137255 -0.3882353 0.9058824 0.1294118 -0.03529412 0.9843137 -0.2784314 -0.3647059 0.8823529 -0.3019608 -0.03529412 0.945098 0.04313725 -0.9764706 0.2313726 -0.06666672 -0.9843137 0.1843138 0.04313725 0.4039216 0.9058824 0.05882353 0.05882359 0.9921569 0.2313725 0.9137255 0.3019608 0.6313726 0.7019608 0.309804 0.5294118 0.827451 0.1607844 0.5058824 0.8431373 0.1529412 0.05098039 0.9921569 0.05882359 0.1843137 0.9764706 0.1058824 0.2392157 0.9607843 0.082353 0.08235294 0.9921569 0.01176476 0.3333333 0.7411765 0.5764706 0.4980392 0.772549 0.3725491 0.4509804 0.8509804 0.2392157 0.06666666 0.9058824 0.3960785 0.1058823 0.8117647 0.5529412 0.2549019 0.8980392 0.3333334 0.9529412 0.06666672 0.2784314 0.7490196 0.6 0.2392157 0.7960784 0.5529412 0.2156863 0.9686275 0.02745104 0.2313726 0.827451 -0.5137255 0.2 0.2784314 -0.9607843 0.07450986 0.8039216 -0.5372549 0.2313726 0.2549019 -0.9686275 0.07450986 0.427451 0.8823529 0.1450981 0.4588235 0.8666667 0.1450981 0.4352941 0.8745098 0.1843138 0.7019608 0.6313726 0.2941177 0.9137255 0.1058824 0.3647059 0.772549 -0.5529412 0.3019608 0.2392157 -0.9686275 0.09019613 0.317647 0.8980392 0.2784314 0.09803921 0.9764706 0.1529412 0.03529412 0.9529412 0.2784314 0.03529412 -1 0.05882359 -0.02745104 -1 0.06666672 0.1215686 -0.9921569 -0.06666666 0.06666666 -1 -0.003921568 0.03529412 -0.9921569 -0.1137255 0.03529412 -1 0.02745104 -0.003921628 -1 0.003921628 0.06666666 -1 0.01176476 0.05882353 -1 0.0196079 0.06666666 -1 0.0196079 0.03529412 -1 0.01176476 0.8509804 0.4588236 0.2235295 0.9372549 0.1764706 0.2705883 0.6392157 0.5607843 0.5137255 0.7254902 0.1843138 0.654902 0.4196078 0.7019608 0.5529412 0.4980392 0.2 0.8352941 0.06666666 0.7490196 0.6392157 0.1215686 0.2235295 0.9607843 -0.254902 0.7333333 0.6156863 -0.3568628 0.2313726 0.8980392 -0.427451 0.7411765 0.4901961 -0.7333333 0.2156863 0.6392157 -0.6 0.7411765 0.2470589 -0.8745098 0.2 0.4352942 -0.3568628 0.05098045 0.9294118 0.09019607 0.02745104 0.9921569 0.3882353 0.0196079 0.9137255 0.7490196 0.03529418 0.654902 0.9607843 0.03529418 0.2470589 -0.9058824 0.03529418 0.427451 -0.6235294 0.03529418 0.7803922 0.945098 0.1764706 -0.2627451 0.7411765 0.1764706 -0.6470588 0.6627451 0.4588236 -0.5921569 0.8196079 0.4980392 -0.2549019 0.3882353 0.1686275 -0.9058824 0.3490196 0.4196079 -0.8352941 0.1058823 0.1686275 -0.9764706 0.1058823 0.3960785 -0.9137255 -0.2941177 0.1764706 -0.945098 -0.2705883 0.3882353 -0.8823529 -0.3568628 0.1764706 -0.9215686 -0.7019608 0.1764706 -0.6941177 -0.5607843 0.3882353 -0.7333333 -0.3333334 0.3882353 -0.8588235 -0.8745098 0.1764706 -0.4588235 -0.8039216 0.4117647 -0.427451 -0.9843137 0.1764706 -0.03529412 -0.9058824 0.427451 -0.04313725 0.9764706 0.1764706 0.02745104 0.8117647 0.5686275 -0.01960784 -0.8666667 0.03529418 -0.5058824 -1 0.03529418 -0.06666666 -0.6627451 0.02745104 -0.7490196 -0.3647059 0.03529418 -0.9372549 0.05098039 0.03529418 -1 -0.2941177 0.03529418 -0.9607843 0.4823529 0.03529418 -0.8745098 0.7333333 0.03529418 -0.6784314 0.9529412 0.02745104 -0.2941176 0.9921569 0.03529418 0.0196079 0.2470588 0.482353 -0.8431373 -0.02745104 0.4431373 -0.8980392 -0.05098045 0.5450981 -0.8352941 0.2078431 0.5921569 -0.772549 -0.3176471 0.5294118 -0.7882353 -0.3411765 0.4745098 -0.8117647 0.4196078 0.6470588 -0.6313726 0.5921569 0.5450981 -0.5921569 0.6862745 0.6392157 -0.3254902 0.5764706 0.7254902 -0.372549 0.8901961 -0.4509804 0.0196079 0.8117647 -0.4980392 0.2941177 0.9294118 0.003921628 0.3490196 0.9921569 0.07450986 0.0196079 0.3882353 -0.9215686 -0.01960784 0.3960784 -0.9137255 0.1137255 0.8431373 0.4431373 0.2784314 0.8431373 0.5294118 -0.01176471 -0.04313731 -0.4117647 -0.9137255 -0.02745104 -0.01960784 -1 -0.2941177 -0.003921568 -0.9607843 -0.2705883 -0.3333333 -0.9058824 0.2392157 -0.3568627 -0.9058824 0.2862745 0.02745104 -0.9607843 -0.003921628 -0.945098 -0.3333333 0.145098 -0.8352941 -0.5294118 -0.1843138 -0.7254902 -0.6627451 0.2156863 0.3882353 -0.8980392 -0.01176476 0.4745098 -0.8823529 -0.082353 0.1607844 -0.9843137 -0.3725491 0.1686275 -0.9137255 -0.3647059 0.3411765 -0.8666667 0.6392157 0.4745098 -0.6 0.4666666 0.3725491 -0.8039216 0.5450981 -0.05882353 -0.8352941 0.7176471 -0.05098039 -0.6941177 0.5137255 -0.4666666 -0.7254902 0.6941177 -0.3960784 -0.6 0.3254902 -0.7960784 -0.5058824 0.3882353 -0.8431373 -0.3647059 0.772549 0.6156863 -0.1215686 0.9764706 0.1215687 -0.1607843 0.8431373 -0.5137255 -0.145098 0.2784314 -0.9607843 -0.05098039 0.7803922 0.482353 -0.3803921 0.6784314 0.6156863 -0.3803921 0.8431373 -0.02745098 -0.5294118 0.8823529 0.003921628 -0.4666666 0.7490196 -0.4431372 -0.490196 0.7803922 -0.4666666 -0.4117647 0.317647 -0.9294118 -0.2078431 0.2784314 -0.9529412 -0.145098 0.1529412 0.9843137 -0.06666666 0.2705882 0.9529412 -0.08235294 0.3411765 0.9294118 -0.05882353 0.2 0.9764706 -0.04313725 -0.02745104 0.9921569 -0.01176471 -0.0196079 0.9921569 0.0196079 0.6470588 -0.372549 0.654902 0.7019608 -0.03529412 0.7019608 0.2156863 -0.7803922 0.5686275 0.3490196 -0.02745098 0.9294118 0.1921569 -0.9686275 0.1686275 0.0745098 -0.9764706 0.2078432 0.2549019 0.4196079 0.8588235 0.5764706 0.4039216 0.6941177 0.6392157 0.05882359 0.7568628 0.2784314 0.05882359 0.9529412 0.3568627 0.9215686 0.082353 0.6705883 0.7254902 -0.1372549 0.4980392 0.8431373 -0.1843137 0.4823529 0.8509804 -0.1843137 0.0745098 0.9921569 0.01176476 0.2 0.9764706 -0.03529412 0.2392157 0.9607843 -0.08235294 0.06666666 0.9921569 -0.03529412 -0.0196079 0.9921569 -0.01176471 -0.003921628 0.9921569 0.03529418 0.6156863 0.7411765 0.2470589 0.6156863 0.772549 -0.003921568 0.4980392 0.8509804 -0.08235294 0.08235294 0.9294118 0.3490196 0.2862745 0.9137255 0.2784314 0.4117647 0.8196079 0.3803922 0.1843137 0.7098039 0.6705883 0.4039215 0.9058824 0.1058824 0.9294118 0.082353 -0.3490196 0.7411765 0.6156863 -0.2549019 0.7647059 0.5607843 -0.3098039 0.9137255 0.04313731 -0.3960784 0.7960784 -0.4980392 -0.3490196 0.2705882 -0.9607843 -0.1215686 0.7960784 -0.5137255 -0.3098039 0.2627451 -0.9607843 -0.1058823 0.4196078 0.8901961 -0.1372549 0.4352941 0.8823529 -0.1607843 0.4509804 0.8823529 -0.1137255 0.7333333 0.6470588 -0.1843137 0.9529412 0.1294118 -0.2549019 0.8117647 -0.5294118 -0.2313725 0.2549019 -0.9686275 -0.0745098 0.4196078 0.8980392 0.02745104 0.1686274 0.9764706 0.05882359 0.01176471 0.9921569 0.1058824 0.1921569 0.9529412 0.1843138 0.09019607 0.9058824 0.3882353 0.01176471 -1 0.03529418 0.02745098 -1 -0.08235294 0.05098039 -1 -0.04313725 -0.02745104 -1 -0.1058823 0.05098039 -1 -0.003921568 0.003921568 -1 0.003921628 0.03529412 -1 -0.02745098 0.06666666 -1 -0.03529412 0.06666666 -1 -0.02745098 0.04313725 -1 -0.01960784 -0.5294118 0.5294118 -0.6627451 -0.6862745 0.4509804 -0.5764706 -0.7568628 0.4901961 -0.4352941 -0.6941177 0.5686275 -0.4509804 -0.827451 0.5529412 -0.06666666 -0.772549 0.6 -0.2235294 -0.8039216 0.5607843 0.1843138 -0.7098039 0.7019608 0.05882359 -0.5372549 0.03529418 0.8431373 -0.427451 -0.5529412 0.7098039 -0.6235294 -0.6078432 0.4901961 -0.772549 0.1529412 0.6078432 -0.1607844 -0.9607843 0.2156863 -0.2078432 -0.9764706 0.1294118 -0.654902 0.5294118 0.5294118 -0.482353 0.4745098 0.7333333 -0.2784314 0.03529418 -0.9607843 -0.5529412 -0.4039215 -0.7411765 -0.254902 -0.2705882 -0.9372549 -0.8117647 0.06666672 -0.5843138 -0.7490196 -0.3568627 -0.5607843 -0.5058824 -0.7882353 -0.3568627 -0.2313726 -0.9294118 -0.2862745 -0.137255 -0.9529412 -0.2862745 -0.5843138 0.1607844 -0.8039216 -0.5215687 0.4666667 -0.7176471 -0.7176471 0.3960785 -0.5843138 -0.945098 -0.003921568 -0.3333333 -0.8509804 0.3960785 -0.3568627 -0.8352941 0.5450981 -0.003921568 -0.9921569 -0.003921568 -0.1215686 -0.8666667 -0.427451 -0.2784314 -0.9372549 -0.3490196 -0.05882353 -0.3725491 -0.9294118 -0.03529412 -0.4980392 -0.8666667 -0.1137255 -0.8666667 0.2078432 0.4509804 -0.7803922 0.4745098 0.4117647 -0.8039216 -0.427451 0.4117647 -0.3176471 -0.9372549 0.1529412 -1 0.0196079 0.09019613 -0.8901961 0.4509804 0.1058824 -0.8196079 0.5372549 0.1686275 -0.9843137 0.06666672 0.1607844 -0.9215686 -0.3882353 0.06666672 -0.9058824 -0.4039215 0.1450981 -0.3803922 -0.9294118 0.06666672 -0.4666667 -0.8901961 0.03529418 -0.2941177 0.9372549 0.1450981 -0.2627451 0.9529412 0.09803927 -0.1529412 0.9843137 0.03529418 -0.1686275 0.9764706 0.082353 -0.06666672 -0.03529412 0.9921569 -0.1529412 -0.3882353 0.9058824 0.3647059 -0.003921568 0.9215686 0.3568627 -0.3098039 0.8745098 0.08235294 -0.9764706 0.2 -0.02745104 -0.9843137 0.2078432 -0.1529412 0.05098045 0.9843137 -0.1450981 0.3803922 0.9058824 -0.6 0.7803922 0.137255 -0.6627451 0.654902 0.3490196 -0.2 0.8980392 0.3725491 -0.4745098 0.8666667 0.1450981 -0.2235295 0.9686275 0.07450986 -0.2392157 0.9607843 0.1137255 -0.09803927 0.9843137 0.07450986 -0.1215687 0.9843137 0.02745104 -0.4745098 0.8039216 0.3490196 -0.3176471 0.7490196 0.5686275 -0.427451 0.8745098 0.2156863 -0.09019613 0.8196079 0.5529412 -0.03529418 0.9137255 0.3882353 -0.2470589 0.9058824 0.3254902 -0.7490196 0.6235294 0.2078432 -0.7098039 0.6627451 0.2313726 -0.945098 0.1686275 0.2784314 -0.9686275 0.1215687 0.2313726 -0.8823529 -0.4196078 0.2078432 -0.3568628 -0.9372549 0.09019613 -0.8666667 -0.4352941 0.2470589 -0.3254902 -0.945098 0.09019613 -0.4196079 0.8901961 0.1294118 -0.3882353 0.9058824 0.137255 -0.8039216 0.4980392 0.3333334 -0.5294118 0.8196079 0.2235295 -0.9058824 0.2156863 0.3647059 -0.8431373 -0.4431372 0.3254902 -0.309804 -0.945098 0.1137255 -0.309804 0.9058824 0.2705883 -0.1764706 0.9607843 0.1843138 -0.01176476 0.945098 0.309804 -0.05098045 -1 0.05882359 0.02745098 -1 0.06666672 -0.09803927 -1 -0.06666666 -0.09019613 -1 -0.003921568 -0.05882359 -0.9921569 -0.1215686 -0.05882359 -1 0.02745104 -0.05882359 -1 0.01176476 -0.05098045 -1 0.01176476 -0.05098045 -1 0.0196079 -0.9529412 0.1764706 0.2627451 -0.8666667 0.4509804 0.2156863 -0.7333333 0.1843138 0.6470588 -0.654902 0.5529412 0.4980392 -0.3882353 0.2078432 0.8901961 -0.4431373 0.6941177 0.5529412 -0.137255 0.2235295 0.9529412 -0.09019613 0.7490196 0.6392157 0.3333333 0.2313726 0.9058824 0.2313725 0.7333333 0.6235294 0.7176471 0.2156863 0.6470588 0.4117647 0.7411765 0.4980392 0.8666667 0.2 0.4352942 0.5843138 0.7490196 0.254902 -0.1137255 0.02745104 0.9921569 0.3333333 0.04313731 0.9372549 -0.4117647 0.0196079 0.9058824 -0.7647059 0.03529418 0.6470588 -0.9686275 0.03529418 0.2392157 0.8901961 0.03529418 0.4352942 0.6078432 0.03529418 0.7882353</float_array>
                    <technique_common>
                        <accessor count="1567" offset="0" source="Object_1-geometry-NORMAL-array" stride="3">
                            <param name="X" type="float" />
                            <param name="Y" type="float" />
                            <param name="Z" type="float" />
                        </accessor>
                    </technique_common>
                </source>
                <source id="Object_1-geometry-TEXCOORD">
                    <float_array id="Object_1-geometry-TEXCOORD-array" count="3366">0.5952186 0.538083 0.5844764 0.538083 0.5844764 0.5512667 0.5952186 0.5444307 0.6323282 0.538083 0.6152382 0.538083 0.6152382 0.5444307 0.6323282 0.5512667 0.6054726 0.538083 0.6054726 0.5444307 0.6054726 0.5512667 0.6054726 0.2075145 0.5952186 0.2075145 0.5952186 0.2363233 0.6054726 0.2363233 0.6152382 0.2075145 0.6152382 0.2363233 0.6323282 0.2075145 0.6323282 0.2363233 0.5844764 0.2075145 0.5844764 0.2363233 0.5952186 0.2553664 0.6054726 0.2553664 0.6152382 0.2553664 0.6323282 0.2553664 0.5844764 0.2553664 0.6054726 0.378414 0.5952186 0.378414 0.5952186 0.3959923 0.6054726 0.395504 0.6152382 0.378414 0.6152382 0.3959923 0.6323282 0.378414 0.6323282 0.3959923 0.5844764 0.378414 0.5844764 0.3959923 0.5952186 0.4135705 0.6054726 0.4130822 0.6152382 0.4135705 0.6323282 0.4135705 0.5844764 0.4135705 0.5952186 0.4311488 0.6054726 0.4311488 0.6152382 0.4311488 0.6323282 0.4311488 0.5844764 0.4311488 0.5952186 0.448727 0.6054726 0.448727 0.6152382 0.448727 0.6323282 0.448727 0.5844764 0.448727 0.5952186 0.4663052 0.6054726 0.4663052 0.6152382 0.4663052 0.6323282 0.4663052 0.5844764 0.4663052 0.5952186 0.4838834 0.6054726 0.4838834 0.6152382 0.4838834 0.6323282 0.4838834 0.5844764 0.4838834 0.5952186 0.5009734 0.6054726 0.5009734 0.6152382 0.5009734 0.6323282 0.5014617 0.5844764 0.5014617 0.5952186 0.5185516 0.6054726 0.5185516 0.6152382 0.5185516 0.6323282 0.5185516 0.5844764 0.5185516 0.5952186 0.2734329 0.6054726 0.2734329 0.6152382 0.2734329 0.6323282 0.2734329 0.5844764 0.2734329 0.5952186 0.2914994 0.6054726 0.2914994 0.6152382 0.2914994 0.6323282 0.2914994 0.5844764 0.2914994 0.5952186 0.3090777 0.6054726 0.3090777 0.6152382 0.3090777 0.6323282 0.3090777 0.5844764 0.3090777 0.5952186 0.3261676 0.6054726 0.3256794 0.6152382 0.3261676 0.6323282 0.3261676 0.5844764 0.3261676 0.5952186 0.3432575 0.6054726 0.3432575 0.6152382 0.3432575 0.6323282 0.3437458 0.5844764 0.3437458 0.5952186 0.3608358 0.6054726 0.3608358 0.6152382 0.3608358 0.6323282 0.3608358 0.5844764 0.3608358 0.5844764 0.5283173 0.5952186 0.5283173 0.6054726 0.5283173 0.6152382 0.5283173 0.6323282 0.5283173 0.7661181 0.3911094 0.7514696 0.3935509 0.7592821 0.3979454 0.7680712 0.3974571 0.7846729 0.3959923 0.7827198 0.3896446 0.7602587 0.3847618 0.7417039 0.3876914 0.7788135 0.3828086 0.8007863 0.3891563 0.7988332 0.381832 0.8022512 0.3950157 0.8217825 0.3950157 0.8217825 0.388668 0.8217825 0.3813437 0.7680712 0.481442 0.7705127 0.4731412 0.7612353 0.4721646 0.7534227 0.4780241 0.7836964 0.4829069 0.7856495 0.4736295 0.7456102 0.48486 0.7631884 0.4892546 0.8007863 0.4829069 0.8217825 0.481442 0.8217825 0.4726529 0.8012746 0.4736295 0.7993215 0.491696 0.8217825 0.4921843 0.7807667 0.4907194 0.7695361 0.4643521 0.7558641 0.4658169 0.7661181 0.4550747 0.7509813 0.4575161 0.7851612 0.4643521 0.7841846 0.4545864 0.7631884 0.4438441 0.764165 0.4331019 0.7412156 0.4331019 0.7446336 0.4462855 0.7827198 0.4443324 0.7861378 0.4331019 0.8012746 0.445309 0.8217825 0.4467738 0.8217825 0.4331019 0.8056691 0.4331019 0.8012746 0.4550747 0.8217825 0.4550747 0.8017629 0.4643521 0.8217825 0.4638638 0.7685595 0.4033166 0.7519579 0.4008751 0.7856495 0.4018517 0.7666064 0.4091759 0.7851612 0.4081994 0.7485399 0.4072228 0.8027394 0.4008751 0.8217825 0.4008751 0.8027394 0.4072228 0.8217825 0.4072228 0.8032277 0.4135705 0.8217825 0.4130822 0.7851612 0.4155236 0.7651415 0.4165002 0.7451219 0.4155236 0.7421922 0.4711881 0.7309616 0.4633755 0.7294968 0.4794889 0.7128952 0.4716763 0.7197311 0.4531215 0.6962935 0.4614224 0.7094771 0.4331019 0.6782269 0.4331019 0.7392625 0.3974571 0.7260788 0.4038048 0.724614 0.392086 0.7148483 0.4116174 0.6909223 0.4062462 0.7080123 0.3984337 0.9956118 0.6289039 0.946295 0.6289039 0.946295 0.6464821 0.9956118 0.6464821 0.8588921 0.6782206 0.8974666 0.6782206 0.8974666 0.6635721 0.8588921 0.6635721 0.4008814 0.1733346 0.4731475 0.1733346 0.4731475 0.1176702 0.4008814 0.1176702 0.3305685 0.1733346 0.2646501 0.1733346 0.2646501 0.2333936 0.3305685 0.2333936 0.4731475 0.0624941 0.4731475 0.006829679 0.4008814 0.006829679 0.4008814 0.0624941 0.8974666 0.7060528 0.8588921 0.7060528 0.8588921 0.7197248 0.8974666 0.7197248 0.8974666 0.5185516 0.8588921 0.5185516 0.8588921 0.5419893 0.8974666 0.5419893 0.8974666 0.6289039 0.8588921 0.6289039 0.8588921 0.6464821 0.8974666 0.6464821 0.946295 0.6782206 0.9956118 0.6782206 0.9956118 0.6635721 0.946295 0.6635721 0.946295 0.6030248 0.9956118 0.6030248 0.9956118 0.5688449 0.946295 0.5688449 0.8588921 0.6030248 0.8974666 0.6030248 0.8974666 0.5688449 0.8588921 0.5688449 0.2646501 0.006829679 0.2646501 0.0624941 0.3305685 0.0624941 0.3305685 0.006829679 0.9956118 0.7060528 0.946295 0.7060528 0.946295 0.7197248 0.9956118 0.7197248 0.9956118 0.5185516 0.946295 0.5185516 0.946295 0.5419893 0.9956118 0.5419893 0.8588921 0.7324202 0.8974666 0.7324202 0.7749072 0.6782206 0.8149465 0.6782206 0.8149465 0.6635721 0.7734424 0.6635721 0.4008814 0.295894 0.4731475 0.295894 0.4731475 0.2333936 0.4008814 0.2333936 0.6142617 0.6074194 0.6142617 0.5624973 0.6035194 0.5624973 0.6035194 0.6074194 0.7719775 0.6030248 0.8149465 0.6030248 0.8149465 0.5688449 0.7719775 0.5688449 0.2646501 0.295894 0.3305685 0.295894 0.8149465 0.7060528 0.7753955 0.7060528 0.774419 0.7197248 0.8149465 0.7197248 0.2646501 0.4179651 0.2646501 0.4750943 0.3305685 0.4750943 0.3305685 0.4179651 0.4008814 0.4750943 0.4731475 0.4750943 0.4731475 0.4179651 0.4008814 0.4179651 0.5688512 0.6074194 0.5688512 0.5624973 0.5561559 0.5624973 0.5556676 0.6074194 0.5136751 0.6074194 0.5112337 0.5624973 0.4829132 0.5624973 0.4843781 0.6074194 0.5927772 0.5624973 0.5922889 0.6074194 0.7734424 0.7324202 0.8149465 0.7324202 0.5307651 0.5624973 0.5307651 0.6074194 0.5424839 0.6074194 0.5419956 0.5624973 0.8149465 0.6289039 0.7719775 0.6289039 0.7724658 0.6464821 0.8149465 0.6464821 0.4350613 0.5624973 0.4335965 0.6074194 0.4575224 0.6074194 0.458499 0.5624973 0.8149465 0.5185516 0.7719775 0.5185516 0.7719775 0.5419893 0.8149465 0.5419893 0.5927772 0.6552713 0.5932655 0.7001934 0.6040077 0.694334 0.6035194 0.651365 0.5307651 0.9902343 0.5542027 0.9902343 0.5639684 0.939941 0.551273 0.9218745 0.5698278 0.7226545 0.5688512 0.6704081 0.5561559 0.680662 0.5571324 0.7392561 0.4443387 0.744139 0.4682647 0.7617173 0.4707061 0.7133771 0.4467802 0.7226545 0.3178731 0.6137671 0.3178731 0.6430641 0.3481467 0.6538064 0.345217 0.6137671 0.5971717 0.8115222 0.5991249 0.840331 0.6074257 0.8320302 0.6064491 0.8027331 0.3632835 0.7900378 0.3769555 0.7807603 0.3706078 0.7636704 0.3476585 0.7773423 0.6162148 0.8266591 0.6157265 0.7978503 0.5825232 0.8740227 0.5771521 0.8466787 0.5659215 0.8769524 0.5737341 0.9028314 0.5307651 0.680662 0.5307651 0.747557 0.5434605 0.747557 0.5429722 0.680662 0.6142617 0.6918926 0.6142617 0.6499001 0.2646501 0.3598592 0.3305685 0.3598592 0.4008814 0.3598592 0.4731475 0.3598592 0.7285202 0.5185516 0.7285202 0.5419893 0.7285202 0.6030248 0.7285202 0.5688449 0.7285202 0.6289039 0.7294968 0.6464821 0.73145 0.6782206 0.7304733 0.6635721 0.7324265 0.7060528 0.7319382 0.7197248 0.7309616 0.7324202 0.6850629 0.7324202 0.6850629 0.7197248 0.6850629 0.7060528 0.6850629 0.6782206 0.6850629 0.6635721 0.6850629 0.6289039 0.6850629 0.6464821 0.6850629 0.6030248 0.6850629 0.5688449 0.6850629 0.5185516 0.6850629 0.5419893 0.3305685 0.1176702 0.2646501 0.1176702 0.4790069 0.6630838 0.5058626 0.6728495 0.6152382 0.7651352 0.6054726 0.7690415 0.5957069 0.7778306 0.5737341 0.8115222 0.5610387 0.8383779 0.5307651 0.9106439 0.5463902 0.8745109 0.4404325 0.6796855 0.455081 0.6557596 0.4414091 0.6420876 0.4335965 0.6625955 0.3178731 0.6791972 0.3432639 0.687498 0.79688 0.3730429 0.8217825 0.3730429 0.774419 0.3730429 0.7519579 0.3730429 0.7299851 0.3730429 0.7080123 0.3730429 0.6479533 0.3730429 0.6479533 0.398922 0.6479533 0.4331019 0.6479533 0.4731412 0.6479533 0.5034149 0.7163131 0.5034149 0.7563524 0.5034149 0.7758838 0.5034149 0.7929738 0.5034149 0.4326199 0.7822252 0.4472685 0.8325185 0.4624053 0.8022448 0.4394559 0.7646469 0.4042994 0.8046862 0.3994166 0.8330067 0.4179714 0.8447256 0.4150417 0.8032214 0.3427756 0.7460921 0.3652367 0.747557 0.3642601 0.7270491 0.341799 0.7172834 0.6245157 0.824706 0.6245157 0.7968737 0.6245157 0.7651352 0.6245157 0.6933575 0.6245157 0.6523415 0.6245157 0.6074194 0.6245157 0.5624973 0.6850629 0.7548813 0.7285202 0.7548813 0.7719775 0.7548813 0.8149465 0.7548813 0.8588921 0.7548813 0.8217825 0.5034149 0.7363328 0.5034149 0.9956118 0.6914043 0.946295 0.6914043 0.8974666 0.6914043 0.8588921 0.6914043 0.8149465 0.6914043 0.7753955 0.6914043 0.7319382 0.6914043 0.6850629 0.6914043 0.5810584 0.5624973 0.5810584 0.6074194 0.5810584 0.6621072 0.5820349 0.7094708 0.5849646 0.7915026 0.5878943 0.8256825 0.5908241 0.854003 0.4819366 0.8989251 0.4614287 0.9262691 0.4907258 0.9902343 0.491214 0.8481436 0.5009797 0.733885 0.5239291 0.4750943 0.5239291 0.4179651 0.5239291 0.3598592 0.5239291 0.295894 0.5239291 0.2333936 0.5239291 0.1733346 0.5239291 0.1176702 0.5239291 0.0624941 0.5239291 0.006829679 0.3823266 0.6499001 0.3735375 0.6137671 0.3652367 0.6425759 0.3745141 0.6635721 0.3686547 0.6816386 0.3647484 0.7065411 0.3876978 0.6137671 0.3930689 0.6420876 0.4047877 0.6401345 0.3959986 0.6137671 0.4067408 0.6074194 0.4150417 0.6420876 0.3178731 0.7128888 0.3178731 0.7451156 0.3437522 0.8129871 0.3676781 0.8124988 0.3945338 0.8022448 0.3847681 0.8242176 0.4404325 0.8808586 0.3178731 0.7783189 0.3178731 0.8139637 0.3852564 0.7929674 0.4306668 0.8276356 0.4248074 0.6499001 0.3803735 0.8530264 0.3789086 0.8764641 0.3906275 0.8779289 0.3955103 0.8613272 0.3637718 0.847167 0.362307 0.8735343 0.3413107 0.8461905 0.3178731 0.8442373 0.3178731 0.8710929 0.3398459 0.8725578 0.3798852 0.8979486 0.3964869 0.8945306 0.3828149 0.9243159 0.4038112 0.9184565 0.362307 0.8994134 0.3632835 0.9262691 0.388186 0.9541013 0.3925806 0.9902343 0.4228542 0.9902343 0.4126002 0.950195 0.3637718 0.9555661 0.3637718 0.9902343 0.3388693 0.9545895 0.3178731 0.9487302 0.3178731 0.9902343 0.3354513 0.9902343 0.3393576 0.9252925 0.3178731 0.9218745 0.3398459 0.8984368 0.3178731 0.8959954 0.6005898 0.903808 0.6015663 0.8828118 0.5966834 0.8862298 0.5937538 0.9018549 0.6074257 0.9028314 0.607914 0.8793938 0.5981483 0.9287105 0.6064491 0.9282222 0.5898475 0.9257808 0.6157265 0.8994134 0.6245157 0.8945306 0.6245157 0.8725578 0.6162148 0.8754875 0.6157265 0.9238276 0.6245157 0.9165034 0.6157265 0.9511716 0.6162148 0.9902343 0.6245157 0.9902343 0.6245157 0.9374996 0.6059608 0.9555661 0.6054726 0.9902343 0.5961952 0.9560544 0.5864295 0.9545895 0.5830115 0.9902343 0.5947303 0.9902343 0.6005898 0.8627921 0.594242 0.8735343 0.607914 0.8559561 0.6162148 0.8515615 0.6245157 0.8496084 0.5883826 0.8911126 0.5820349 0.9174799 0.5761755 0.950195 0.5698278 0.9902343 0.408694 0.8789055 0.422366 0.9062494 0.4360379 0.9423825 0.4541044 0.9902343 0.4570341 0.6889629 0.444827 0.7006817 0.4248074 0.7949206 0.61475 0.7294905 0.6245157 0.7309554 0.604496 0.7329085 0.594242 0.7402327 0.5830115 0.7524399 0.5712927 0.7695298 0.5585973 0.7919909 0.5444371 0.8217762 0.5307651 0.8320302 0.4965852 0.7934557 0.6455119 0.5185516 0.6455119 0.5419893 0.6455119 0.5688449 0.6455119 0.6030248 0.6455119 0.6289039 0.6455119 0.6464821 0.6455119 0.6635721 0.6455119 0.6782206 0.6455119 0.6914043 0.6455119 0.7060528 0.6455119 0.7197248 0.6455119 0.7324202 0.6455119 0.754393 0.4091823 0.5624973 0.4008814 0.551755 0.4365262 0.551755 0.4365262 0.5126922 0.3305685 0.551755 0.2646501 0.551755 0.4731475 0.551755 0.4731475 0.5126922 0.5239291 0.551755 0.5239291 0.5126922 0.946295 0.7324202 0.9956118 0.7324202 0.8974666 0.7548813 0.9218808 0.754393 0.9218808 0.7416975 0.946295 0.7416975 0.9692444 0.7416975 0.9692444 0.754393 0.9956118 0.754393 0.5742224 0.538083 0.5742224 0.5444307 0.5542027 0.5444307 0.5542027 0.538083 0.5371128 0.538083 0.5371128 0.5512667 0.5634801 0.5444307 0.5634801 0.538083 0.5634801 0.5512667 0.5742224 0.2363233 0.5742224 0.2075145 0.5634801 0.2075145 0.5634801 0.2363233 0.5542027 0.2075145 0.5542027 0.2363233 0.5371128 0.2075145 0.5371128 0.2363233 0.5742224 0.2553664 0.5634801 0.2553664 0.5542027 0.2553664 0.5371128 0.2553664 0.5742224 0.3959923 0.5742224 0.378414 0.5634801 0.378414 0.5634801 0.395504 0.5542027 0.378414 0.5542027 0.3959923 0.5371128 0.378414 0.5371128 0.3959923 0.5742224 0.4135705 0.5634801 0.4130822 0.5542027 0.4135705 0.5371128 0.4135705 0.5742224 0.4311488 0.5634801 0.4311488 0.5542027 0.4311488 0.5371128 0.4311488 0.5742224 0.448727 0.5634801 0.448727 0.5542027 0.448727 0.5371128 0.448727 0.5742224 0.4663052 0.5634801 0.4663052 0.5542027 0.4663052 0.5371128 0.4663052 0.5742224 0.4838834 0.5634801 0.4838834 0.5542027 0.4838834 0.5371128 0.4838834 0.5742224 0.5009734 0.5634801 0.5009734 0.5542027 0.5009734 0.5371128 0.5014617 0.5742224 0.5185516 0.5634801 0.5185516 0.5542027 0.5185516 0.5371128 0.5185516 0.5742224 0.2734329 0.5634801 0.2734329 0.5542027 0.2734329 0.5371128 0.2734329 0.5742224 0.2914994 0.5634801 0.2914994 0.5542027 0.2914994 0.5371128 0.2914994 0.5742224 0.3090777 0.5634801 0.3090777 0.5542027 0.3090777 0.5371128 0.3090777 0.5742224 0.3261676 0.5634801 0.3256794 0.5542027 0.3261676 0.5371128 0.3261676 0.5742224 0.3432575 0.5634801 0.3432575 0.5542027 0.3432575 0.5371128 0.3437458 0.5742224 0.3608358 0.5634801 0.3608358 0.5542027 0.3608358 0.5371128 0.3608358 0.5742224 0.5283173 0.5634801 0.5283173 0.5542027 0.5283173 0.5371128 0.5283173 0.8842829 0.3979454 0.8925838 0.3935509 0.8779352 0.3911094 0.8754938 0.3974571 0.8593804 0.3959923 0.8613335 0.3896446 0.8837947 0.3847618 0.9018612 0.3876914 0.8647516 0.3828086 0.8447319 0.381832 0.843267 0.3891563 0.8418022 0.3950157 0.8828181 0.4721646 0.8735407 0.4731412 0.8759821 0.481442 0.8906306 0.4780241 0.8584039 0.4736295 0.8598687 0.4829069 0.8808649 0.4892546 0.8979549 0.48486 0.8427787 0.4829069 0.8422905 0.4736295 0.8447319 0.491696 0.8627984 0.4907194 0.8877009 0.4658169 0.874029 0.4643521 0.8925838 0.4575161 0.8779352 0.4550747 0.8598687 0.4545864 0.8584039 0.4643521 0.9023495 0.4331019 0.8798884 0.4331019 0.8808649 0.4438441 0.8989314 0.4462855 0.8574273 0.4331019 0.8608453 0.4443324 0.8422905 0.445309 0.8383842 0.4331019 0.8422905 0.4550747 0.8422905 0.4643521 0.8754938 0.4033166 0.8916072 0.4008751 0.8584039 0.4018517 0.8584039 0.4081994 0.8774469 0.4091759 0.8955135 0.4072228 0.8408256 0.4008751 0.8408256 0.4072228 0.8403373 0.4135705 0.8584039 0.4155236 0.8989314 0.4155236 0.8784235 0.4165002 0.9013729 0.4711881 0.9130917 0.4633755 0.9145566 0.4794889 0.93067 0.4716763 0.9472716 0.4614224 0.923834 0.4531215 0.9345762 0.4331019 0.9653381 0.4331019 0.9043026 0.3974571 0.9179745 0.4038048 0.9194394 0.392086 0.9287168 0.4116174 0.9526427 0.4062462 0.9360411 0.3984337 0.946295 0.8627921 0.946295 0.8803703 0.9956118 0.8803703 0.9956118 0.8627921 0.8974666 0.8452139 0.8974666 0.8310536 0.8588921 0.8310536 0.8588921 0.8452139 0.05664098 0.1176702 0.05664098 0.1733346 0.1284188 0.1733346 0.1284188 0.1176702 0.19922 0.1733346 0.19922 0.2333936 0.1284188 0.006829679 0.05664098 0.006829679 0.05664098 0.0624941 0.1284188 0.0624941 0.8588921 0.7890612 0.8588921 0.8027331 0.8974666 0.8027331 0.8974666 0.7890612 0.8588921 0.967285 0.8588921 0.9902343 0.8974666 0.9902343 0.8974666 0.967285 0.8588921 0.8627921 0.8588921 0.8803703 0.8974666 0.8803703 0.8974666 0.8627921 0.9956118 0.8452139 0.9956118 0.8310536 0.946295 0.8310536 0.946295 0.8452139 0.9956118 0.9404293 0.9956118 0.9062494 0.946295 0.9062494 0.946295 0.9404293 0.8974666 0.9404293 0.8974666 0.9062494 0.8588921 0.9062494 0.8588921 0.9404293 0.19922 0.0624941 0.19922 0.006829679 0.946295 0.7890612 0.946295 0.8027331 0.9956118 0.8027331 0.9956118 0.7890612 0.946295 0.967285 0.946295 0.9902343 0.9956118 0.9902343 0.9956118 0.967285 0.8588921 0.776854 0.8974666 0.776854 0.8149465 0.8452139 0.8149465 0.8310536 0.7749072 0.8310536 0.7734424 0.8452139 0.05664098 0.2333936 0.05664098 0.295894 0.1284188 0.295894 0.1284188 0.2333936 0.03222677 0.5624973 0.02148451 0.5624973 0.02148451 0.6074194 0.03222677 0.6074194 0.8149465 0.9404293 0.8149465 0.9062494 0.7719775 0.9062494 0.7719775 0.9404293 0.19922 0.295894 0.774419 0.7890612 0.7753955 0.8027331 0.8149465 0.8027331 0.8149465 0.7890612 0.19922 0.4750943 0.19922 0.4179651 0.05664098 0.4179651 0.05664098 0.4750943 0.1284188 0.4750943 0.1284188 0.4179651 0.07959034 0.5624973 0.06689496 0.5624973 0.06689496 0.6074194 0.08007863 0.6074194 0.1523447 0.5624973 0.1245125 0.5624973 0.1220711 0.6074194 0.1513681 0.6074194 0.04345731 0.6074194 0.04296902 0.5624973 0.8149465 0.776854 0.7734424 0.776854 0.09277403 0.6074194 0.1049811 0.6074194 0.1049811 0.5624973 0.0937506 0.5624973 0.7724658 0.8627921 0.7719775 0.8803703 0.8149465 0.8803703 0.8149465 0.8627921 0.1782238 0.6074194 0.2021497 0.6074194 0.2001966 0.5624973 0.1772472 0.5624973 0.7719775 0.967285 0.7719775 0.9902343 0.8149465 0.9902343 0.8149465 0.967285 0.03173848 0.694334 0.04248074 0.7001934 0.04296902 0.6552713 0.03222677 0.651365 0.0717778 0.939941 0.0810552 0.9902343 0.1049811 0.9902343 0.08447319 0.9218745 0.07959034 0.680662 0.06689496 0.6704081 0.06591839 0.7226545 0.07861378 0.7392561 0.1650401 0.7133771 0.1669932 0.7617173 0.1914075 0.744139 0.188966 0.7226545 0.2875995 0.6538064 0.2905292 0.6137671 0.02832049 0.8320302 0.03613304 0.840331 0.03857446 0.8120105 0.02929706 0.8027331 0.2646501 0.7636704 0.2587907 0.7807603 0.2724627 0.7900378 0.2880878 0.7773423 0.02001966 0.7978503 0.01953137 0.8266591 0.06982466 0.8769524 0.05810584 0.8466787 0.05273471 0.8740227 0.06201211 0.9028314 0.09228574 0.747557 0.1049811 0.747557 0.1049811 0.680662 0.09277403 0.680662 0.02148451 0.6499001 0.02099623 0.6918926 0.19922 0.3598592 0.05664098 0.3598592 0.1284188 0.3598592 0.7285202 0.967285 0.7285202 0.9902343 0.7285202 0.9062494 0.7285202 0.9404293 0.7294968 0.8627921 0.7285202 0.8803703 0.73145 0.8310536 0.7304733 0.8452139 0.7319382 0.7890612 0.7324265 0.8027331 0.7309616 0.776854 0.6850629 0.776854 0.6850629 0.7890612 0.6850629 0.8027331 0.6850629 0.8310536 0.6850629 0.8452139 0.6850629 0.8627921 0.6850629 0.8803703 0.6850629 0.9062494 0.6850629 0.9404293 0.6850629 0.967285 0.6850629 0.9902343 0.19922 0.1176702 0.1298836 0.6728495 0.1567393 0.6630838 0.03027363 0.7690415 0.02050794 0.7651352 0.04003932 0.7778306 0.0747075 0.8383779 0.06201211 0.8115222 0.1049811 0.9106439 0.08935603 0.8745109 0.1943372 0.6420876 0.1806652 0.6557596 0.1953137 0.6796855 0.2021497 0.6625955 0.2924823 0.687498 0.8466851 0.3730429 0.8916072 0.3730429 0.8696344 0.3730429 0.9140683 0.3730429 0.9355528 0.3730429 0.9956118 0.3730429 0.9956118 0.398922 0.9956118 0.4331019 0.9956118 0.4731412 0.9956118 0.5034149 0.9277402 0.5034149 0.8676813 0.5034149 0.8872126 0.5034149 0.8510796 0.5034149 0.1733409 0.8022448 0.1879895 0.8325185 0.2031263 0.7822252 0.195802 0.7646469 0.2177748 0.8447256 0.2363296 0.8330067 0.2314468 0.8046862 0.2207045 0.8032214 0.2714861 0.7270491 0.2705095 0.747557 0.2924823 0.7456039 0.2934589 0.7167951 0.01074226 0.7968737 0.01074226 0.824706 0.01074226 0.7651352 0.01074226 0.6523415 0.01074226 0.6933575 0.01074226 0.6074194 0.01074226 0.5624973 0.9072323 0.5034149 0.946295 0.81787 0.9956118 0.81787 0.8974666 0.81787 0.8588921 0.81787 0.8149465 0.81787 0.7753955 0.81787 0.7319382 0.81787 0.6850629 0.81787 0.05468785 0.6074194 0.05468785 0.5624973 0.05468785 0.6616189 0.05371128 0.7094708 0.04785186 0.8256825 0.05078157 0.7915026 0.04443387 0.854003 0.1445322 0.9902343 0.1738292 0.9262691 0.1538096 0.8989251 0.1445322 0.8481436 0.1347665 0.733885 0.005859412 0.4750943 0.005859412 0.4179651 0.005859412 0.3598592 0.005859412 0.295894 0.005859412 0.2333936 0.005859412 0.1733346 0.005859412 0.1176702 0.005859412 0.0624941 0.005859412 0.006829679 0.2705095 0.6425759 0.2622087 0.6137671 0.2534196 0.6499001 0.2612321 0.6635721 0.2670915 0.6816386 0.2705095 0.7065411 0.2309585 0.6401345 0.2426773 0.6420876 0.2480484 0.6137671 0.2397476 0.6137671 0.2290054 0.6074194 0.2207045 0.6420876 0.291994 0.8129871 0.2680681 0.8124988 0.2412125 0.8022448 0.2509781 0.8242176 0.1953137 0.8808586 0.2504899 0.7929674 0.2050794 0.8276356 0.2109388 0.6499001 0.2446305 0.8779289 0.2568375 0.8764641 0.2553727 0.8530264 0.2402359 0.8613272 0.2734392 0.8735343 0.2719744 0.847167 0.2944354 0.8461905 0.2959003 0.8725578 0.2392593 0.8945306 0.255861 0.8979486 0.2319351 0.9184565 0.252443 0.9243159 0.2724627 0.9262691 0.2734392 0.8989251 0.212892 0.9902343 0.2431656 0.9902343 0.2475602 0.9541013 0.2231459 0.950195 0.2719744 0.9902343 0.2719744 0.9555661 0.2963886 0.9545895 0.3002949 0.9902343 0.2959003 0.9252925 0.2959003 0.8984368 0.03906275 0.886718 0.03369162 0.8828118 0.03515647 0.903808 0.04199245 0.9018549 0.02783221 0.8793938 0.02832049 0.9023432 0.02929706 0.9282222 0.03759789 0.9287105 0.04541044 0.9257808 0.01074226 0.8725578 0.01074226 0.8945306 0.01953137 0.8989251 0.01953137 0.8754875 0.01074226 0.9165034 0.02001966 0.9238276 0.01074226 0.9902343 0.01953137 0.9902343 0.02001966 0.9511716 0.01074226 0.9374996 0.02978534 0.9902343 0.02978534 0.9555661 0.05273471 0.9902343 0.04931672 0.9545895 0.03955103 0.9560544 0.04101589 0.9902343 0.04150417 0.8735343 0.03466819 0.8627921 0.02783221 0.8559561 0.01953137 0.8515615 0.01074226 0.8496084 0.04736358 0.8911126 0.05371128 0.9174799 0.0654301 0.9902343 0.05957069 0.950195 0.2270522 0.8789055 0.2133802 0.9062494 0.1997083 0.9423825 0.1816418 0.9902343 0.1787121 0.6889629 0.1909192 0.7006817 0.2109388 0.7949206 0.01074226 0.7309554 0.02099623 0.7294905 0.0312502 0.7329085 0.04150417 0.7402327 0.05273471 0.7519516 0.06445353 0.7690415 0.07714892 0.7919909 0.09130917 0.8217762 0.1049811 0.8320302 0.139161 0.7934557 0.6455119 0.967285 0.6455119 0.9902343 0.6455119 0.9404293 0.6455119 0.9062494 0.6455119 0.8803703 0.6455119 0.8627921 0.6455119 0.8452139 0.6455119 0.8310536 0.6455119 0.81787 0.6455119 0.8027331 0.6455119 0.7890612 0.6455119 0.776854 0.2265639 0.5624973 0.09326231 0.5126922 0.09326231 0.551755 0.1284188 0.551755 0.19922 0.551755 0.05664098 0.5131805 0.05664098 0.551755 0.005859412 0.5126922 0.005859412 0.551755 0.946295 0.776854 0.9956118 0.776854 0.9218808 0.7675766 0.946295 0.7675766 0.9692444 0.7675766 0.856939 0.3290973 0.8574273 0.335445 0.8676813 0.335445 0.867193 0.3290973 0.8466851 0.3290973 0.8471733 0.335445 0.8359428 0.3290973 0.8369194 0.335445 0.8252005 0.3290973 0.8252005 0.3359333 0.9809632 0.3290973 0.9804749 0.335445 0.9912172 0.3359333 0.9912172 0.3290973 0.9707093 0.3290973 0.970221 0.3359333 0.9604553 0.3290973 0.959967 0.3359333 0.8779352 0.335445 0.8774469 0.3290973 0.9589905 0.3598592 0.9692444 0.3598592 0.9790101 0.3598592 0.9912172 0.3598592 0.8252005 0.3598592 0.8383842 0.3598592 0.8481499 0.3598592 0.8579156 0.3598592 0.8681695 0.3598592 0.8779352 0.3598592 0.7382859 0.2026317 0.7353562 0.2080028 0.7392625 0.2099559 0.7465867 0.2050731 0.7309616 0.2021434 0.7309616 0.2070262 0.7421922 0.213374 0.7509813 0.2099559 0.7441453 0.2177685 0.7529345 0.2163036 0.7719775 0.3188434 0.7851612 0.3100542 0.7822315 0.2973589 0.7729541 0.2983354 0.793462 0.3037065 0.7900441 0.2954057 0.7646533 0.2968705 0.7597705 0.3110308 0.8168997 0.1879832 0.8090872 0.1879832 0.8061574 0.1972606 0.8168997 0.1987254 0.7729541 0.1879832 0.7910206 0.1992137 0.7993215 0.2055614 0.8085989 0.2036083 0.8168997 0.20312 0.7387742 0.1879832 0.7407274 0.196284 0.7553759 0.1987254 0.7309616 0.1879832 0.7309616 0.1953074 0.7714893 0.2045848 0.7597705 0.2070262 0.7612353 0.2148388 0.771001 0.2138622 0.7841846 0.2080028 0.7812549 0.2158154 0.7895558 0.2172802 0.7929738 0.2109325 0.7734424 0.2807572 0.7661181 0.2812455 0.7812549 0.2807572 0.7885792 0.2802689 0.771001 0.2231396 0.7622119 0.2231396 0.7631884 0.232417 0.7714893 0.232417 0.7802784 0.2236279 0.7802784 0.232417 0.7871143 0.232417 0.7880909 0.2246045 0.7490281 0.2817338 0.7490281 0.2675735 0.7397507 0.2675735 0.7397507 0.2817338 0.7309616 0.2675735 0.7309616 0.2817338 0.8051808 0.3188434 0.8046926 0.3129839 0.8168997 0.3188434 0.8168997 0.3124956 0.8168997 0.3076128 0.8056691 0.3076128 0.7426805 0.3188434 0.7426805 0.3139605 0.7309616 0.3139605 0.7309616 0.3188434 0.7543993 0.2231396 0.7436571 0.2226514 0.7407274 0.2270459 0.7553759 0.2319288 0.7480516 0.2524367 0.7465867 0.239253 0.7382859 0.239253 0.7392625 0.2524367 0.7309616 0.2524367 0.7309616 0.239253 0.7558641 0.2954057 0.7524462 0.3051714 0.7578173 0.2812455 0.7407274 0.3081011 0.7382859 0.3017534 0.7309616 0.3017534 0.7309616 0.3090777 0.7451219 0.3002886 0.7646533 0.2402295 0.7651415 0.252925 0.7729541 0.252925 0.7724658 0.2407179 0.7802784 0.2407179 0.7876026 0.2407179 0.7802784 0.252925 0.7876026 0.2534133 0.7563524 0.2397413 0.757329 0.252925 0.7661181 0.2670852 0.7578173 0.2670852 0.7734424 0.2670852 0.7807667 0.2670852 0.7876026 0.2665969 0.7475633 0.2939408 0.7392625 0.2939408 0.7309616 0.2944291 0.7363328 0.2309521 0.7309616 0.232417 0.8042043 0.2998003 0.8168997 0.3007768 0.8066458 0.2123974 0.8027394 0.2172802 0.8168997 0.2163036 0.8168997 0.2094676 0.8027394 0.2802689 0.8168997 0.2802689 0.8017629 0.2241162 0.8017629 0.2319288 0.8168997 0.2309521 0.8168997 0.2226514 0.8017629 0.2407179 0.8017629 0.252925 0.8168997 0.2524367 0.8168997 0.2397413 0.8022512 0.2665969 0.8168997 0.2665969 0.7226608 0.2099559 0.7265671 0.2080028 0.7231491 0.2026317 0.7153366 0.2050731 0.7114303 0.2099559 0.7197311 0.2128857 0.717778 0.2172802 0.7094771 0.2163036 0.6801801 0.2973589 0.6767621 0.3105425 0.690434 0.3188434 0.6889692 0.2983354 0.6723675 0.295894 0.6689495 0.3037065 0.7026411 0.3110308 0.69727 0.2973589 0.6557659 0.1977488 0.6533244 0.1879832 0.6455119 0.1879832 0.6455119 0.1992137 0.671391 0.1992137 0.6889692 0.1879832 0.6538127 0.2036083 0.6630901 0.2060497 0.6455119 0.2040966 0.7065474 0.1992137 0.7211959 0.196284 0.7236374 0.1879832 0.700688 0.2153271 0.7021528 0.2070262 0.690434 0.2045848 0.6909223 0.2143505 0.6777387 0.2084911 0.6806684 0.2158154 0.6694378 0.2114208 0.6723675 0.2177685 0.6958052 0.2812455 0.6884809 0.2812455 0.6811566 0.2807572 0.6738324 0.2802689 0.6987349 0.232417 0.6997114 0.2231396 0.6909223 0.2231396 0.690434 0.2329053 0.6816449 0.2236279 0.6821332 0.2329053 0.6738324 0.2246045 0.674809 0.2329053 0.7221726 0.2675735 0.7128952 0.2675735 0.7128952 0.2817338 0.7221726 0.2817338 0.657719 0.3129839 0.6572307 0.3188434 0.6455119 0.3129839 0.6455119 0.3188434 0.6567425 0.3081011 0.6455119 0.3081011 0.7192428 0.3139605 0.7192428 0.3188434 0.7207077 0.2270459 0.7182662 0.2221631 0.7080123 0.2231396 0.7065474 0.2319288 0.7236374 0.239253 0.7153366 0.239253 0.7138717 0.252925 0.7226608 0.2524367 0.7099654 0.3051714 0.7060592 0.2954057 0.704106 0.2812455 0.7236374 0.3017534 0.7211959 0.3081011 0.7168014 0.3002886 0.6894575 0.2534133 0.6967818 0.252925 0.6977583 0.2402295 0.6894575 0.2407179 0.6816449 0.2412062 0.6743206 0.2412062 0.6816449 0.2534133 0.674809 0.2534133 0.7045943 0.252925 0.7060592 0.2397413 0.704106 0.2675735 0.6958052 0.2670852 0.6884809 0.2675735 0.6816449 0.2675735 0.6743206 0.2670852 0.71436 0.2939408 0.7226608 0.2939408 0.7251022 0.2309521 0.6586956 0.3002886 0.6455119 0.3012651 0.6562542 0.2128857 0.6591839 0.2177685 0.6455119 0.2099559 0.6455119 0.2172802 0.6596721 0.2802689 0.6455119 0.2807572 0.6601604 0.2246045 0.6606487 0.232417 0.6455119 0.2231396 0.6455119 0.2314405 0.6460001 0.2534133 0.6601604 0.2534133 0.6606487 0.2412062 0.6460001 0.2402295 0.6596721 0.2670852 0.6455119 0.2670852 0.9502013 0.3290973 0.9497131 0.3359333 0.9399474 0.3290973 0.9399474 0.3359333 0.9296934 0.3290973 0.9296934 0.3359333 0.9189511 0.3290973 0.9194394 0.335445 0.9086971 0.3290973 0.9086971 0.335445 0.8984432 0.3290973 0.8979549 0.335445 0.8877009 0.3290973 0.8877009 0.335445 0.9086971 0.3598592 0.9189511 0.3598592 0.9292051 0.3598592 0.9394591 0.3598592 0.9492248 0.3598592 0.8881892 0.3598592 0.8984432 0.3598592 0.7729541 0.335445 0.7832081 0.335445 0.7832081 0.3290973 0.7729541 0.3290973 0.793462 0.335445 0.7939503 0.3290973 0.803716 0.335445 0.8042043 0.3290973 0.8149465 0.3359333 0.8149465 0.3290973 0.6489299 0.3359333 0.6601604 0.335445 0.6596721 0.3290973 0.6489299 0.3290973 0.6704144 0.3359333 0.6699261 0.3290973 0.6801801 0.3359333 0.6801801 0.3290973 0.7627001 0.335445 0.7627001 0.3290973 0.671391 0.3598592 0.6811566 0.3598592 0.6616253 0.3598592 0.6489299 0.3598592 0.8017629 0.3598592 0.8149465 0.3598592 0.7919972 0.3598592 0.7822315 0.3598592 0.7724658 0.3598592 0.7622119 0.3598592 0.9023495 0.2099559 0.9062557 0.2080028 0.903326 0.2026317 0.8950252 0.2050731 0.9106503 0.2021434 0.9106503 0.2070262 0.8906306 0.2099559 0.8989314 0.213374 0.8974666 0.2177685 0.8886775 0.2163036 0.8593804 0.2973589 0.8564507 0.3100542 0.8696344 0.3188434 0.8686578 0.2983354 0.8515679 0.2954057 0.8481499 0.3037065 0.8818415 0.3110308 0.8769587 0.2968705 0.8349662 0.1972606 0.8325248 0.1879832 0.8247122 0.1879832 0.8247122 0.1987254 0.8505913 0.1992137 0.8686578 0.1879832 0.8330131 0.2036083 0.8422905 0.2055614 0.8247122 0.20312 0.8857478 0.1987254 0.9008846 0.196284 0.9028378 0.1879832 0.9106503 0.1879832 0.9106503 0.1953074 0.8798884 0.2148388 0.8818415 0.2070262 0.8701227 0.2045848 0.870611 0.2138622 0.8574273 0.2080028 0.860357 0.2158154 0.8486382 0.2109325 0.8520561 0.2172802 0.8754938 0.2812455 0.8681695 0.2807572 0.860357 0.2807572 0.8530327 0.2802689 0.8779352 0.232417 0.8789118 0.2231396 0.8701227 0.2231396 0.8701227 0.232417 0.8613335 0.2236279 0.8613335 0.232417 0.853521 0.2246045 0.8540093 0.232417 0.9013729 0.2675735 0.8925838 0.2675735 0.8925838 0.2817338 0.9018612 0.2817338 0.9106503 0.2675735 0.9106503 0.2817338 0.8369194 0.3129839 0.8364311 0.3188434 0.8247122 0.3124956 0.8247122 0.3188434 0.8359428 0.3081011 0.8247122 0.3076128 0.9106503 0.3139605 0.8989314 0.3139605 0.8989314 0.3188434 0.9106503 0.3188434 0.9003963 0.2270459 0.8979549 0.2226514 0.8872126 0.2231396 0.8862361 0.2319288 0.903326 0.239253 0.8950252 0.239253 0.8935603 0.252925 0.9023495 0.2524367 0.9106503 0.2524367 0.9106503 0.239253 0.8891658 0.3051714 0.8857478 0.2954057 0.8837947 0.2812455 0.9106503 0.3017534 0.903326 0.3017534 0.9008846 0.3081011 0.9106503 0.3090777 0.89649 0.3002886 0.8686578 0.252925 0.8764704 0.252925 0.8769587 0.2402295 0.8691461 0.2407179 0.8613335 0.2407179 0.8540093 0.2412062 0.8613335 0.2534133 0.8540093 0.2534133 0.8842829 0.252925 0.8852595 0.2397413 0.8837947 0.2675735 0.8754938 0.2670852 0.8681695 0.2670852 0.8608453 0.2670852 0.8540093 0.2665969 0.8940486 0.2939408 0.9023495 0.2939408 0.9106503 0.2944291 0.9052792 0.2309521 0.9106503 0.232417 0.8374076 0.2998003 0.8247122 0.3007768 0.8349662 0.2123974 0.8388725 0.2172802 0.8247122 0.2094676 0.8247122 0.2163036 0.8388725 0.2802689 0.8247122 0.2802689 0.8393608 0.2241162 0.8398491 0.2319288 0.8247122 0.2226514 0.8247122 0.2309521 0.8247122 0.2524367 0.8398491 0.252925 0.8398491 0.2407179 0.8247122 0.2397413 0.8393608 0.2665969 0.8247122 0.2665969 0.9179745 0.2026317 0.9150448 0.2080028 0.9189511 0.2099559 0.9262754 0.2050731 0.9218808 0.2128857 0.9301817 0.2099559 0.9233457 0.2172802 0.9321348 0.2163036 0.9511779 0.3188434 0.9648498 0.3105425 0.9614319 0.2973589 0.9526427 0.2983354 0.9726624 0.3037065 0.9692444 0.295894 0.9438536 0.2973589 0.9389708 0.3110308 0.9961001 0.1879832 0.9882875 0.1879832 0.985846 0.1977488 0.9961001 0.1992137 0.9521545 0.1879832 0.970221 0.1992137 0.9785218 0.2060497 0.9877992 0.2036083 0.9956118 0.2040966 0.9179745 0.1879832 0.920416 0.196284 0.9350645 0.1992137 0.9506896 0.2045848 0.9389708 0.2070262 0.9404356 0.2153271 0.9502013 0.2143505 0.963385 0.2084911 0.9604553 0.2158154 0.9687561 0.2177685 0.9721741 0.2114208 0.9526427 0.2812455 0.9453185 0.2812455 0.9604553 0.2812455 0.9677796 0.2802689 0.9502013 0.2231396 0.9414122 0.2231396 0.9428771 0.232417 0.9511779 0.2329053 0.9594787 0.2236279 0.9594787 0.2329053 0.966803 0.2329053 0.9677796 0.2246045 0.9282285 0.2817338 0.9282285 0.2675735 0.9194394 0.2675735 0.9194394 0.2817338 0.9843812 0.3188434 0.9838929 0.3129839 0.9961001 0.3188434 0.9961001 0.3129839 0.9961001 0.3081011 0.9848695 0.3081011 0.9223691 0.3188434 0.9223691 0.3139605 0.9335997 0.2231396 0.9233457 0.2221631 0.9209043 0.2270459 0.9350645 0.2319288 0.9277402 0.252925 0.9257871 0.239253 0.9179745 0.239253 0.9189511 0.252925 0.9350645 0.2954057 0.9316465 0.3051714 0.9370176 0.2812455 0.920416 0.3081011 0.9174863 0.3017534 0.9248105 0.3002886 0.9438536 0.2402295 0.9448302 0.252925 0.9521545 0.2534133 0.9516662 0.2407179 0.9594787 0.2412062 0.966803 0.2412062 0.959967 0.2534133 0.966803 0.2534133 0.9355528 0.2397413 0.9365293 0.252925 0.9453185 0.2675735 0.9375059 0.2675735 0.9526427 0.2675735 0.959967 0.2675735 0.9672913 0.2670852 0.9272519 0.2939408 0.9189511 0.2939408 0.9165097 0.2309521 0.9829164 0.3002886 0.9961001 0.3012651 0.9853578 0.2128857 0.9819398 0.2177685 0.9956118 0.2172802 0.9956118 0.2099559 0.9819398 0.2802689 0.9956118 0.2807572 0.9814515 0.2246045 0.9809632 0.232417 0.9956118 0.2314405 0.9956118 0.2231396 0.9809632 0.2412062 0.9809632 0.2534133 0.9956118 0.2534133 0.9956118 0.2402295 0.9814515 0.2670852 0.9956118 0.2670852 0.690434 0.3359333 0.690434 0.3290973 0.700688 0.3359333 0.7001997 0.3290973 0.710942 0.3359333 0.7104537 0.3290973 0.7211959 0.335445 0.7211959 0.3290973 0.73145 0.335445 0.73145 0.3290973 0.7421922 0.335445 0.7417039 0.3290973 0.7524462 0.335445 0.7524462 0.3290973 0.7211959 0.3598592 0.73145 0.3598592 0.7114303 0.3598592 0.7011763 0.3598592 0.6909223 0.3598592 0.7519579 0.3598592 0.7417039 0.3598592</float_array>
                    <technique_common>
                        <accessor count="1683" offset="0" source="Object_1-geometry-TEXCOORD-array" stride="2">
                            <param name="S" type="float" />
                            <param name="T" type="float" />
                        </accessor>
                    </technique_common>
                </source>
                <vertices id="Object_1-vertices">
                    <input semantic="POSITION" source="#Object_1-geometry-POSITION" />
                </vertices>
                <triangles count="2832" material="Body">
                    <input semantic="VERTEX" source="#Object_1-vertices" offset="0" set="0" />
                    <input semantic="NORMAL" source="#Object_1-geometry-NORMAL" offset="1" set="0" />
                    <input semantic="TEXCOORD" source="#Object_1-geometry-TEXCOORD" offset="2" set="0" />
                    <p>2 2 2 1 1 1 0 0 0 3 3 3 2 2 2 0 0 0 3 3 3 0 0 0 8 8 8 9 9 9 3 3 3 8 8 8 3 3 3 9 9 9 2 2 2 9 9 9 8 8 8 5 5 5 6 6 6 9 9 9 5 5 5 6 6 6 5 5 5 4 4 4 7 7 7 6 6 6 4 4 4 6 6 6 7 7 7 9 9 9 7 7 7 10 10 10 9 9 9 9 9 9 10 10 10 2 2 2 0 0 0 1 1 1 102 71 102 1 1 1 101 70 101 102 71 102 102 71 102 101 70 101 66 50 66 101 70 101 70 47 70 66 50 66 66 50 66 70 47 70 61 48 61 66 50 66 61 48 61 62 43 62 62 43 62 61 48 61 57 43 57 61 48 61 56 42 56 57 43 57 57 43 57 56 42 56 52 43 52 56 42 56 51 42 51 52 43 52 52 43 52 51 42 51 47 43 47 51 42 51 46 42 46 47 43 47 47 43 47 46 42 46 42 40 42 46 42 46 41 39 41 42 40 42 42 40 42 41 39 41 37 36 37 41 39 41 36 35 36 37 36 37 37 36 37 36 35 36 29 29 29 36 35 36 28 28 28 29 29 29 29 29 29 28 28 28 26 26 26 28 28 28 27 27 27 26 26 26 29 29 29 26 26 26 30 30 30 31 31 31 29 29 29 30 30 30 37 36 37 29 29 29 31 31 31 31 31 31 30 30 30 32 32 32 33 32 33 31 31 31 32 32 32 28 28 28 35 34 35 27 27 27 35 34 35 34 33 34 27 27 27 38 37 38 37 36 37 31 31 31 38 37 38 31 31 31 33 32 33 42 40 42 37 36 37 38 37 38 39 32 39 38 37 38 33 32 33 40 38 40 35 34 35 28 28 28 36 35 36 40 38 40 28 28 28 43 41 43 42 40 42 38 37 38 43 41 43 38 37 38 39 32 39 47 43 47 42 40 42 43 41 43 44 32 44 43 41 43 39 32 39 45 33 45 40 38 40 36 35 36 41 39 41 45 33 45 36 35 36 48 41 48 47 43 47 43 41 43 48 41 48 43 41 43 44 32 44 52 43 52 47 43 47 48 41 48 49 32 49 48 41 48 44 32 44 50 33 50 45 33 45 41 39 41 46 42 46 50 33 50 41 39 41 53 44 53 52 43 52 48 41 48 53 44 53 48 41 48 49 32 49 54 32 54 53 44 53 49 32 49 55 33 55 50 33 50 46 42 46 51 42 51 55 33 55 46 42 46 57 43 57 52 43 52 53 44 53 58 45 58 57 43 57 53 44 53 58 45 58 53 44 53 54 32 54 59 46 59 58 45 58 54 32 54 60 47 60 55 33 55 51 42 51 56 42 56 60 47 60 51 42 51 62 43 62 57 43 57 58 45 58 63 45 63 62 43 62 58 45 58 63 45 63 58 45 58 59 46 59 64 46 64 63 45 63 59 46 59 65 49 65 60 47 60 56 42 56 61 48 61 65 49 65 56 42 56 67 51 67 62 43 62 63 45 63 67 51 67 66 50 66 62 43 62 68 52 68 67 51 67 63 45 63 68 52 68 63 45 63 64 46 64 69 53 69 68 52 68 64 46 64 70 47 70 65 49 65 61 48 61 102 71 102 66 50 66 67 51 67 103 72 103 102 71 102 67 51 67 103 72 103 67 51 67 68 52 68 104 73 104 103 72 103 68 52 68 104 73 104 68 52 68 69 53 69 105 74 105 104 73 104 69 53 69 0 0 0 102 71 102 103 72 103 8 8 8 0 0 0 103 72 103 8 8 8 103 72 103 104 73 104 5 5 5 8 8 8 104 73 104 5 5 5 104 73 104 105 74 105 4 4 4 5 5 5 105 74 105 632 580 632 55 33 55 60 47 60 632 580 632 628 580 628 55 33 55 629 581 629 628 580 628 632 580 632 629 581 629 625 578 625 628 580 628 625 578 625 624 577 624 628 580 628 625 578 625 621 571 621 624 577 624 621 571 621 620 569 620 624 577 624 621 571 621 615 571 615 620 569 620 615 571 615 612 569 612 620 569 620 615 571 615 614 571 614 612 569 612 614 571 614 613 570 613 612 569 612 616 572 616 614 571 614 615 571 615 617 573 617 616 572 616 615 571 615 617 573 617 615 571 615 621 571 621 618 574 618 616 572 616 617 573 617 619 575 619 618 574 618 617 573 617 612 569 612 613 570 613 35 34 35 613 570 613 34 33 34 35 34 35 622 576 622 617 573 617 621 571 621 619 575 619 617 573 617 622 576 622 622 576 622 621 571 621 625 578 625 623 574 623 619 575 619 622 576 622 612 569 612 35 34 35 40 38 40 620 569 620 612 569 612 40 38 40 626 579 626 622 576 622 625 578 625 623 574 623 622 576 622 626 579 626 626 579 626 625 578 625 629 581 629 627 574 627 623 574 623 626 579 626 620 569 620 40 38 40 45 33 45 624 577 624 620 569 620 45 33 45 630 582 630 626 579 626 629 581 629 627 574 627 626 579 626 630 582 630 631 575 631 627 574 627 630 582 630 624 577 624 45 33 45 50 33 50 628 580 628 624 577 624 50 33 50 628 580 628 50 33 50 55 33 55 633 581 633 629 581 629 632 580 632 630 582 630 629 581 629 633 581 633 634 583 634 630 582 630 633 581 633 631 575 631 630 582 630 634 583 634 635 584 635 631 575 631 634 583 634 633 581 633 632 580 632 636 580 636 637 585 637 633 581 633 636 580 636 634 583 634 633 581 633 637 585 637 638 586 638 634 583 634 637 585 637 635 584 635 634 583 634 638 586 638 639 574 639 635 584 635 638 586 638 636 580 636 632 580 632 60 47 60 637 585 637 636 580 636 640 569 640 641 581 641 637 585 637 640 569 640 638 586 638 637 585 637 641 581 641 642 587 642 638 586 638 641 581 641 639 574 639 638 586 638 642 587 642 643 584 643 639 574 639 642 587 642 636 580 636 60 47 60 65 49 65 640 569 640 636 580 636 65 49 65 641 581 641 640 569 640 644 588 644 645 571 645 641 581 641 644 588 644 642 587 642 641 581 641 645 571 645 646 589 646 642 587 642 645 571 645 643 584 643 642 587 642 646 589 646 647 590 647 643 584 643 646 589 646 640 569 640 65 49 65 70 47 70 644 588 644 640 569 640 70 47 70 644 588 644 70 47 70 101 70 101 672 600 672 644 588 644 101 70 101 645 571 645 644 588 644 672 600 672 673 601 673 645 571 645 672 600 672 646 589 646 645 571 645 673 601 673 674 602 674 646 589 646 673 601 673 647 590 647 646 589 646 674 602 674 675 603 675 647 590 647 674 602 674 672 600 672 101 70 101 1 1 1 591 548 591 672 600 672 1 1 1 673 601 673 672 600 672 591 548 591 591 548 591 1 1 1 2 2 2 592 549 592 591 548 591 2 2 2 598 555 598 591 548 591 592 549 592 598 555 598 673 601 673 591 548 591 674 602 674 673 601 673 598 555 598 597 554 597 598 555 598 592 549 592 592 549 592 2 2 2 597 554 597 594 551 594 598 555 598 597 554 597 594 551 594 674 602 674 598 555 598 675 603 675 674 602 674 594 551 594 593 550 593 594 551 594 597 554 597 595 552 595 594 551 594 593 550 593 595 552 595 675 603 675 594 551 594 596 553 596 595 552 595 593 550 593 593 550 593 597 554 597 596 553 596 597 554 597 599 556 599 596 553 596 2 2 2 599 556 599 597 554 597 13 13 13 12 12 12 11 11 11 14 14 14 13 13 13 11 11 11 14 14 14 11 11 11 15 15 15 16 16 16 14 14 14 15 15 15 16 16 16 15 15 15 17 17 17 18 18 18 16 16 16 17 17 17 13 13 13 20 20 20 12 12 12 20 20 20 19 19 19 12 12 12 21 21 21 13 13 13 14 14 14 22 22 22 21 21 21 14 14 14 22 22 22 14 14 14 16 16 16 23 23 23 22 22 22 16 16 16 23 23 23 16 16 16 18 18 18 24 24 24 23 23 23 18 18 18 25 25 25 20 20 20 13 13 13 21 21 21 25 25 25 13 13 13 71 54 71 21 21 21 22 22 22 72 55 72 71 54 71 22 22 22 72 55 72 22 22 22 23 23 23 73 56 73 72 55 72 23 23 23 73 56 73 23 23 23 24 24 24 74 57 74 73 56 73 24 24 24 75 58 75 25 25 25 21 21 21 71 54 71 75 58 75 21 21 21 76 59 76 71 54 71 72 55 72 77 60 77 76 59 76 72 55 72 77 60 77 72 55 72 73 56 73 78 56 78 77 60 77 73 56 73 78 56 78 73 56 73 74 57 74 79 61 79 78 56 78 74 57 74 80 62 80 75 58 75 71 54 71 76 59 76 80 62 80 71 54 71 81 59 81 76 59 76 77 60 77 82 55 82 81 59 81 77 60 77 82 55 82 77 60 77 78 56 78 83 63 83 82 55 82 78 56 78 83 63 83 78 56 78 79 61 79 84 64 84 83 63 83 79 61 79 85 65 85 80 62 80 76 59 76 81 59 81 85 65 85 76 59 76 86 66 86 81 59 81 82 55 82 87 67 87 86 66 86 82 55 82 87 67 87 82 55 82 83 63 83 88 63 88 87 67 87 83 63 83 88 63 88 83 63 83 84 64 84 89 32 89 88 63 88 84 64 84 90 33 90 85 65 85 81 59 81 86 66 86 90 33 90 81 59 81 91 42 91 86 66 86 87 67 87 92 68 92 91 42 91 87 67 87 92 68 92 87 67 87 88 63 88 93 69 93 92 68 92 88 63 88 93 69 93 88 63 88 89 32 89 94 32 94 93 69 93 89 32 89 95 33 95 90 33 90 86 66 86 91 42 91 95 33 95 86 66 86 96 66 96 91 42 91 92 68 92 97 67 97 96 66 96 92 68 92 97 67 97 92 68 92 93 69 93 98 69 98 97 67 97 93 69 93 98 69 98 93 69 93 94 32 94 99 32 99 98 69 98 94 32 94 100 65 100 95 33 95 91 42 91 96 66 96 100 65 100 91 42 91 27 27 27 96 66 96 97 67 97 26 26 26 27 27 27 97 67 97 26 26 26 97 67 97 98 69 98 30 30 30 26 26 26 98 69 98 30 30 30 98 69 98 99 32 99 32 32 32 30 30 30 99 32 99 34 33 34 100 65 100 96 66 96 27 27 27 34 33 34 96 66 96 652 591 652 80 62 80 85 65 85 652 591 652 648 591 648 80 62 80 649 592 649 648 591 648 652 591 652 649 592 649 609 566 609 648 591 648 609 566 609 608 565 608 648 591 648 609 566 609 603 560 603 608 565 608 603 560 603 600 557 600 608 565 608 603 560 603 602 559 602 600 557 600 602 559 602 601 558 601 600 557 600 604 561 604 602 559 602 603 560 603 605 562 605 604 561 604 603 560 603 605 562 605 603 560 603 609 566 609 606 563 606 604 561 604 605 562 605 607 564 607 606 563 606 605 562 605 600 557 600 601 558 601 20 20 20 601 558 601 19 19 19 20 20 20 610 567 610 605 562 605 609 566 609 607 564 607 605 562 605 610 567 610 610 567 610 609 566 609 649 592 649 611 568 611 607 564 607 610 567 610 600 557 600 20 20 20 25 25 25 608 565 608 600 557 600 25 25 25 650 593 650 610 567 610 649 592 649 611 568 611 610 567 610 650 593 650 651 594 651 611 568 611 650 593 650 608 565 608 25 25 25 75 58 75 648 591 648 608 565 608 75 58 75 648 591 648 75 58 75 80 62 80 653 592 653 649 592 649 652 591 652 650 593 650 649 592 649 653 592 653 654 595 654 650 593 650 653 592 653 651 594 651 650 593 650 654 595 654 655 594 655 651 594 651 654 595 654 653 592 653 652 591 652 656 570 656 656 570 656 652 591 652 85 65 85 657 592 657 653 592 653 656 570 656 654 595 654 653 592 653 657 592 657 658 596 658 654 595 654 657 592 657 655 594 655 654 595 654 658 596 658 659 597 659 655 594 655 658 596 658 657 592 657 656 570 656 660 570 660 661 592 661 657 592 657 660 570 660 658 596 658 657 592 657 661 592 661 662 598 662 658 596 658 661 592 661 659 597 659 658 596 658 662 598 662 663 575 663 659 597 659 662 598 662 656 570 656 85 65 85 90 33 90 660 570 660 656 570 656 90 33 90 661 592 661 660 570 660 664 580 664 665 581 665 661 592 661 664 580 664 662 598 662 661 592 661 665 581 665 666 599 666 662 598 662 665 581 665 663 575 663 662 598 662 666 599 666 667 575 667 663 575 663 666 599 666 660 570 660 90 33 90 95 33 95 664 580 664 660 570 660 95 33 95 665 581 665 664 580 664 668 570 668 669 571 669 665 581 665 668 570 668 666 599 666 665 581 665 669 571 669 670 599 670 666 599 666 669 571 669 667 575 667 666 599 666 670 599 670 671 575 671 667 575 667 670 599 670 664 580 664 95 33 95 100 65 100 668 570 668 664 580 664 100 65 100 669 571 669 668 570 668 613 570 613 614 571 614 669 571 669 613 570 613 670 599 670 669 571 669 614 571 614 616 572 616 670 599 670 614 571 614 671 575 671 670 599 670 616 572 616 618 574 618 671 575 671 616 572 616 668 570 668 100 65 100 34 33 34 613 570 613 668 570 668 34 33 34 108 77 108 107 76 107 106 75 106 109 78 109 108 77 108 106 75 106 110 79 110 109 78 109 106 75 106 111 80 111 110 79 110 106 75 106 112 81 112 106 75 106 107 76 107 113 82 113 112 81 112 107 76 107 106 75 106 112 81 112 114 83 114 111 80 111 106 75 106 114 83 114 111 80 111 114 83 114 115 84 115 110 79 110 111 80 111 115 84 115 114 83 114 116 85 116 115 84 115 117 86 117 110 79 110 115 84 115 118 87 118 117 86 117 115 84 115 119 88 119 118 87 118 115 84 115 115 84 115 116 85 116 120 89 120 119 88 119 115 84 115 120 89 120 108 77 108 109 78 109 156 125 156 109 78 109 110 79 110 156 125 156 157 126 157 108 77 108 156 125 156 110 79 110 158 127 158 156 125 156 158 127 158 160 129 160 156 125 156 160 129 160 159 128 159 156 125 156 161 130 161 157 126 157 156 125 156 159 128 159 161 130 161 156 125 156 117 86 117 118 87 118 162 131 162 160 129 160 158 127 158 162 131 162 110 79 110 117 86 117 162 131 162 158 127 158 110 79 110 162 131 162 118 87 118 163 132 163 162 131 162 163 132 163 165 134 165 162 131 162 165 134 165 164 133 164 162 131 162 164 133 164 160 129 160 162 131 162 160 129 160 164 133 164 166 135 166 164 133 164 165 134 165 166 135 166 168 61 168 160 129 160 166 135 166 147 116 147 168 61 168 166 135 166 151 120 151 147 116 147 166 135 166 147 116 147 151 120 151 148 117 148 151 120 151 150 119 150 148 117 148 150 119 150 151 120 151 166 135 166 150 119 150 149 118 149 148 117 148 149 118 149 153 122 153 148 117 148 153 122 153 152 121 152 148 117 148 152 121 152 141 110 141 148 117 148 141 110 141 146 115 146 148 117 148 146 115 146 147 116 147 148 117 148 147 116 147 146 115 146 142 111 142 146 115 146 141 110 141 142 111 142 143 112 143 147 116 147 142 111 142 144 113 144 143 112 143 142 111 142 145 114 145 144 113 144 142 111 142 141 110 141 138 107 138 142 111 142 138 107 138 141 110 141 136 105 136 139 108 139 138 107 138 136 105 136 139 108 139 145 114 145 142 111 142 138 107 138 139 108 139 142 111 142 137 106 137 139 108 139 136 105 136 123 92 123 137 106 137 136 105 136 122 91 122 123 92 123 136 105 136 123 92 123 122 91 122 121 90 121 124 93 124 123 92 123 121 90 121 122 91 122 126 95 126 121 90 121 126 95 126 122 91 122 136 105 136 126 95 126 125 94 125 121 90 121 124 93 124 121 90 121 127 96 127 121 90 121 128 97 128 127 96 127 125 94 125 126 95 126 129 98 129 126 95 126 132 101 132 129 98 129 132 101 132 131 100 131 129 98 129 131 100 131 130 99 130 129 98 129 133 102 133 129 98 129 130 99 130 134 103 134 133 102 133 130 99 130 129 98 129 133 102 133 135 104 135 125 94 125 129 98 129 135 104 135 135 104 135 128 97 128 121 90 121 125 94 125 135 104 135 121 90 121 141 110 141 140 109 140 136 105 136 140 109 140 126 95 126 136 105 136 131 100 131 132 101 132 154 123 154 126 95 126 140 109 140 154 123 154 132 101 132 126 95 126 154 123 154 140 109 140 141 110 141 154 123 154 155 124 155 131 100 131 154 123 154 141 110 141 152 121 152 154 123 154 153 122 153 155 124 155 154 123 154 152 121 152 153 122 153 154 123 154 123 92 123 124 93 124 171 139 171 137 106 137 123 92 123 171 139 171 139 108 139 137 106 137 171 139 171 124 93 124 127 96 127 171 139 171 172 140 172 139 108 139 171 139 171 127 96 127 173 141 173 171 139 171 171 139 171 173 141 173 174 142 174 172 140 172 171 139 171 174 142 174 172 140 172 174 142 174 175 143 175 139 108 139 172 140 172 175 143 175 174 142 174 176 144 176 175 143 175 145 114 145 139 108 139 175 143 175 144 113 144 145 114 145 175 143 175 177 145 177 144 113 144 175 143 175 175 143 175 176 144 176 178 146 178 177 145 177 175 143 175 178 146 178 144 113 144 177 145 177 182 150 182 177 145 177 178 146 178 182 150 182 170 138 170 144 113 144 182 150 182 144 113 144 170 138 170 169 137 169 143 112 143 144 113 144 169 137 169 170 138 170 161 130 161 169 137 169 161 130 161 170 138 170 182 150 182 161 130 161 159 128 159 169 137 169 159 128 159 160 129 160 169 137 169 160 129 160 168 61 168 169 137 169 147 116 147 143 112 143 169 137 169 168 61 168 147 116 147 169 137 169 180 148 180 161 130 161 182 150 182 161 130 161 180 148 180 179 147 179 157 126 157 161 130 161 179 147 179 108 77 108 157 126 157 179 147 179 107 76 107 108 77 108 179 147 179 107 76 107 179 147 179 181 149 181 113 82 113 107 76 107 181 149 181 178 146 178 183 151 183 182 150 182 182 150 182 183 151 183 184 152 184 180 148 180 182 150 182 184 152 184 184 152 184 181 149 181 179 147 179 180 148 180 184 152 184 179 147 179 388 352 388 113 82 113 181 149 181 389 353 389 388 352 388 181 149 181 389 353 389 181 149 181 184 152 184 390 354 390 184 152 184 183 151 183 390 354 390 389 353 389 184 152 184 391 355 391 390 354 390 183 151 183 391 355 391 183 151 183 178 146 178 392 153 392 178 146 178 176 144 176 392 153 392 391 355 391 178 146 178 393 156 393 392 153 392 176 144 176 393 156 393 176 144 176 174 142 174 394 356 394 393 156 393 174 142 174 394 356 394 174 142 174 173 141 173 395 357 395 394 356 394 173 141 173 395 357 395 173 141 173 127 96 127 424 386 424 395 357 395 127 96 127 424 386 424 127 96 127 128 97 128 396 358 396 424 386 424 128 97 128 397 359 397 396 358 396 128 97 128 135 104 135 397 359 397 128 97 128 398 360 398 397 359 397 135 104 135 133 102 133 398 360 398 135 104 135 423 385 423 398 360 398 133 102 133 134 103 134 423 385 423 133 102 133 113 82 113 388 352 388 112 81 112 388 352 388 387 170 387 112 81 112 112 81 112 387 170 387 114 83 114 387 170 387 386 171 386 114 83 114 114 83 114 386 171 386 384 200 384 116 85 116 114 83 114 384 200 384 120 89 120 116 85 116 384 200 384 385 351 385 120 89 120 384 200 384 385 351 385 929 713 929 120 89 120 929 713 929 685 613 685 120 89 120 120 89 120 685 613 685 686 614 686 686 614 686 685 613 685 684 612 684 685 613 685 929 713 929 684 612 684 681 609 681 686 614 686 684 612 684 681 609 681 684 612 684 678 606 678 681 609 681 678 606 678 680 608 680 686 614 686 681 609 681 680 608 680 678 606 678 679 607 679 680 608 680 679 607 679 678 606 678 676 604 676 678 606 678 677 605 677 676 604 676 677 605 677 678 606 678 682 610 682 684 612 684 682 610 682 678 606 678 683 611 683 677 605 677 682 610 682 687 615 687 686 614 686 680 608 680 686 614 686 687 615 687 118 87 118 119 88 119 686 614 686 118 87 118 119 88 119 120 89 120 686 614 686 716 644 716 679 607 679 676 604 676 679 607 679 716 644 716 680 608 680 717 645 717 716 644 716 676 604 676 716 644 716 718 646 718 680 608 680 718 646 718 716 644 716 719 647 719 716 644 716 720 648 720 719 647 719 716 644 716 717 645 717 721 649 721 720 648 720 716 644 716 721 649 721 687 615 687 722 650 722 118 87 118 722 650 722 718 646 718 719 647 719 722 650 722 687 615 687 680 608 680 718 646 718 722 650 722 680 608 680 722 650 722 163 132 163 118 87 118 163 132 163 722 650 722 165 134 165 722 650 722 723 651 723 165 134 165 723 651 723 722 650 722 719 647 719 724 652 724 723 651 723 719 647 719 723 651 723 724 652 724 165 134 165 725 653 725 724 652 724 719 647 719 724 652 724 725 653 725 710 638 710 713 641 713 724 652 724 710 638 710 712 640 712 713 641 713 710 638 710 713 641 713 712 640 712 150 119 150 724 652 724 713 641 713 150 119 150 712 640 712 149 118 149 150 119 150 149 118 149 712 640 712 153 122 153 712 640 712 714 642 714 153 122 153 714 642 714 712 640 712 704 632 704 712 640 712 711 639 711 704 632 704 711 639 711 712 640 712 710 638 710 708 636 708 711 639 711 710 638 710 711 639 711 708 636 708 704 632 704 707 635 707 708 636 708 710 638 710 708 636 708 707 635 707 706 634 706 709 637 709 708 636 708 706 634 706 708 636 708 703 631 703 704 632 704 703 631 703 701 629 701 704 632 704 701 629 701 703 631 703 702 630 702 708 636 708 709 637 709 702 630 702 703 631 703 708 636 708 702 630 702 700 628 700 701 629 701 702 630 702 701 629 701 700 628 700 688 616 688 689 617 689 701 629 701 688 616 688 690 618 690 689 617 689 688 616 688 691 619 691 690 618 690 688 616 688 689 617 689 690 618 690 692 620 692 701 629 701 689 617 689 692 620 692 690 618 690 693 621 693 692 620 692 691 619 691 695 623 695 690 618 690 695 623 695 694 622 694 690 618 690 693 621 693 696 624 696 692 620 692 696 624 696 697 625 697 692 620 692 697 625 697 696 624 696 131 100 131 696 624 696 130 99 130 131 100 131 130 99 130 696 624 696 698 626 698 134 103 134 130 99 130 698 626 698 699 627 699 698 626 698 696 624 696 693 621 693 699 627 699 696 624 696 690 618 690 694 622 694 699 627 699 693 621 693 690 618 690 699 627 699 701 629 701 705 633 705 704 632 704 705 633 705 701 629 701 692 620 692 715 643 715 697 625 697 131 100 131 715 643 715 705 633 705 692 620 692 697 625 697 715 643 715 692 620 692 705 633 705 715 643 715 704 632 704 155 124 155 715 643 715 131 100 131 715 643 715 714 642 714 704 632 704 715 643 715 155 124 155 153 122 153 714 642 714 715 643 715 153 122 153 728 656 728 691 619 691 688 616 688 700 628 700 728 656 728 688 616 688 728 656 728 700 628 700 702 630 702 691 619 691 728 656 728 695 623 695 729 657 729 728 656 728 702 630 702 728 656 728 730 658 730 695 623 695 731 659 731 730 658 730 728 656 728 729 657 729 731 659 731 728 656 728 729 657 729 733 661 733 731 659 731 733 661 733 729 657 729 702 630 702 733 661 733 732 660 732 731 659 731 709 637 709 733 661 733 702 630 702 733 661 733 709 637 709 706 634 706 734 662 734 733 661 733 706 634 706 735 663 735 732 660 732 733 661 733 734 662 734 735 663 735 733 661 733 739 667 739 734 662 734 706 634 706 734 662 734 739 667 739 735 663 735 726 654 726 739 667 739 706 634 706 727 655 727 726 654 726 706 634 706 707 635 707 727 655 727 706 634 706 726 654 726 727 655 727 721 649 721 739 667 739 726 654 726 721 649 721 727 655 727 720 648 720 721 649 721 720 648 720 727 655 727 719 647 719 727 655 727 725 653 725 719 647 719 727 655 727 707 635 707 710 638 710 725 653 725 727 655 727 710 638 710 737 665 737 739 667 739 721 649 721 736 664 736 737 665 737 721 649 721 717 645 717 736 664 736 721 649 721 736 664 736 717 645 717 676 604 676 677 605 677 736 664 736 676 604 676 738 666 738 736 664 736 677 605 677 683 611 683 738 666 738 677 605 677 739 667 739 740 668 740 735 663 735 741 669 741 740 668 740 739 667 739 737 665 737 741 669 741 739 667 739 736 664 736 738 666 738 741 669 741 737 665 737 736 664 736 741 669 741 738 666 738 683 611 683 932 858 932 933 859 933 738 666 738 932 858 932 741 669 741 738 666 738 933 859 933 740 668 740 741 669 741 934 860 934 934 860 934 741 669 741 933 859 933 935 861 935 740 668 740 934 860 934 735 663 735 740 668 740 935 861 935 732 660 732 735 663 735 936 862 936 936 862 936 735 663 735 935 861 935 937 863 937 732 660 732 936 862 936 731 659 731 732 660 732 937 863 937 938 864 938 731 659 731 937 863 937 730 658 730 731 659 731 938 864 938 939 865 939 730 658 730 938 864 938 695 623 695 730 658 730 939 865 939 962 888 962 695 623 695 939 865 939 694 622 694 695 623 695 962 888 962 941 867 941 694 622 694 962 888 962 694 622 694 941 867 941 940 866 940 699 627 699 694 622 694 940 866 940 699 627 699 940 866 940 942 868 942 698 626 698 699 627 699 942 868 942 698 626 698 942 868 942 423 385 423 134 103 134 698 626 698 423 385 423 683 611 683 682 610 682 932 858 932 682 610 682 930 685 930 932 858 932 682 610 682 684 612 684 930 685 930 684 612 684 931 857 931 930 685 930 929 713 929 931 857 931 684 612 684 167 136 167 150 119 150 166 135 166 165 134 165 167 136 167 166 135 166 167 136 167 724 652 724 150 119 150 724 652 724 167 136 167 165 134 165 187 155 187 186 154 186 185 153 185 188 156 188 187 155 187 185 153 185 187 155 187 216 184 216 186 154 186 216 184 216 213 181 213 186 154 186 216 184 216 215 183 215 213 181 213 215 183 215 214 182 214 213 181 213 215 183 215 292 260 292 214 182 214 292 260 292 289 257 289 214 182 214 292 260 292 291 259 291 289 257 289 291 259 291 290 258 290 289 257 289 291 259 291 350 317 350 290 258 290 350 317 350 349 316 349 290 258 290 350 317 350 362 329 362 349 316 349 362 329 362 361 328 361 349 316 349 360 327 360 362 329 362 350 317 350 352 319 352 360 327 360 350 317 350 352 319 352 350 317 350 291 259 291 360 327 360 352 319 352 359 326 359 352 319 352 351 318 351 359 326 359 352 319 352 246 214 246 351 318 351 246 214 246 352 319 352 291 259 291 246 214 246 291 259 291 292 260 292 246 214 246 243 211 243 351 318 351 246 214 246 245 213 245 243 211 243 245 213 245 246 214 246 292 260 292 245 213 245 292 260 292 215 183 215 245 213 245 244 212 244 243 211 243 245 213 245 192 160 192 244 212 244 192 160 192 245 213 245 215 183 215 192 160 192 215 183 215 216 184 216 192 160 192 189 157 189 244 212 244 192 160 192 191 159 191 189 157 189 191 159 191 192 160 192 216 184 216 191 159 191 216 184 216 187 155 187 191 159 191 190 158 190 189 157 189 191 159 191 220 188 220 190 158 190 220 188 220 191 159 191 187 155 187 220 188 220 217 185 217 190 158 190 220 188 220 219 187 219 217 185 217 219 187 219 218 186 218 217 185 217 351 318 351 431 393 431 359 326 359 431 393 431 432 394 432 359 326 359 432 394 432 431 393 431 353 320 353 353 320 353 431 393 431 262 230 262 354 321 354 353 320 353 262 230 262 263 231 263 354 321 354 262 230 262 263 231 263 262 230 262 261 229 261 264 232 264 263 231 263 261 229 261 263 231 263 264 232 264 283 251 283 264 232 264 284 252 284 283 251 283 263 231 263 283 251 283 355 322 355 354 321 354 263 231 263 355 322 355 354 321 354 355 322 355 356 323 356 357 324 357 354 321 354 356 323 356 354 321 354 357 324 357 353 320 353 357 324 357 358 325 358 353 320 353 358 325 358 432 394 432 353 320 353 264 232 264 261 229 261 206 174 206 207 175 207 264 232 264 206 174 206 284 252 284 264 232 264 207 175 207 207 175 207 206 174 206 205 173 205 208 176 208 207 175 207 205 173 205 241 209 241 207 175 207 208 176 208 241 209 241 284 252 284 207 175 207 242 210 242 241 209 241 208 176 208 208 176 208 205 173 205 234 202 234 235 203 235 208 176 208 234 202 234 242 210 242 208 176 208 235 203 235 235 203 235 234 202 234 233 201 233 236 204 236 235 203 235 233 201 233 355 322 355 419 381 419 356 323 356 419 381 419 418 380 418 356 323 356 420 382 420 419 381 419 355 322 355 283 251 283 420 382 420 355 322 355 421 383 421 420 382 420 283 251 283 284 252 284 421 383 421 283 251 283 421 383 421 284 252 284 241 209 241 422 384 422 421 383 421 241 209 241 234 202 234 426 388 426 233 201 233 426 388 426 425 387 425 233 201 233 427 389 427 426 388 426 234 202 234 205 173 205 427 389 427 234 202 234 428 390 428 427 389 427 205 173 205 206 174 206 428 390 428 205 173 205 429 391 429 428 390 428 206 174 206 261 229 261 429 391 429 206 174 206 430 392 430 429 391 429 261 229 261 262 230 262 430 392 430 261 229 261 431 393 431 430 392 430 262 230 262 430 392 430 431 393 431 351 318 351 243 211 243 430 392 430 351 318 351 429 391 429 430 392 430 243 211 243 244 212 244 429 391 429 243 211 243 428 390 428 429 391 429 244 212 244 189 157 189 428 390 428 244 212 244 427 389 427 428 390 428 189 157 189 190 158 190 427 389 427 189 157 189 426 388 426 427 389 427 190 158 190 217 185 217 426 388 426 190 158 190 425 387 425 426 388 426 217 185 217 218 186 218 425 387 425 217 185 217 422 384 422 241 209 241 584 541 584 241 209 241 242 210 242 584 541 584 242 210 242 586 543 586 584 541 584 586 543 586 585 542 585 584 541 584 242 210 242 582 539 582 586 543 586 582 539 582 242 210 242 235 203 235 583 540 583 582 539 582 235 203 235 236 204 236 583 540 583 235 203 235 582 539 582 587 544 587 586 543 586 587 544 587 582 539 582 583 540 583 588 545 588 587 544 587 583 540 583 583 540 583 590 547 590 588 545 588 590 547 590 589 546 589 588 545 588 422 384 422 584 541 584 794 722 794 422 384 422 794 722 794 421 383 421 794 722 794 833 761 833 421 383 421 794 722 794 760 688 760 833 761 833 763 691 763 760 688 760 794 722 794 763 691 763 762 690 762 760 688 760 762 690 762 761 689 761 760 688 760 795 723 795 763 691 763 794 722 794 584 541 584 795 723 795 794 722 794 760 688 760 761 689 761 816 744 816 760 688 760 816 744 816 833 761 833 834 762 834 833 761 833 816 744 816 833 761 833 834 762 834 421 383 421 813 741 813 834 762 834 816 744 816 816 744 816 815 743 815 813 741 813 761 689 761 815 743 815 816 744 816 815 743 815 814 742 814 813 741 813 813 741 813 814 742 814 900 828 900 814 742 814 901 829 901 900 828 900 902 830 902 834 762 834 813 741 813 900 828 900 902 830 902 813 741 813 903 831 903 902 830 902 900 828 900 904 832 904 903 831 903 900 828 900 900 828 900 901 829 901 904 832 904 901 829 901 905 833 905 904 832 904 787 715 787 762 690 762 763 691 763 786 714 786 787 715 787 763 691 763 786 714 786 763 691 763 795 723 795 788 716 788 787 715 787 786 714 786 789 717 789 788 716 788 786 714 786 902 830 902 903 831 903 419 381 419 903 831 903 418 380 418 419 381 419 902 830 902 419 381 419 420 382 420 834 762 834 902 830 902 420 382 420 834 762 834 420 382 420 421 383 421 787 715 787 788 716 788 963 889 963 788 716 788 964 890 964 963 889 963 787 715 787 963 889 963 965 891 965 762 690 762 787 715 787 965 891 965 762 690 762 965 891 965 966 892 966 761 689 761 762 690 762 966 892 966 761 689 761 966 892 966 967 893 967 815 743 815 761 689 761 967 893 967 815 743 815 967 893 967 968 894 968 814 742 814 815 743 815 968 894 968 814 742 814 968 894 968 969 895 969 901 829 901 814 742 814 969 895 969 901 829 901 969 895 969 970 896 970 905 833 905 901 829 901 970 896 970 906 834 906 970 896 970 969 895 969 898 826 898 906 834 906 969 895 969 898 826 898 969 895 969 968 894 968 906 834 906 898 826 898 899 827 899 899 827 899 898 826 898 799 727 799 898 826 898 798 726 798 799 727 799 798 726 798 898 826 898 968 894 968 798 726 798 968 894 968 967 893 967 799 727 799 798 726 798 796 724 796 798 726 798 797 725 797 796 724 796 797 725 797 798 726 798 967 893 967 797 725 797 967 893 967 966 892 966 907 835 907 906 834 906 899 827 899 796 724 796 797 725 797 749 677 749 797 725 797 748 676 748 749 677 749 748 676 748 797 725 797 966 892 966 748 676 748 966 892 966 965 891 965 749 677 749 748 676 748 746 674 746 748 676 748 747 675 747 746 674 746 747 675 747 748 676 748 965 891 965 747 675 747 965 891 965 963 889 963 746 674 746 747 675 747 775 703 775 747 675 747 774 702 774 775 703 775 774 702 774 747 675 747 963 889 963 775 703 775 774 702 774 772 700 772 774 702 774 773 701 773 772 700 772 774 702 774 963 889 963 964 890 964 773 701 773 774 702 774 964 890 964 899 827 899 896 824 896 907 835 907 896 824 896 908 836 908 907 835 907 896 824 896 897 825 897 908 836 908 840 768 840 897 825 897 896 824 896 839 767 839 840 768 840 896 824 896 839 767 839 896 824 896 899 827 899 799 727 799 839 767 839 899 827 899 841 769 841 840 768 840 839 767 839 842 770 842 841 769 841 839 767 839 842 770 842 839 767 839 799 727 799 796 724 796 842 770 842 799 727 799 897 825 897 909 837 909 908 836 908 769 697 769 841 769 841 842 770 842 768 696 768 769 697 769 842 770 842 768 696 768 842 770 842 796 724 796 749 677 749 768 696 768 796 724 796 770 698 770 769 697 769 768 696 768 771 699 771 770 698 770 768 696 768 771 699 771 768 696 768 749 677 749 746 674 746 771 699 771 749 677 749 743 671 743 770 698 770 771 699 771 742 670 742 743 671 743 771 699 771 742 670 742 771 699 771 746 674 746 775 703 775 742 670 742 746 674 746 744 672 744 743 671 743 742 670 742 745 673 745 744 672 744 742 670 742 745 673 745 742 670 742 775 703 775 772 700 772 745 673 745 775 703 775 910 838 910 909 837 909 897 825 897 894 822 894 910 838 910 897 825 897 894 822 894 897 825 897 840 768 840 910 838 910 894 822 894 895 823 895 895 823 895 894 822 894 811 739 811 894 822 894 810 738 810 811 739 811 810 738 810 894 822 894 840 768 840 810 738 810 840 768 840 841 769 841 811 739 811 810 738 810 808 736 808 810 738 810 809 737 809 808 736 808 809 737 809 810 738 810 841 769 841 809 737 809 841 769 841 769 697 769 911 839 911 910 838 910 895 823 895 808 736 808 809 737 809 783 711 783 809 737 809 782 710 782 783 711 783 782 710 782 809 737 809 769 697 769 782 710 782 769 697 769 770 698 770 783 711 783 782 710 782 780 708 780 782 710 782 781 709 781 780 708 780 781 709 781 782 710 782 770 698 770 781 709 781 770 698 770 743 671 743 780 708 780 781 709 781 779 707 779 781 709 781 778 706 778 779 707 779 778 706 778 781 709 781 743 671 743 778 706 778 743 671 743 744 672 744 779 707 779 778 706 778 776 704 776 778 706 778 777 705 777 776 704 776 777 705 777 778 706 778 744 672 744 895 823 895 892 820 892 911 839 911 892 820 892 912 840 912 911 839 911 892 820 892 893 821 893 912 840 912 848 776 848 893 821 893 892 820 892 847 775 847 848 776 848 892 820 892 847 775 847 892 820 892 895 823 895 811 739 811 847 775 847 895 823 895 849 777 849 848 776 848 847 775 847 850 778 850 849 777 849 847 775 847 850 778 850 847 775 847 811 739 811 808 736 808 850 778 850 811 739 811 893 821 893 913 841 913 912 840 912 765 693 765 849 777 849 850 778 850 764 692 764 765 693 765 850 778 850 764 692 764 850 778 850 808 736 808 783 711 783 764 692 764 808 736 808 766 694 766 765 693 765 764 692 764 767 695 767 766 694 766 764 692 764 767 695 767 764 692 764 783 711 783 780 708 780 767 695 767 783 711 783 791 719 791 766 694 766 767 695 767 790 718 790 791 719 791 767 695 767 790 718 790 767 695 767 780 708 780 779 707 779 790 718 790 780 708 780 792 720 792 791 719 791 790 718 790 793 721 793 792 720 792 790 718 790 793 721 793 790 718 790 779 707 779 776 704 776 793 721 793 779 707 779 912 840 912 913 841 913 1087 774 1087 913 841 913 1088 909 1088 1087 774 1087 912 840 912 1087 774 1087 1089 1011 1089 911 839 911 912 840 912 1089 1011 1089 910 838 910 911 839 911 1089 1011 1089 1090 756 1090 910 838 910 1089 1011 1089 910 838 910 1090 756 1090 909 837 909 1090 756 1090 1091 1012 1091 909 837 909 909 837 909 1091 1012 1091 1092 1013 1092 908 836 908 909 837 909 1092 1013 1092 908 836 908 1092 1013 1092 1093 1014 1093 907 835 907 908 836 908 1093 1014 1093 906 834 906 907 835 907 1093 1014 1093 1094 1015 1094 906 834 906 1093 1014 1093 906 834 906 1094 1015 1094 970 896 970 1094 1015 1094 1095 1016 1095 970 896 970 905 833 905 970 896 970 1095 1016 1095 1096 1017 1096 905 833 905 1095 1016 1095 905 833 905 1096 1017 1096 1097 1018 1097 904 832 904 905 833 905 1097 1018 1097 903 831 903 904 832 904 1097 1018 1097 1098 1019 1098 903 831 903 1097 1018 1097 903 831 903 1098 1019 1098 418 380 418 1098 1019 1098 571 530 571 418 380 418 418 380 418 571 530 571 570 529 570 356 323 356 418 380 418 570 529 570 570 529 570 569 528 569 356 323 356 569 528 569 357 324 357 356 323 356 357 324 357 569 528 569 358 325 358 569 528 569 568 527 568 358 325 358 568 527 568 567 395 567 358 325 358 567 395 567 432 394 432 358 325 358 432 394 432 567 395 567 566 526 566 359 326 359 432 394 432 566 526 566 566 526 566 565 525 565 359 326 359 565 525 565 360 327 360 359 326 359 360 327 360 565 525 565 362 329 362 565 525 565 564 524 564 362 329 362 362 329 362 564 524 564 361 328 361 564 524 564 563 253 563 361 328 361 361 328 361 563 253 563 562 523 562 363 330 363 361 328 361 562 523 562 349 316 349 361 328 361 363 330 363 347 314 347 349 316 349 363 330 363 348 315 348 347 314 347 363 330 363 348 315 348 258 226 258 347 314 347 258 226 258 255 223 255 347 314 347 258 226 258 257 225 257 255 223 255 257 225 257 256 224 256 255 223 255 364 331 364 348 315 348 363 330 363 257 225 257 228 196 228 256 224 256 228 196 228 225 193 225 256 224 256 228 196 228 227 195 227 225 193 225 227 195 227 226 194 226 225 193 225 227 195 227 224 192 224 226 194 226 224 192 224 221 189 221 226 194 226 224 192 224 223 191 223 221 189 221 223 191 223 222 190 222 221 189 221 290 258 290 349 316 349 347 314 347 255 223 255 290 258 290 347 314 347 289 257 289 290 258 290 255 223 255 256 224 256 289 257 289 255 223 255 214 182 214 289 257 289 256 224 256 225 193 225 214 182 214 256 224 256 213 181 213 214 182 214 225 193 225 226 194 226 213 181 213 225 193 225 186 154 186 213 181 213 226 194 226 221 189 221 186 154 186 226 194 226 185 153 185 186 154 186 221 189 221 222 190 222 185 153 185 221 189 221 348 315 348 364 331 364 346 313 346 364 331 364 366 333 366 346 313 346 346 313 346 366 333 366 345 312 345 346 313 346 345 312 345 298 266 298 299 267 299 346 313 346 298 266 298 348 315 348 346 313 346 299 267 299 299 267 299 298 266 298 297 265 297 300 268 300 299 267 299 297 265 297 366 333 366 365 332 365 345 312 345 300 268 300 297 265 297 210 178 210 211 179 211 300 268 300 210 178 210 211 179 211 210 178 210 209 177 209 212 180 212 211 179 211 209 177 209 212 180 212 209 177 209 238 206 238 239 207 239 212 180 212 238 206 238 239 207 239 238 206 238 237 205 237 240 208 240 239 207 239 237 205 237 258 226 258 348 315 348 299 267 299 258 226 258 299 267 299 300 268 300 257 225 257 258 226 258 300 268 300 257 225 257 300 268 300 211 179 211 228 196 228 257 225 257 211 179 211 228 196 228 211 179 211 212 180 212 227 195 227 228 196 228 212 180 212 227 195 227 212 180 212 239 207 239 224 192 224 227 195 227 239 207 239 224 192 224 239 207 239 240 208 240 223 191 223 224 192 224 240 208 240 366 333 366 560 522 560 365 332 365 560 522 560 559 521 559 365 332 365 561 247 561 560 522 560 366 333 366 364 331 364 561 247 561 366 333 366 561 247 561 364 331 364 363 330 363 562 523 562 561 247 561 363 330 363 195 163 195 194 162 194 193 161 193 196 164 196 195 163 195 193 161 193 193 161 193 194 162 194 250 218 250 194 162 194 249 217 249 250 218 250 250 218 250 249 217 249 247 215 247 249 217 249 248 216 248 247 215 247 248 216 248 344 311 344 247 215 247 344 311 344 343 310 343 247 215 247 344 311 344 271 239 271 343 310 343 271 239 271 272 240 272 343 310 343 272 240 272 271 239 271 269 237 269 271 239 271 270 238 270 269 237 269 196 164 196 204 172 204 195 163 195 204 172 204 201 169 201 195 163 195 204 172 204 203 171 203 201 169 201 203 171 203 202 170 202 201 169 201 445 407 445 270 238 270 271 239 271 446 408 446 445 407 445 271 239 271 446 408 446 271 239 271 344 311 344 447 409 447 446 408 446 344 311 344 447 409 447 344 311 344 248 216 248 448 410 448 447 409 447 248 216 248 449 411 449 448 410 448 248 216 248 249 217 249 449 411 449 248 216 248 450 412 450 449 411 449 249 217 249 194 162 194 450 412 450 249 217 249 451 413 451 450 412 450 194 162 194 195 163 195 451 413 451 194 162 194 452 414 452 451 413 451 195 163 195 201 169 201 452 414 452 195 163 195 453 415 453 452 414 452 201 169 201 202 170 202 453 415 453 201 169 201 272 240 272 269 237 269 268 236 268 269 237 269 267 235 267 268 236 268 268 236 268 267 235 267 265 233 265 267 235 267 266 234 266 265 233 265 268 236 268 265 233 265 341 308 341 342 309 342 268 236 268 341 308 341 272 240 272 268 236 268 342 309 342 342 309 342 341 308 341 259 227 259 260 228 260 342 309 342 259 227 259 200 168 200 260 228 260 259 227 259 199 167 199 200 168 200 259 227 259 200 168 200 199 167 199 197 165 197 199 167 199 198 166 198 197 165 197 367 334 367 197 165 197 198 166 198 368 335 368 367 334 367 198 166 198 367 334 367 368 335 368 230 198 230 231 199 231 367 334 367 230 198 230 231 199 231 230 198 230 229 197 229 232 200 232 231 199 231 229 197 229 343 310 343 272 240 272 342 309 342 343 310 343 342 309 342 260 228 260 247 215 247 343 310 343 260 228 260 250 218 250 247 215 247 260 228 260 200 168 200 250 218 250 260 228 260 193 161 193 250 218 250 200 168 200 197 165 197 193 161 193 200 168 200 196 164 196 193 161 193 197 165 197 367 334 367 196 164 196 197 165 197 196 164 196 367 334 367 231 199 231 204 172 204 196 164 196 231 199 231 204 172 204 231 199 231 232 200 232 203 171 203 204 172 204 232 200 232 267 235 267 269 237 269 576 535 576 269 237 269 573 532 573 576 535 576 269 237 269 575 534 575 573 532 573 575 534 575 574 533 574 573 532 573 267 235 267 576 535 576 577 536 577 266 234 266 267 235 267 577 536 577 575 534 575 579 538 579 574 533 574 579 538 579 578 537 578 574 533 574 579 538 579 581 531 581 578 537 578 581 531 581 580 426 580 578 537 578 270 238 270 579 538 579 575 534 575 269 237 269 270 238 270 575 534 575 445 407 445 581 531 581 579 538 579 270 238 270 445 407 445 579 538 579 266 234 266 577 536 577 817 745 817 265 233 265 266 234 266 817 745 817 818 746 818 265 233 265 817 745 817 341 308 341 265 233 265 818 746 818 889 817 889 341 308 341 818 746 818 259 227 259 341 308 341 889 817 889 812 740 812 259 227 259 889 817 889 259 227 259 812 740 812 755 683 755 199 167 199 259 227 259 755 683 755 755 683 755 754 682 754 199 167 199 754 682 754 198 166 198 199 167 199 198 166 198 754 682 754 914 842 914 368 335 368 198 166 198 914 842 914 230 198 230 368 335 368 914 842 914 784 712 784 230 198 230 914 842 914 229 197 229 230 198 230 784 712 784 785 713 785 229 197 229 784 712 784 818 746 818 817 745 817 821 749 821 822 750 822 818 746 818 821 749 821 889 817 889 818 746 818 822 750 822 822 750 822 821 749 821 819 747 819 821 749 821 820 748 820 819 747 819 891 819 891 822 750 822 819 747 819 891 819 891 889 817 889 822 750 822 812 740 812 889 817 889 891 819 891 890 818 890 891 819 891 819 747 819 802 730 802 891 819 891 890 818 890 802 730 802 812 740 812 891 819 891 801 729 801 802 730 802 890 818 890 802 730 802 801 729 801 800 728 800 803 731 803 802 730 802 800 728 800 812 740 812 802 730 802 803 731 803 755 683 755 812 740 812 803 731 803 803 731 803 800 728 800 751 679 751 752 680 752 803 731 803 751 679 751 755 683 755 803 731 803 752 680 752 754 682 754 755 683 755 752 680 752 752 680 752 751 679 751 750 678 750 753 681 753 752 680 752 750 678 750 754 682 754 752 680 752 753 681 753 914 842 914 754 682 754 753 681 753 784 712 784 914 842 914 753 681 753 753 681 753 750 678 750 759 687 759 759 687 759 784 712 784 753 681 753 785 713 785 784 712 784 759 687 759 750 678 750 758 686 758 759 687 759 759 687 759 758 686 758 756 684 756 756 684 756 785 713 785 759 687 759 758 686 758 757 685 757 756 684 756 819 747 819 820 748 820 983 909 983 984 910 984 819 747 819 983 909 983 890 818 890 819 747 819 984 910 984 985 911 985 890 818 890 984 910 984 801 729 801 890 818 890 985 911 985 986 912 986 801 729 801 985 911 985 801 729 801 986 912 986 987 913 987 800 728 800 801 729 801 987 913 987 800 728 800 987 913 987 988 914 988 751 679 751 800 728 800 988 914 988 751 679 751 988 914 988 989 915 989 750 678 750 751 679 751 989 915 989 750 678 750 989 915 989 990 719 990 758 686 758 750 678 750 990 719 990 758 686 758 990 719 990 991 916 991 757 685 757 758 686 758 991 916 991 820 748 820 1104 1024 1104 983 909 983 1100 1021 1100 1104 1024 1104 820 748 820 1100 1021 1100 1101 1022 1101 1104 1024 1104 1102 1023 1102 1101 1022 1101 1100 1021 1100 821 749 821 1102 1023 1102 1100 1021 1100 821 749 821 1100 1021 1100 820 748 820 1103 796 1103 1102 1023 1102 821 749 821 817 745 817 1103 796 1103 821 749 821 577 536 577 1103 796 1103 817 745 817 1101 1022 1101 1105 1025 1105 1104 1024 1104 1104 1024 1104 1105 1025 1105 1106 1020 1106 1104 1024 1104 1106 1020 1106 983 909 983 1105 1025 1105 1107 1026 1107 1106 1020 1106 253 221 253 252 220 252 251 219 251 254 222 254 253 221 253 251 219 251 253 221 253 254 222 254 281 249 281 254 222 254 282 250 282 281 249 281 254 222 254 251 219 251 340 307 340 304 272 304 254 222 254 340 307 340 254 222 254 304 272 304 282 250 282 304 272 304 340 307 340 339 306 339 303 271 303 304 272 304 339 306 339 304 272 304 303 271 303 301 269 301 304 272 304 301 269 301 282 250 282 303 271 303 302 270 302 301 269 301 340 307 340 415 377 415 339 306 339 415 377 415 414 376 414 339 306 339 416 378 416 415 377 415 340 307 340 251 219 251 416 378 416 340 307 340 417 379 417 416 378 416 251 219 251 252 220 252 417 379 417 251 219 251 282 250 282 434 396 434 281 249 281 434 396 434 433 395 433 281 249 281 435 397 435 434 396 434 282 250 282 301 269 301 435 397 435 282 250 282 436 398 436 435 397 435 301 269 301 302 270 302 436 398 436 301 269 301 435 397 435 436 398 436 309 277 309 310 278 310 435 397 435 309 277 309 434 396 434 435 397 435 310 278 310 311 279 311 310 278 310 309 277 309 312 280 312 311 279 311 309 277 309 311 279 311 276 244 276 310 278 310 276 244 276 273 241 273 310 278 310 273 241 273 434 396 434 310 278 310 433 395 433 434 396 434 273 241 273 276 244 276 275 243 275 273 241 273 275 243 275 274 242 274 273 241 273 274 242 274 433 395 433 273 241 273 311 279 311 312 280 312 338 305 338 312 280 312 337 304 337 338 305 338 338 305 338 337 304 337 335 303 335 337 304 337 336 48 336 335 303 335 338 305 338 335 303 335 286 254 286 287 255 287 338 305 338 286 254 286 311 279 311 338 305 338 287 255 287 276 244 276 311 279 311 287 255 287 287 255 287 286 254 286 285 253 285 288 256 288 287 255 287 285 253 285 276 244 276 287 255 287 288 256 288 275 243 275 276 244 276 288 256 288 335 303 335 336 48 336 444 406 444 370 337 370 335 303 335 444 406 444 286 254 286 335 303 335 370 337 370 277 245 277 286 254 286 370 337 370 285 253 285 286 254 286 277 245 277 277 245 277 370 337 370 369 336 369 280 248 280 277 245 277 369 336 369 280 248 280 279 247 279 277 245 277 279 247 279 278 246 278 277 245 277 278 246 278 285 253 285 277 245 277 280 248 280 369 336 369 379 346 379 295 263 295 280 248 280 379 346 379 280 248 280 295 263 295 296 264 296 279 247 279 280 248 280 296 264 296 296 264 296 295 263 295 293 261 293 295 263 295 294 262 294 293 261 293 370 337 370 444 406 444 315 283 315 369 336 369 370 337 370 315 283 315 369 336 369 315 283 315 379 346 379 380 347 380 294 262 294 295 263 295 379 346 379 380 347 380 295 263 295 380 347 380 379 346 379 378 345 378 381 348 381 380 347 380 378 345 378 477 439 477 294 262 294 380 347 380 381 348 381 477 439 477 380 347 380 294 262 294 477 439 477 464 426 464 477 439 477 465 427 465 464 426 464 465 427 465 462 424 462 464 426 464 462 424 462 463 425 463 464 426 464 463 425 463 462 424 462 460 422 460 462 424 462 461 423 461 460 422 460 460 422 460 461 423 461 455 417 455 461 423 461 454 416 454 455 417 455 456 418 456 455 417 455 454 416 454 457 419 457 456 418 456 454 416 454 455 417 455 456 418 456 319 287 319 320 288 320 455 417 455 319 287 319 320 288 320 319 287 319 317 285 317 319 287 319 318 286 318 317 285 317 318 286 318 319 287 319 382 349 382 319 287 319 383 350 383 382 349 382 383 350 383 319 287 319 458 420 458 456 418 456 457 419 457 458 420 458 319 287 319 456 418 456 458 420 458 459 421 459 383 350 383 458 420 458 410 372 410 383 350 383 459 421 459 409 371 409 410 372 410 459 421 459 410 372 410 409 371 409 407 369 407 409 371 409 408 370 408 407 369 407 466 428 466 410 372 410 407 369 407 383 350 383 410 372 410 466 428 466 382 349 382 383 350 383 466 428 466 467 429 467 466 428 466 407 369 407 407 369 407 408 370 408 327 295 327 328 296 328 407 369 407 327 295 327 467 429 467 407 369 407 328 296 328 328 296 328 327 295 327 325 293 325 327 295 327 326 294 326 325 293 325 468 430 468 328 296 328 325 293 325 469 431 469 468 430 468 325 293 325 328 296 328 468 430 468 473 435 473 473 435 473 467 429 467 328 296 328 468 430 468 474 436 474 473 435 473 474 436 474 468 430 468 484 446 484 468 430 468 469 431 469 484 446 484 485 447 485 474 436 474 484 446 484 486 448 486 485 447 485 484 446 484 487 449 487 486 448 486 484 446 484 469 431 469 482 444 482 484 446 484 482 444 482 469 431 469 478 440 478 483 445 483 482 444 482 478 440 478 483 445 483 487 449 487 484 446 484 482 444 482 483 445 483 484 446 484 479 441 479 483 445 483 478 440 478 480 442 480 479 441 479 478 440 478 481 443 481 480 442 480 478 440 478 469 431 469 471 433 471 478 440 478 469 431 469 475 437 475 471 433 471 325 293 325 326 294 326 475 437 475 469 431 469 325 293 325 475 437 475 475 437 475 470 432 470 471 433 471 471 433 471 470 432 470 404 366 404 404 366 404 481 443 481 478 440 478 471 433 471 404 366 404 478 440 478 470 432 470 403 365 403 404 366 404 405 367 405 404 366 404 403 365 403 406 368 406 405 367 405 403 365 403 479 441 479 480 442 480 488 450 488 483 445 483 479 441 479 488 450 488 480 442 480 489 451 489 488 450 488 489 451 489 491 453 491 488 450 488 491 453 491 490 452 490 488 450 488 490 452 490 493 455 493 488 450 488 493 455 493 492 454 492 488 450 488 492 454 492 483 445 483 488 450 488 493 455 493 490 452 490 494 456 494 490 452 490 491 453 491 494 456 494 498 460 498 493 455 493 494 456 494 499 461 499 498 460 498 494 456 494 495 457 495 499 461 499 494 456 494 496 458 496 495 457 495 494 456 494 497 459 497 496 458 496 494 456 494 491 453 491 497 459 497 494 456 494 493 455 493 498 460 498 500 462 500 498 460 498 499 461 499 500 462 500 504 466 504 493 455 493 500 462 500 505 467 505 504 466 504 500 462 500 501 463 501 505 467 505 500 462 500 502 464 502 501 463 501 500 462 500 503 465 503 502 464 502 500 462 500 499 461 499 503 465 503 500 462 500 483 445 483 492 454 492 506 468 506 493 455 493 504 466 504 506 468 506 492 454 492 493 455 493 506 468 506 504 466 504 505 467 505 506 468 506 487 449 487 483 445 483 506 468 506 486 448 486 487 449 487 506 468 506 507 469 507 486 448 486 506 468 506 505 467 505 507 469 507 506 468 506 489 451 489 480 442 480 542 504 542 491 453 491 489 451 489 542 504 542 480 442 480 481 443 481 542 504 542 481 443 481 404 366 404 542 504 542 404 366 404 405 367 405 542 504 542 405 367 405 472 434 472 542 504 542 405 367 405 476 438 476 472 434 472 476 438 476 400 362 400 472 434 472 472 434 472 400 362 400 441 403 441 400 362 400 440 402 440 441 403 441 442 404 442 441 403 441 440 402 440 305 273 305 442 404 442 440 402 440 376 343 376 305 273 305 440 402 440 308 276 308 305 273 305 376 343 376 308 276 308 307 275 307 305 273 305 307 275 307 306 274 306 305 273 305 377 344 377 308 276 308 376 343 376 334 302 334 307 275 307 308 276 308 333 301 333 334 302 334 308 276 308 333 301 333 308 276 308 377 344 377 334 302 334 333 301 333 331 299 331 333 301 333 332 300 332 331 299 331 333 301 333 375 342 375 332 300 332 375 342 375 333 301 333 377 344 377 375 342 375 374 341 374 332 300 332 332 300 332 438 400 438 331 299 331 438 400 438 439 401 439 331 299 331 439 401 439 438 400 438 321 289 321 321 289 321 438 400 438 373 340 373 324 292 324 321 289 321 373 340 373 324 292 324 323 291 323 321 289 321 323 291 323 322 290 322 321 289 321 322 290 322 439 401 439 321 289 321 323 291 323 324 292 324 329 297 329 324 292 324 330 298 330 329 297 329 324 292 324 372 339 372 330 298 330 372 339 372 324 292 324 373 340 373 372 339 372 371 338 371 330 298 330 330 298 330 412 374 412 329 297 329 412 374 412 411 373 411 329 297 329 413 375 413 412 374 412 330 298 330 371 338 371 413 375 413 330 298 330 438 400 438 437 399 437 373 340 373 437 399 437 438 400 438 332 300 332 374 341 374 437 399 437 332 300 332 439 401 439 322 290 322 533 495 533 322 290 322 323 291 323 533 495 533 534 496 534 439 401 439 533 495 533 510 472 510 534 496 534 533 495 533 509 471 509 510 472 510 533 495 533 510 472 510 509 471 509 508 470 508 511 473 511 510 472 510 508 470 508 509 471 509 513 475 513 508 470 508 513 475 513 509 471 509 533 495 533 513 475 513 512 474 512 508 470 508 512 474 512 515 477 515 508 470 508 515 477 515 514 476 514 508 470 508 516 478 516 511 473 511 508 470 508 514 476 514 516 478 516 508 470 508 515 477 515 512 474 512 517 479 517 512 474 512 513 475 513 517 479 517 521 483 521 515 477 515 517 479 517 522 484 522 521 483 521 517 479 517 518 480 518 522 484 522 517 479 517 519 481 519 518 480 518 517 479 517 520 482 520 519 481 519 517 479 517 513 475 513 520 482 520 517 479 517 515 477 515 521 483 521 523 485 523 521 483 521 522 484 522 523 485 523 527 489 527 515 477 515 523 485 523 528 490 528 527 489 527 523 485 523 524 486 524 528 490 528 523 485 523 525 487 525 524 486 524 523 485 523 526 488 526 525 487 525 523 485 523 522 484 522 526 488 526 523 485 523 516 478 516 514 476 514 529 491 529 515 477 515 527 489 527 529 491 529 514 476 514 515 477 515 529 491 529 527 489 527 528 490 528 529 491 529 530 492 530 516 478 516 529 491 529 531 493 531 530 492 530 529 491 529 532 494 532 531 493 531 529 491 529 528 490 528 532 494 532 529 491 529 535 497 535 513 475 513 533 495 533 323 291 323 535 497 535 533 495 533 519 481 519 520 482 520 536 498 536 513 475 513 535 497 535 536 498 536 520 482 520 513 475 513 536 498 536 535 497 535 323 291 323 536 498 536 537 499 537 519 481 519 536 498 536 323 291 323 329 297 329 536 498 536 411 373 411 537 499 537 536 498 536 329 297 329 411 373 411 536 498 536 530 492 530 531 493 531 540 502 540 516 478 516 530 492 530 540 502 540 531 493 531 541 503 541 540 502 540 541 503 541 306 274 306 540 502 540 306 274 306 307 275 307 540 502 540 307 275 307 334 302 334 540 502 540 334 302 334 539 501 539 540 502 540 539 501 539 516 478 516 540 502 540 516 478 516 539 501 539 538 500 538 539 501 539 334 302 334 538 500 538 511 473 511 516 478 516 538 500 538 510 472 510 511 473 511 538 500 538 534 496 534 510 472 510 538 500 538 334 302 334 331 299 331 538 500 538 439 401 439 534 496 534 538 500 538 331 299 331 439 401 439 538 500 538 315 283 315 314 282 314 313 281 313 316 284 316 315 283 315 313 281 313 315 283 315 316 284 316 547 509 547 546 508 546 315 283 315 547 509 547 315 283 315 546 508 546 379 346 379 546 508 546 547 509 547 378 345 378 379 346 379 546 508 546 378 345 378 314 282 314 401 363 401 313 281 313 401 363 401 402 364 402 313 281 313 402 364 402 401 363 401 399 361 399 401 363 401 400 362 400 399 361 399 400 362 400 401 363 401 440 402 440 401 363 401 443 405 443 440 402 440 443 405 443 376 343 376 440 402 440 399 361 399 400 362 400 476 438 476 548 510 548 399 361 399 476 438 476 548 510 548 476 438 476 406 368 406 476 438 476 405 367 405 406 368 406 315 283 315 444 406 444 314 282 314 444 406 444 558 520 558 314 282 314 401 363 401 314 282 314 558 520 558 443 405 443 401 363 401 558 520 558 444 406 444 336 48 336 558 520 558 336 48 336 557 519 557 558 520 558 557 519 557 376 343 376 443 405 443 558 520 558 557 519 557 443 405 443 336 48 336 337 304 337 557 519 557 337 304 337 556 518 556 557 519 557 337 304 337 312 280 312 556 518 556 312 280 312 555 517 555 556 518 556 555 517 555 312 280 312 554 516 554 312 280 312 309 277 309 554 516 554 309 277 309 436 398 436 554 516 554 436 398 436 553 515 553 554 516 554 553 515 553 436 398 436 302 270 302 552 514 552 553 515 553 302 270 302 302 270 302 303 271 303 552 514 552 303 271 303 551 513 551 552 514 552 551 513 551 303 271 303 549 511 549 303 271 303 339 306 339 549 511 549 339 306 339 414 376 414 549 511 549 414 376 414 550 512 550 549 511 549 377 344 377 376 343 376 557 519 557 556 518 556 377 344 377 557 519 557 375 342 375 377 344 377 556 518 556 555 517 555 375 342 375 556 518 556 375 342 375 555 517 555 554 516 554 374 341 374 375 342 375 554 516 554 554 516 554 553 515 553 374 341 374 553 515 553 437 399 437 374 341 374 437 399 437 553 515 553 552 514 552 373 340 373 437 399 437 552 514 552 372 339 372 373 340 373 552 514 552 551 513 551 372 339 372 552 514 552 372 339 372 551 513 551 549 511 549 371 338 371 372 339 372 549 511 549 549 511 549 550 512 550 371 338 371 550 512 550 413 375 413 371 338 371 220 188 220 187 155 187 188 156 188 219 187 219 220 188 220 188 156 188 472 434 472 543 505 543 542 504 542 543 505 543 491 453 491 542 504 542 491 453 491 543 505 543 544 506 544 543 505 543 472 434 472 544 506 544 497 459 497 491 453 491 544 506 544 496 458 496 497 459 497 544 506 544 545 507 545 496 458 496 544 506 544 472 434 472 441 403 441 544 506 544 442 404 442 545 507 545 544 506 544 441 403 441 442 404 442 544 506 544 572 531 572 293 261 293 294 262 294 464 426 464 572 531 572 294 262 294 806 734 806 805 733 805 804 732 804 807 735 807 806 734 806 804 732 804 804 732 804 832 760 832 807 735 807 832 760 832 831 759 831 807 735 807 887 815 887 806 734 806 807 735 807 854 782 854 887 815 887 807 735 807 807 735 807 831 759 831 854 782 854 888 816 888 887 815 887 854 782 854 851 779 851 888 816 888 854 782 854 854 782 854 853 781 853 851 779 851 831 759 831 853 781 853 854 782 854 853 781 853 852 780 852 851 779 851 887 815 887 888 816 888 958 884 958 888 816 888 959 885 959 958 884 958 887 815 887 958 884 958 960 886 960 806 734 806 887 815 887 960 886 960 806 734 806 960 886 960 961 887 961 805 733 805 806 734 806 961 887 961 831 759 831 832 760 832 971 897 971 832 760 832 972 898 972 971 897 971 831 759 831 971 897 971 973 899 973 853 781 853 831 759 831 973 899 973 853 781 853 973 899 973 974 900 974 852 780 852 853 781 853 974 900 974 861 789 861 974 900 974 973 899 973 860 788 860 861 789 861 973 899 973 860 788 860 973 899 973 971 897 971 861 789 861 860 788 860 859 787 859 862 790 862 861 789 861 859 787 859 859 787 859 860 788 860 826 754 826 860 788 860 825 753 825 826 754 826 825 753 825 860 788 860 971 897 971 825 753 825 971 897 971 972 898 972 826 754 826 825 753 825 823 751 823 825 753 825 824 752 824 823 751 823 824 752 824 825 753 825 972 898 972 859 787 859 886 814 886 862 790 862 886 814 886 883 811 883 862 790 862 886 814 886 885 813 885 883 811 883 885 813 885 884 812 884 883 811 883 836 764 836 885 813 885 886 814 886 835 763 835 836 764 836 886 814 886 835 763 835 886 814 886 859 787 859 826 754 826 835 763 835 859 787 859 837 765 837 836 764 836 835 763 835 838 766 838 837 765 837 835 763 835 838 766 838 835 763 835 826 754 826 823 751 823 838 766 838 826 754 826 982 908 982 884 812 884 885 813 885 915 843 915 982 908 982 885 813 885 915 843 915 885 813 885 836 764 836 829 757 829 915 843 915 836 764 836 829 757 829 836 764 836 837 765 837 916 844 916 915 843 915 829 757 829 830 758 830 916 844 916 829 757 829 830 758 830 829 757 829 827 755 827 829 757 829 828 756 828 827 755 827 828 756 828 829 757 829 837 765 837 925 853 925 916 844 916 830 758 830 843 771 843 925 853 925 830 758 830 846 774 846 843 771 843 830 758 830 827 755 827 846 774 846 830 758 830 846 774 846 845 773 845 843 771 843 845 773 845 844 772 844 843 771 843 863 791 863 982 908 982 915 843 915 916 844 916 863 791 863 915 843 915 916 844 916 925 853 925 863 791 863 843 771 843 844 772 844 924 852 924 925 853 925 843 771 843 924 852 924 926 854 926 925 853 925 924 852 924 927 855 927 926 854 926 924 852 924 924 852 924 844 772 844 1011 935 1011 927 855 927 924 852 924 1011 935 1011 844 772 844 1002 926 1002 1011 935 1011 1002 926 1002 1003 927 1003 1011 935 1011 1003 927 1003 1002 926 1002 998 922 998 1002 926 1002 1001 925 1001 998 922 998 1001 925 1001 1000 924 1000 998 922 998 1000 924 1000 999 923 999 998 922 998 1000 924 1000 993 918 993 999 923 999 993 918 993 994 919 994 999 923 999 994 919 994 993 918 993 992 917 992 995 920 995 994 919 994 992 917 992 867 795 867 992 917 992 993 918 993 868 796 868 867 795 867 993 918 993 868 796 868 317 285 317 867 795 867 317 285 317 318 286 318 867 795 867 318 286 318 382 349 382 867 795 867 382 349 382 928 856 928 867 795 867 996 921 996 867 795 867 928 856 928 996 921 996 995 920 995 992 917 992 867 795 867 996 921 996 992 917 992 997 856 997 996 921 996 928 856 928 997 856 997 928 856 928 954 880 954 951 877 951 997 856 997 954 880 954 954 880 954 953 879 953 951 877 951 953 879 953 952 878 952 951 877 951 953 879 953 954 880 954 466 428 466 466 428 466 954 880 954 928 856 928 382 349 382 466 428 466 928 856 928 467 429 467 953 879 953 466 428 466 873 801 873 952 878 952 953 879 953 876 804 876 873 801 873 953 879 953 876 804 876 953 879 953 467 429 467 876 804 876 875 803 875 873 801 873 875 803 875 874 802 874 873 801 873 875 803 875 876 804 876 1004 928 1004 1005 929 1005 875 803 875 1004 928 1004 876 804 876 473 435 473 1004 928 1004 473 435 473 876 804 876 467 429 467 473 435 473 474 436 474 1004 928 1004 1018 942 1018 1004 928 1004 474 436 474 1004 928 1004 1018 942 1018 1005 929 1005 485 447 485 1018 942 1018 474 436 474 1018 942 1018 485 447 485 486 448 486 1019 943 1019 1018 942 1018 486 448 486 1018 942 1018 1017 941 1017 1005 929 1005 1017 941 1017 1014 938 1014 1005 929 1005 1014 938 1014 1017 941 1017 1016 940 1016 1018 942 1018 1019 943 1019 1016 940 1016 1017 941 1017 1018 942 1018 1016 940 1016 1013 937 1013 1014 938 1014 1016 940 1016 1014 938 1014 1013 937 1013 1012 936 1012 1015 939 1015 1014 938 1014 1012 936 1012 1014 938 1014 1007 931 1007 1005 929 1005 1005 929 1005 1007 931 1007 1009 933 1009 1009 933 1009 874 802 874 875 803 875 1005 929 1005 1009 933 1009 875 803 875 1007 931 1007 1006 930 1006 1009 933 1009 1007 931 1007 948 874 948 1006 930 1006 1014 938 1014 1015 939 1015 948 874 948 1007 931 1007 1014 938 1014 948 874 948 948 874 948 949 875 949 1006 930 1006 949 875 949 948 874 948 947 873 947 950 876 950 949 875 949 947 873 947 1013 937 1013 1021 945 1021 1012 936 1012 1021 945 1021 1013 937 1013 1016 940 1016 1021 945 1021 1020 944 1020 1012 936 1012 1020 944 1020 1021 945 1021 1022 946 1022 1021 945 1021 1023 947 1023 1022 946 1022 1023 947 1023 1021 945 1021 1024 948 1024 1021 945 1021 1025 949 1025 1024 948 1024 1025 949 1025 1021 945 1021 1016 940 1016 1028 952 1028 1023 947 1023 1024 948 1024 1023 947 1023 1028 952 1028 1022 946 1022 1031 955 1031 1028 952 1028 1024 948 1024 1028 952 1028 1031 955 1031 1030 954 1030 1027 951 1027 1028 952 1028 1030 954 1030 1028 952 1028 1027 951 1027 1026 950 1026 1029 953 1029 1028 952 1028 1026 950 1026 1028 952 1028 1029 953 1029 1022 946 1022 1032 956 1032 1031 955 1031 1024 948 1024 1031 955 1031 1032 956 1032 1030 954 1030 1034 958 1034 1032 956 1032 1024 948 1024 1032 956 1032 1034 958 1034 505 467 505 501 463 501 1032 956 1032 505 467 505 1032 956 1032 501 463 501 502 464 502 1033 957 1033 1032 956 1032 502 464 502 1032 956 1032 1033 957 1033 1030 954 1030 1035 959 1035 1025 949 1025 1016 940 1016 1035 959 1035 1034 958 1034 1024 948 1024 1025 949 1025 1035 959 1035 1024 948 1024 1034 958 1034 1035 959 1035 505 467 505 1019 943 1019 1035 959 1035 1016 940 1016 1035 959 1035 1019 943 1019 486 448 486 507 469 507 1035 959 1035 486 448 486 1035 959 1035 507 469 507 505 467 505 1020 944 1020 1070 994 1070 1012 936 1012 1070 994 1070 1020 944 1020 1022 946 1022 1070 994 1070 1015 939 1015 1012 936 1012 1015 939 1015 1070 994 1070 948 874 948 1070 994 1070 947 873 947 948 874 948 947 873 947 1070 994 1070 1008 932 1008 947 873 947 1008 932 1008 1010 934 1010 1008 932 1008 944 870 944 1010 934 1010 1008 932 1008 979 905 979 944 870 944 979 905 979 980 906 980 944 870 944 980 906 980 979 905 979 978 904 978 857 785 857 980 906 980 978 904 978 980 906 980 857 785 857 922 850 922 922 850 922 857 785 857 858 786 858 858 786 858 857 785 857 855 783 855 857 785 857 856 784 856 855 783 855 923 851 923 922 850 922 858 786 858 858 786 858 855 783 855 882 810 882 879 807 879 858 786 858 882 810 882 923 851 923 858 786 858 879 807 879 882 810 882 881 809 881 879 807 879 881 809 881 880 808 880 879 807 879 879 807 879 880 808 880 920 848 920 920 848 920 923 851 923 879 807 879 880 808 880 921 849 921 920 848 920 880 808 880 881 809 881 975 901 975 881 809 881 977 903 977 975 901 975 871 799 871 975 901 975 977 903 977 871 799 871 919 847 919 975 901 975 919 847 919 871 799 871 872 800 872 872 800 872 871 799 871 869 797 869 871 799 871 870 798 870 869 797 869 870 798 870 871 799 871 977 903 977 869 797 869 878 806 878 872 800 872 878 806 878 877 805 877 872 800 872 872 800 872 877 805 877 917 845 917 917 845 917 919 847 919 872 800 872 877 805 877 918 846 918 917 845 917 877 805 877 878 806 878 955 881 955 878 806 878 956 882 956 955 881 955 877 805 877 955 881 955 957 883 957 918 846 918 877 805 877 957 883 957 919 847 919 976 902 976 975 901 975 880 808 880 975 901 975 976 902 976 921 849 921 880 808 880 976 902 976 1062 986 1062 870 798 870 977 903 977 870 798 870 1062 986 1062 869 797 869 1061 985 1061 1062 986 1062 977 903 977 1062 986 1062 1061 985 1061 1036 960 1036 1037 961 1037 1062 986 1062 1036 960 1036 1038 962 1038 1037 961 1037 1036 960 1036 1039 963 1039 1038 962 1038 1036 960 1036 1037 961 1037 1038 962 1038 1040 964 1040 1062 986 1062 1037 961 1037 1040 964 1040 1038 962 1038 1041 965 1041 1040 964 1040 1041 965 1041 1038 962 1038 1042 966 1042 1038 962 1038 1043 967 1043 1042 966 1042 1038 962 1038 1039 963 1039 1044 968 1044 1043 967 1043 1038 962 1038 1044 968 1044 1047 971 1047 1041 965 1041 1042 966 1042 1041 965 1041 1047 971 1047 1040 964 1040 1050 974 1050 1047 971 1047 1042 966 1042 1047 971 1047 1050 974 1050 1049 973 1049 1046 970 1046 1047 971 1047 1049 973 1049 1047 971 1047 1046 970 1046 1045 969 1045 1048 972 1048 1047 971 1047 1045 969 1045 1047 971 1047 1048 972 1048 1040 964 1040 1053 977 1053 1050 974 1050 1042 966 1042 1050 974 1050 1053 977 1053 1049 973 1049 1056 980 1056 1053 977 1053 1042 966 1042 1053 977 1053 1056 980 1056 1055 979 1055 1052 976 1052 1053 977 1053 1055 979 1055 1053 977 1053 1052 976 1052 1051 975 1051 1054 978 1054 1053 977 1053 1051 975 1051 1053 977 1053 1054 978 1054 1049 973 1049 1059 983 1059 1043 967 1043 1044 968 1044 1059 983 1059 1056 980 1056 1042 966 1042 1043 967 1043 1059 983 1059 1042 966 1042 1056 980 1056 1059 983 1059 1055 979 1055 1058 982 1058 1059 983 1059 1044 968 1044 1059 983 1059 1058 982 1058 1057 981 1057 1060 984 1060 1059 983 1059 1057 981 1057 1059 983 1059 1060 984 1060 1055 979 1055 1063 987 1063 1062 986 1062 1040 964 1040 1062 986 1062 1063 987 1063 869 797 869 1064 988 1064 1048 972 1048 1045 969 1045 1064 988 1064 1063 987 1063 1040 964 1040 1048 972 1048 1064 988 1064 1040 964 1040 1063 987 1063 1064 988 1064 869 797 869 1065 989 1065 1064 988 1064 1045 969 1045 1064 988 1064 878 806 878 869 797 869 1064 988 1064 1065 989 1065 956 882 956 878 806 878 1064 988 1064 956 882 956 1058 982 1058 1069 993 1069 1057 981 1057 1069 993 1069 1058 982 1058 1044 968 1044 1069 993 1069 1068 992 1068 1057 981 1057 1068 992 1068 1069 993 1069 856 784 856 1069 993 1069 855 783 855 856 784 856 855 783 855 1069 993 1069 882 810 882 1069 993 1069 1067 991 1067 882 810 882 1067 991 1067 1069 993 1069 1044 968 1044 1066 990 1066 1067 991 1067 1044 968 1044 1067 991 1067 1066 990 1066 882 810 882 1039 963 1039 1066 990 1066 1044 968 1044 1066 990 1066 1039 963 1039 1036 960 1036 1061 985 1061 1066 990 1066 1036 960 1036 1066 990 1066 881 809 881 882 810 882 1066 990 1066 1061 985 1061 977 903 977 881 809 881 1066 990 1066 977 903 977 865 793 865 864 792 864 863 791 863 866 794 866 865 793 865 863 791 863 1075 999 1075 866 794 866 863 791 863 1074 998 1074 1075 999 1075 863 791 863 925 853 925 1074 998 1074 863 791 863 926 854 926 1075 999 1075 1074 998 1074 925 853 925 926 854 926 1074 998 1074 864 792 864 865 793 865 943 869 943 865 793 865 946 872 946 943 869 943 946 872 946 945 871 945 943 869 943 945 871 945 944 870 944 943 869 943 944 870 944 980 906 980 943 869 943 980 906 980 981 907 981 943 869 943 981 907 981 980 906 980 922 850 922 1010 934 1010 944 870 944 945 871 945 1076 1000 1076 1010 934 1010 945 871 945 1076 1000 1076 950 876 950 1010 934 1010 950 876 950 947 873 947 1010 934 1010 863 791 863 864 792 864 982 908 982 864 792 864 1086 1010 1086 982 908 982 1086 1010 1086 864 792 864 943 869 943 981 907 981 1086 1010 1086 943 869 943 982 908 982 1086 1010 1086 884 812 884 1086 1010 1086 1085 1009 1085 884 812 884 981 907 981 922 850 922 1085 1009 1085 1086 1010 1086 981 907 981 1085 1009 1085 884 812 884 1085 1009 1085 883 811 883 1085 1009 1085 1084 1008 1084 883 811 883 883 811 883 1084 1008 1084 862 790 862 1084 1008 1084 1083 1007 1083 862 790 862 1083 1007 1083 1082 1006 1082 862 790 862 1082 1006 1082 861 789 861 862 790 862 861 789 861 1082 1006 1082 974 900 974 1082 1006 1082 1081 1005 1081 974 900 974 852 780 852 974 900 974 1081 1005 1081 1080 1004 1080 852 780 852 1081 1005 1081 852 780 852 1080 1004 1080 851 779 851 1080 1004 1080 1079 1003 1079 851 779 851 1079 1003 1079 1078 1002 1078 851 779 851 1078 1002 1078 888 816 888 851 779 851 888 816 888 1078 1002 1078 959 885 959 1078 1002 1078 1077 1001 1077 959 885 959 1085 1009 1085 922 850 922 923 851 923 1084 1008 1084 1085 1009 1085 923 851 923 1084 1008 1084 923 851 923 920 848 920 1083 1007 1083 1084 1008 1084 920 848 920 1082 1006 1082 1083 1007 1083 920 848 920 921 849 921 1082 1006 1082 920 848 920 1082 1006 1082 921 849 921 1081 1005 1081 921 849 921 976 902 976 1081 1005 1081 1080 1004 1080 1081 1005 1081 976 902 976 919 847 919 1080 1004 1080 976 902 976 1080 1004 1080 919 847 919 917 845 917 1079 1003 1079 1080 1004 1080 917 845 917 1078 1002 1078 1079 1003 1079 917 845 917 918 846 918 1078 1002 1078 917 845 917 1078 1002 1078 918 846 918 1077 1001 1077 918 846 918 957 883 957 1077 1001 1077 1070 994 1070 1071 995 1071 1008 932 1008 1071 995 1071 1070 994 1070 1022 946 1022 1072 996 1072 1071 995 1071 1022 946 1022 1071 995 1071 1072 996 1072 1008 932 1008 1029 953 1029 1072 996 1072 1022 946 1022 1072 996 1072 1029 953 1029 1026 950 1026 1073 997 1073 1072 996 1072 1026 950 1026 1072 996 1072 979 905 979 1008 932 1008 1072 996 1072 1073 997 1073 978 904 978 979 905 979 1072 996 1072 978 904 978 844 772 844 845 773 845 1099 1020 1099 1002 926 1002 844 772 844 1099 1020 1099 1108 1027 1108 786 714 786 795 723 795 786 714 786 1108 1027 1108 1109 1028 1109 789 717 789 786 714 786 1109 1028 1109 795 723 795 1110 1029 1110 1108 1027 1108 795 723 795 584 541 584 1110 1029 1110 584 541 584 585 542 585 1110 1029 1110 1110 1029 1110 1111 1030 1111 1108 1027 1108 1109 1028 1109 1108 1027 1108 1111 1030 1111 1112 1031 1112 1109 1028 1109 1111 1030 1111 1109 1028 1109 1112 1031 1112 590 547 590 1112 1031 1112 589 546 589 590 547 590 1115 1034 1115 1114 1033 1114 1113 1032 1113 1116 1035 1116 1115 1034 1115 1113 1032 1113 1113 1032 1113 1114 1033 1114 1117 1036 1117 1114 1033 1114 1118 1037 1118 1117 1036 1117 1117 1036 1117 1118 1037 1118 1119 1038 1119 1118 1037 1118 1120 1039 1120 1119 1038 1119 1119 1038 1119 1120 1039 1120 1121 1040 1121 1120 1039 1120 1122 1041 1122 1121 1040 1121 1131 1050 1131 1115 1034 1115 1116 1035 1116 1132 1051 1132 1131 1050 1131 1116 1035 1116 1120 1039 1120 1138 1057 1138 1122 1041 1122 1138 1057 1138 1137 1056 1137 1122 1041 1122 1139 1058 1139 1138 1057 1138 1120 1039 1120 1118 1037 1118 1139 1058 1139 1120 1039 1120 1140 1059 1140 1139 1058 1139 1118 1037 1118 1114 1033 1114 1140 1059 1140 1118 1037 1118 1141 1060 1141 1140 1059 1140 1114 1033 1114 1115 1034 1115 1141 1060 1141 1114 1033 1114 1142 1061 1142 1141 1060 1141 1115 1034 1115 1131 1050 1131 1142 1061 1142 1115 1034 1115 1390 1292 1390 1131 1050 1131 1132 1051 1132 1389 1291 1389 1390 1292 1390 1132 1051 1132 1388 1290 1388 1390 1292 1390 1389 1291 1389 1387 1289 1387 1388 1290 1388 1389 1291 1389 1386 1288 1386 1388 1290 1388 1387 1289 1387 1385 1287 1385 1386 1288 1386 1387 1289 1387 1384 1286 1384 1386 1288 1386 1385 1287 1385 1383 1285 1383 1384 1286 1384 1385 1287 1385 1382 1284 1382 1384 1286 1384 1383 1285 1383 1381 1283 1381 1382 1284 1382 1383 1285 1383 1380 1282 1380 1382 1284 1382 1381 1283 1381 1379 1281 1379 1380 1282 1380 1381 1283 1381 1378 1280 1378 1380 1282 1380 1379 1281 1379 1377 1279 1377 1378 1280 1378 1379 1281 1379 1130 1049 1130 1378 1280 1378 1377 1279 1377 1129 1048 1129 1130 1049 1130 1377 1279 1377 1128 1047 1128 1130 1049 1130 1129 1048 1129 1127 1046 1127 1128 1047 1128 1129 1048 1129 1124 1043 1124 1128 1047 1128 1127 1046 1127 1123 1042 1123 1124 1043 1124 1127 1046 1127 1125 1044 1125 1124 1043 1124 1123 1042 1123 1126 1045 1126 1125 1044 1125 1123 1042 1123 1128 1047 1128 1134 1053 1134 1130 1049 1130 1134 1053 1134 1133 1052 1133 1130 1049 1130 1130 1049 1130 1133 1052 1133 1378 1280 1378 1135 1054 1135 1134 1053 1134 1128 1047 1128 1124 1043 1124 1135 1054 1135 1128 1047 1128 1136 1055 1136 1135 1054 1135 1124 1043 1124 1125 1044 1125 1136 1055 1136 1124 1043 1124 1384 1286 1384 1392 1294 1392 1386 1288 1386 1392 1294 1392 1391 1293 1391 1386 1288 1386 1386 1288 1386 1391 1293 1391 1388 1290 1388 1393 1295 1393 1392 1294 1392 1384 1286 1384 1382 1284 1382 1393 1295 1393 1384 1286 1384 1394 1296 1394 1393 1295 1393 1382 1284 1382 1380 1282 1380 1394 1296 1394 1382 1284 1382 1395 1297 1395 1394 1296 1394 1380 1282 1380 1378 1280 1378 1395 1297 1395 1380 1282 1380 1133 1052 1133 1395 1297 1395 1378 1280 1378 1391 1293 1391 1397 1299 1397 1388 1290 1388 1388 1290 1388 1397 1299 1397 1390 1292 1390 1397 1299 1397 1396 1298 1396 1390 1292 1390 1390 1292 1390 1396 1298 1396 1131 1050 1131 1396 1298 1396 1142 1061 1142 1131 1050 1131 1145 1064 1145 1144 1063 1144 1143 1062 1143 1146 1065 1146 1145 1064 1145 1143 1062 1143 1147 1066 1147 1143 1062 1143 1144 1063 1144 1148 1067 1148 1147 1066 1147 1144 1063 1144 1146 1065 1146 1150 1069 1150 1145 1064 1145 1150 1069 1150 1149 1068 1149 1145 1064 1145 1151 1070 1151 1149 1068 1149 1150 1069 1150 1152 1071 1152 1151 1070 1151 1150 1069 1150 1152 1071 1152 1211 1129 1211 1151 1070 1151 1211 1129 1211 1212 1130 1212 1151 1070 1151 1213 1131 1213 1212 1130 1212 1211 1129 1211 1214 1132 1214 1213 1131 1213 1211 1129 1211 1214 1132 1214 1211 1129 1211 1189 1107 1189 1214 1132 1214 1189 1107 1189 1237 1155 1237 1214 1132 1214 1237 1155 1237 1213 1131 1213 1189 1107 1189 1229 1147 1229 1237 1155 1237 1232 1150 1232 1229 1147 1229 1189 1107 1189 1232 1150 1232 1231 1149 1231 1229 1147 1229 1231 1149 1231 1230 1148 1230 1229 1147 1229 1229 1147 1229 1230 1148 1230 1237 1155 1237 1190 1108 1190 1232 1150 1232 1189 1107 1189 1190 1108 1190 1189 1107 1189 1187 1105 1187 1189 1107 1189 1188 1106 1188 1187 1105 1187 1211 1129 1211 1188 1106 1188 1189 1107 1189 1187 1105 1187 1188 1106 1188 1177 1095 1177 1177 1095 1177 1188 1106 1188 1211 1129 1211 1152 1071 1152 1177 1095 1177 1211 1129 1211 1152 1071 1152 1150 1069 1150 1177 1095 1177 1178 1096 1178 1187 1105 1187 1177 1095 1177 1178 1096 1178 1177 1095 1177 1175 1093 1175 1177 1095 1177 1176 1094 1176 1175 1093 1175 1150 1069 1150 1176 1094 1176 1177 1095 1177 1175 1093 1175 1176 1094 1176 1172 1090 1172 1172 1090 1172 1176 1094 1176 1150 1069 1150 1146 1065 1146 1172 1090 1172 1150 1069 1150 1165 1084 1165 1175 1093 1175 1172 1090 1172 1165 1084 1165 1172 1090 1172 1170 1089 1170 1172 1090 1172 1171 378 1171 1170 1089 1170 1173 1091 1173 1170 1089 1170 1171 378 1171 1174 1092 1174 1173 1091 1173 1171 378 1171 1179 1097 1179 1175 1093 1175 1165 1084 1165 1175 1093 1175 1179 1097 1179 1178 1096 1178 1166 1085 1166 1179 1097 1179 1165 1084 1165 1163 1082 1163 1166 1085 1166 1165 1084 1165 1162 1081 1162 1163 1082 1163 1165 1084 1165 1163 1082 1163 1162 1081 1162 1161 1080 1161 1164 1083 1164 1163 1082 1163 1161 1080 1161 1166 1085 1166 1163 1082 1163 1167 1086 1167 1179 1097 1179 1166 1085 1166 1167 1086 1167 1163 1082 1163 1168 1087 1168 1167 1086 1167 1163 1082 1163 1164 1083 1164 1169 1088 1169 1168 1087 1168 1163 1082 1163 1169 1088 1169 1179 1097 1179 1180 1098 1180 1178 1096 1178 1180 1098 1180 1179 1097 1179 1181 1099 1181 1179 1097 1179 1182 1100 1182 1181 1099 1181 1182 1100 1182 1179 1097 1179 1167 1086 1167 1191 1109 1191 1187 1105 1187 1178 1096 1178 1180 1098 1180 1191 1109 1191 1178 1096 1178 1191 1109 1191 1180 1098 1180 1181 1099 1181 1187 1105 1187 1191 1109 1191 1190 1108 1190 1191 1109 1191 1192 1110 1192 1190 1108 1190 1192 1110 1192 1191 1109 1191 1193 1111 1193 1191 1109 1191 1194 1112 1194 1193 1111 1193 1194 1112 1194 1191 1109 1191 1181 1099 1181 1233 1151 1233 1192 1110 1192 1193 1111 1193 1192 1110 1192 1233 1151 1233 1190 1108 1190 1234 1152 1234 1233 1151 1233 1193 1111 1193 1233 1151 1233 1232 1150 1232 1190 1108 1190 1233 1151 1233 1235 1153 1235 1232 1150 1232 1235 1153 1235 1231 1149 1231 1232 1150 1232 1236 1154 1236 1235 1153 1235 1233 1151 1233 1234 1152 1234 1236 1154 1236 1233 1151 1233 1251 1169 1251 1182 1100 1182 1167 1086 1167 1168 1087 1168 1251 1169 1251 1167 1086 1167 1182 1100 1182 1251 1169 1251 1181 1099 1181 1251 1169 1251 1168 1087 1168 1169 1088 1169 1251 1169 1251 1252 1170 1252 1181 1099 1181 1252 1170 1252 1251 1169 1251 1253 134 1253 1251 1169 1251 1254 1171 1254 1253 134 1253 1254 1171 1254 1251 1169 1251 1169 1088 1169 1257 1174 1257 1194 1112 1194 1181 1099 1181 1252 1170 1252 1257 1174 1257 1181 1099 1181 1194 1112 1194 1257 1174 1257 1193 1111 1193 1257 1174 1257 1252 1170 1252 1253 134 1253 1257 1174 1257 1258 584 1258 1193 1111 1193 1258 584 1258 1257 1174 1257 1259 134 1259 1257 1174 1257 1260 134 1260 1259 134 1259 1260 134 1260 1257 1174 1257 1253 134 1253 1261 1175 1261 1258 584 1258 1259 134 1259 1261 1175 1261 1234 1152 1234 1193 1111 1193 1258 584 1258 1261 1175 1261 1193 1111 1193 1264 134 1264 1261 1175 1261 1259 134 1259 1264 134 1264 1263 134 1263 1261 1175 1261 1263 134 1263 1262 1175 1262 1261 1175 1261 1262 1175 1262 1236 1154 1236 1234 1152 1234 1261 1175 1261 1262 1175 1262 1234 1152 1234 1235 1153 1235 1242 1160 1242 1231 1149 1231 1242 1160 1242 1241 1159 1241 1231 1149 1231 1183 1101 1183 1241 1159 1241 1242 1160 1242 1183 1101 1183 1184 1102 1184 1241 1159 1241 1159 1078 1159 1184 1102 1184 1183 1101 1183 1156 1075 1156 1159 1078 1159 1183 1101 1183 1160 1079 1160 1159 1078 1159 1156 1075 1156 1153 1072 1153 1160 1079 1160 1156 1075 1156 1156 1075 1156 1155 1074 1155 1153 1072 1153 1155 1074 1155 1154 1073 1154 1153 1072 1153 1154 1073 1154 1155 1074 1155 1157 1076 1157 1155 1074 1155 1158 1077 1158 1157 1076 1157 1156 1075 1156 1183 1101 1183 1185 1103 1185 1155 1074 1155 1156 1075 1156 1185 1103 1185 1158 1077 1158 1155 1074 1155 1185 1103 1185 1185 1103 1185 1183 1101 1183 1242 1160 1242 1186 1104 1186 1158 1077 1158 1185 1103 1185 1154 1073 1154 1202 1120 1202 1153 1072 1153 1202 1120 1202 1154 1073 1154 1157 1076 1157 1202 1120 1202 1201 1119 1201 1153 1072 1153 1201 1119 1201 1202 1120 1202 1203 1121 1203 1202 1120 1202 1204 1122 1204 1203 1121 1203 1204 1122 1204 1202 1120 1202 1205 1123 1205 1202 1120 1202 1206 1124 1206 1205 1123 1205 1206 1124 1206 1202 1120 1202 1157 1076 1157 1153 1072 1153 1207 1125 1207 1160 1079 1160 1207 1125 1207 1208 1126 1208 1160 1079 1160 1209 1127 1209 1208 1126 1208 1207 1125 1207 1210 1128 1210 1209 1127 1209 1207 1125 1207 1160 1079 1160 1222 1140 1222 1159 1078 1159 1160 1079 1160 1208 1126 1208 1222 1140 1222 1222 1140 1222 1221 1139 1221 1159 1078 1159 1184 1102 1184 1159 1078 1159 1221 1139 1221 1223 1141 1223 1184 1102 1184 1221 1139 1221 1208 1126 1208 1224 1142 1224 1222 1140 1222 1222 1140 1222 1224 1142 1224 1225 1143 1225 1226 1144 1226 1225 1143 1225 1224 1142 1224 1227 1145 1227 1226 1144 1226 1224 1142 1224 1227 1145 1227 1224 1142 1224 1208 1126 1208 1209 1127 1209 1227 1145 1227 1208 1126 1208 1228 1146 1228 1222 1140 1222 1225 1143 1225 1184 1102 1184 1223 1141 1223 1239 1157 1239 1223 1141 1223 1240 1158 1240 1239 1157 1239 1184 1102 1184 1239 1157 1239 1241 1159 1241 1240 1158 1240 1223 1141 1223 1195 1113 1195 1223 1141 1223 1221 1139 1221 1195 1113 1195 1196 1114 1196 1240 1158 1240 1195 1113 1195 1197 1115 1197 1196 1114 1196 1195 1113 1195 1198 1116 1198 1197 1115 1197 1195 1113 1195 1199 1117 1199 1197 1115 1197 1198 1116 1198 1200 1118 1200 1199 1117 1199 1198 1116 1198 1221 1139 1221 1244 1162 1244 1195 1113 1195 1244 1162 1244 1221 1139 1221 1222 1140 1222 1228 1146 1228 1244 1162 1244 1222 1140 1222 1245 1163 1245 1244 1162 1244 1228 1146 1228 1225 1143 1225 1245 1163 1245 1228 1146 1228 1195 1113 1195 1244 1162 1244 1245 1163 1245 1198 1116 1198 1195 1113 1195 1245 1163 1245 1245 1163 1245 1225 1143 1225 1226 1144 1226 1198 1116 1198 1245 1163 1245 1246 1164 1246 1200 1118 1200 1198 1116 1198 1246 1164 1246 1246 1164 1246 1245 1163 1245 1226 1144 1226 1200 1118 1200 1318 1227 1318 1199 1117 1199 1200 1118 1200 1246 1164 1246 1318 1227 1318 1318 1227 1318 1315 1224 1315 1199 1117 1199 1318 1227 1318 1317 1226 1317 1315 1224 1315 1317 1226 1317 1316 1225 1316 1315 1224 1315 1227 1145 1227 1339 1248 1339 1226 1144 1226 1339 1248 1339 1338 1247 1338 1226 1144 1226 1338 1247 1338 1339 1248 1339 1335 1244 1335 1340 1249 1340 1338 1247 1338 1335 1244 1335 1335 1244 1335 1339 1248 1339 1325 1234 1325 1325 1234 1325 1339 1248 1339 1227 1145 1227 1281 1190 1281 1335 1244 1335 1325 1234 1325 1281 1190 1281 1325 1234 1325 1326 1235 1326 1326 1235 1326 1325 1234 1325 1209 1127 1209 1209 1127 1209 1325 1234 1325 1227 1145 1227 1210 1128 1210 1326 1235 1326 1209 1127 1209 1277 1187 1277 1281 1190 1281 1326 1235 1326 1277 1187 1277 1278 1188 1278 1281 1190 1281 1278 1188 1278 1277 1187 1277 1275 1185 1275 1277 1187 1277 1276 1186 1276 1275 1185 1275 1276 1186 1276 1280 81 1280 1275 1185 1275 1280 81 1280 1279 1189 1279 1275 1185 1275 1278 1188 1278 1282 1191 1282 1281 1190 1281 1281 1190 1281 1282 1191 1282 1335 1244 1335 1278 1188 1278 1304 1213 1304 1282 1191 1282 1304 1213 1304 1303 1212 1303 1282 1191 1282 1305 1214 1305 1304 1213 1304 1278 1188 1278 1275 1185 1275 1305 1214 1305 1278 1188 1278 1305 1214 1305 1275 1185 1275 1279 1189 1279 1306 1215 1306 1305 1214 1305 1279 1189 1279 1276 1186 1276 1277 1187 1277 1319 1228 1319 1280 81 1280 1276 1186 1276 1319 1228 1319 1277 1187 1277 1320 1229 1320 1319 1228 1319 1320 1229 1320 1322 1231 1322 1319 1228 1319 1322 1231 1322 1321 1230 1321 1319 1228 1319 1321 1230 1321 1324 1233 1324 1319 1228 1319 1324 1233 1324 1323 1232 1323 1319 1228 1319 1323 1232 1323 1280 81 1280 1319 1228 1319 1282 1191 1282 1336 1245 1336 1335 1244 1335 1336 1245 1336 1282 1191 1282 1303 1212 1303 1337 1246 1337 1336 1245 1336 1303 1212 1303 1303 1212 1303 1352 1261 1352 1337 1246 1337 1352 1261 1352 1351 1260 1351 1337 1246 1337 1353 1262 1353 1352 1261 1352 1303 1212 1303 1304 1213 1304 1353 1262 1353 1303 1212 1303 1354 1263 1354 1353 1262 1353 1304 1213 1304 1305 1214 1305 1354 1263 1354 1304 1213 1304 1355 1264 1355 1354 1263 1354 1305 1214 1305 1306 1215 1306 1355 1264 1355 1305 1214 1305 1317 1226 1317 1337 1246 1337 1351 1260 1351 1337 1246 1337 1317 1226 1317 1336 1245 1336 1316 1225 1316 1317 1226 1317 1351 1260 1351 1317 1226 1317 1356 1265 1356 1336 1245 1336 1335 1244 1335 1336 1245 1336 1356 1265 1356 1340 1249 1340 1335 1244 1335 1356 1265 1356 1340 1249 1340 1356 1265 1356 1357 1266 1357 1357 1266 1357 1356 1265 1356 1317 1226 1317 1338 1247 1338 1340 1249 1340 1357 1266 1357 1318 1227 1318 1357 1266 1357 1317 1226 1317 1246 1164 1246 1357 1266 1357 1318 1227 1318 1226 1144 1226 1338 1247 1338 1357 1266 1357 1246 1164 1246 1226 1144 1226 1357 1266 1357 1280 81 1280 1323 1232 1323 1359 1268 1359 1323 1232 1323 1324 1233 1324 1359 1268 1359 1279 1189 1279 1280 81 1280 1359 1268 1359 1324 1233 1324 1360 1269 1360 1359 1268 1359 1365 1273 1365 1359 1268 1359 1360 1269 1360 1365 1273 1365 1306 1215 1306 1279 1189 1279 1359 1268 1359 1365 1273 1365 1279 1189 1279 1366 1274 1366 1365 1273 1365 1360 1269 1360 1375 1278 1375 1355 1264 1355 1306 1215 1306 1365 1273 1365 1375 1278 1375 1306 1215 1306 1376 134 1376 1375 1278 1375 1365 1273 1365 1366 1274 1366 1376 134 1376 1365 1273 1365 1333 1242 1333 1316 1225 1316 1351 1260 1351 1316 1225 1316 1333 1242 1333 1315 1224 1315 1333 1242 1333 1334 1243 1334 1315 1224 1315 1334 1243 1334 1333 1242 1333 1331 1240 1331 1333 1242 1333 1332 1241 1332 1331 1240 1331 1219 1137 1219 1334 1243 1334 1331 1240 1331 1334 1243 1334 1219 1137 1219 1315 1224 1315 1220 1138 1220 1219 1137 1219 1331 1240 1331 1220 1138 1220 1217 1135 1217 1219 1137 1219 1217 1135 1217 1218 1136 1218 1219 1137 1219 1218 1136 1218 1217 1135 1217 1215 1133 1215 1217 1135 1217 1216 1134 1216 1215 1133 1215 1215 1133 1215 1216 1134 1216 1238 1156 1238 1216 1134 1216 1237 1155 1237 1238 1156 1238 1230 1148 1230 1238 1156 1238 1237 1155 1237 1237 1155 1237 1216 1134 1216 1213 1131 1213 1216 1134 1216 1217 1135 1217 1213 1131 1213 1217 1135 1217 1247 1165 1247 1213 1131 1213 1217 1135 1217 1220 1138 1220 1248 1166 1248 1247 1165 1247 1217 1135 1217 1248 1166 1248 1248 1166 1248 1220 1138 1220 1331 1240 1331 1333 1242 1333 1349 1258 1349 1332 1241 1332 1349 1258 1349 1333 1242 1333 1351 1260 1351 1349 1258 1349 1350 1259 1350 1332 1241 1332 1350 1259 1350 1349 1258 1349 1342 1251 1342 1349 1258 1349 1351 1260 1351 1342 1251 1342 1343 1252 1343 1350 1259 1350 1342 1251 1342 1343 1252 1343 1342 1251 1342 1341 1250 1341 1344 1253 1344 1343 1252 1343 1341 1250 1341 1307 1216 1307 1343 1252 1343 1344 1253 1344 1350 1259 1350 1343 1252 1343 1307 1216 1307 1310 1219 1310 1307 1216 1307 1344 1253 1344 1310 1219 1310 1309 1218 1309 1307 1216 1307 1309 1218 1309 1308 1217 1308 1307 1216 1307 1295 1204 1295 1308 1217 1308 1309 1218 1309 1298 1207 1298 1295 1204 1295 1309 1218 1309 1298 1207 1298 1297 1206 1297 1295 1204 1295 1297 1206 1297 1296 1205 1296 1295 1204 1295 1292 1201 1292 1296 1205 1296 1297 1206 1297 1288 1197 1288 1292 1201 1292 1297 1206 1297 1288 1197 1288 1294 1203 1294 1292 1201 1292 1294 1203 1294 1293 1202 1293 1292 1201 1292 1293 1202 1293 1294 1203 1294 1173 1091 1173 1174 1092 1174 1293 1202 1293 1173 1091 1173 1288 1197 1288 1297 1206 1297 1299 1208 1299 1297 1206 1297 1298 1207 1298 1299 1208 1299 1287 1196 1287 1288 1197 1288 1299 1208 1299 1288 1197 1288 1287 1196 1287 1283 1192 1283 1284 1193 1284 1288 1197 1288 1283 1192 1283 1285 1194 1285 1284 1193 1284 1283 1192 1283 1286 1195 1286 1285 1194 1285 1283 1192 1283 1287 1196 1287 1290 1199 1290 1283 1192 1283 1290 1199 1290 1287 1196 1287 1299 1208 1299 1290 1199 1290 1289 1198 1289 1283 1192 1283 1291 1200 1291 1286 1195 1286 1283 1192 1283 1289 1198 1289 1291 1200 1291 1283 1192 1283 1298 1207 1298 1300 1209 1300 1299 1208 1299 1300 1209 1300 1302 1211 1302 1299 1208 1299 1302 1211 1302 1301 1210 1301 1299 1208 1299 1301 1210 1301 1290 1199 1290 1299 1208 1299 1298 1207 1298 1309 1218 1309 1311 1220 1311 1300 1209 1300 1298 1207 1298 1311 1220 1311 1309 1218 1309 1310 1219 1310 1311 1220 1311 1302 1211 1302 1300 1209 1300 1311 1220 1311 1310 1219 1310 1312 1221 1312 1311 1220 1311 1312 1221 1312 1314 1223 1314 1311 1220 1311 1314 1223 1314 1313 1222 1313 1311 1220 1311 1313 1222 1313 1302 1211 1302 1311 1220 1311 1314 1223 1314 1312 1221 1312 1345 1254 1345 1312 1221 1312 1310 1219 1310 1345 1254 1345 1346 1255 1346 1314 1223 1314 1345 1254 1345 1310 1219 1310 1344 1253 1344 1345 1254 1345 1345 1254 1345 1344 1253 1344 1347 1256 1347 1344 1253 1344 1341 1250 1341 1347 1256 1347 1345 1254 1345 1347 1256 1347 1348 1257 1348 1346 1255 1346 1345 1254 1345 1348 1257 1348 1290 1199 1290 1301 1210 1301 1361 1270 1361 1289 1198 1289 1290 1199 1290 1361 1270 1361 1301 1210 1301 1302 1211 1302 1361 1270 1361 1291 1200 1291 1289 1198 1289 1361 1270 1361 1302 1211 1302 1362 1271 1362 1361 1270 1361 1362 1271 1362 1364 134 1364 1361 1270 1361 1364 134 1364 1363 1272 1363 1361 1270 1361 1363 1272 1363 1291 1200 1291 1361 1270 1361 1302 1211 1302 1313 1222 1313 1367 129 1367 1362 1271 1362 1302 1211 1302 1367 129 1367 1313 1222 1313 1314 1223 1314 1367 129 1367 1364 134 1364 1362 1271 1362 1367 129 1367 1314 1223 1314 1368 1275 1368 1367 129 1367 1368 1275 1368 1370 134 1370 1367 129 1367 1370 134 1370 1369 134 1369 1367 129 1367 1369 134 1369 1364 134 1364 1367 129 1367 1370 134 1370 1368 1275 1368 1373 1277 1373 1314 1223 1314 1346 1255 1346 1373 1277 1373 1368 1275 1368 1314 1223 1314 1373 1277 1373 1374 134 1374 1370 134 1370 1373 1277 1373 1374 134 1374 1373 1277 1373 1371 134 1371 1373 1277 1373 1372 1276 1372 1371 134 1371 1346 1255 1346 1348 1257 1348 1372 1276 1372 1373 1277 1373 1346 1255 1346 1372 1276 1372 1372 1276 1372 1375 1278 1375 1371 134 1371 1375 1278 1375 1372 1276 1372 1348 1257 1348 1375 1278 1375 1376 134 1376 1371 134 1371 1355 1264 1355 1375 1278 1375 1348 1257 1348 1355 1264 1355 1348 1257 1348 1347 1256 1347 1354 1263 1354 1355 1264 1355 1347 1256 1347 1354 1263 1354 1347 1256 1347 1341 1250 1341 1353 1262 1353 1354 1263 1354 1341 1250 1341 1352 1261 1352 1353 1262 1353 1341 1250 1341 1342 1251 1342 1352 1261 1352 1341 1250 1341 1351 1260 1351 1352 1261 1352 1342 1251 1342 1143 1062 1143 1171 378 1171 1172 1090 1172 1146 1065 1146 1143 1062 1143 1172 1090 1172 1174 1092 1174 1171 378 1171 1143 1062 1143 1147 1066 1147 1174 1092 1174 1143 1062 1143 1147 1066 1147 1269 1179 1269 1174 1092 1174 1268 1178 1268 1269 1179 1269 1147 1066 1147 1269 1179 1269 1268 1178 1268 1267 1177 1267 1270 1180 1270 1269 1179 1269 1267 1177 1267 1148 1067 1148 1268 1178 1268 1147 1066 1147 1270 1180 1270 1267 1177 1267 1271 1181 1271 1267 1177 1267 1272 1182 1272 1271 1181 1271 1271 1181 1271 1272 1182 1272 1273 1183 1273 1274 1184 1274 1271 1181 1271 1273 1183 1273 1274 1184 1274 1273 1183 1273 1329 1238 1329 1273 1183 1273 1328 1237 1328 1329 1238 1329 1329 1238 1329 1328 1237 1328 1327 1236 1327 1330 1239 1330 1329 1238 1329 1327 1236 1327 1330 1239 1330 1307 1216 1307 1329 1238 1329 1330 1239 1330 1350 1259 1350 1307 1216 1307 1330 1239 1330 1327 1236 1327 1350 1259 1350 1307 1216 1307 1308 1217 1308 1329 1238 1329 1329 1238 1329 1308 1217 1308 1295 1204 1295 1274 1184 1274 1329 1238 1329 1295 1204 1295 1274 1184 1274 1295 1204 1295 1271 1181 1271 1295 1204 1295 1296 1205 1296 1271 1181 1271 1271 1181 1271 1296 1205 1296 1292 1201 1292 1270 1180 1270 1271 1181 1271 1292 1201 1292 1270 1180 1270 1292 1201 1292 1269 1179 1269 1292 1201 1292 1293 1202 1293 1269 1179 1269 1269 1179 1269 1293 1202 1293 1174 1092 1174 1327 1236 1327 1332 1241 1332 1350 1259 1350 1332 1241 1332 1327 1236 1327 1331 1240 1331 1327 1236 1327 1358 1267 1358 1331 1240 1331 1358 1267 1358 1248 1166 1248 1331 1240 1331 1185 1103 1185 1242 1160 1242 1243 1161 1243 1186 1104 1186 1185 1103 1185 1243 1161 1243 1186 1104 1186 1243 1161 1243 1265 1176 1265 1255 1172 1255 1186 1104 1186 1265 1176 1265 1158 1077 1158 1186 1104 1186 1255 1172 1255 1249 1167 1249 1158 1077 1158 1255 1172 1255 1158 1077 1158 1249 1167 1249 1157 1076 1157 1249 1167 1249 1206 1124 1206 1157 1076 1157 1206 1124 1206 1249 1167 1249 1205 1123 1205 1249 1167 1249 1250 1168 1250 1205 1123 1205 1250 1168 1250 1249 1167 1249 1255 1172 1255 1256 1173 1256 1250 1168 1250 1255 1172 1255 1255 1172 1255 1265 1176 1265 1266 134 1266 1256 1173 1256 1255 1172 1255 1266 134 1266 1243 1161 1243 1242 1160 1242 1235 1153 1235 1236 1154 1236 1243 1161 1243 1235 1153 1235 1243 1161 1243 1236 1154 1236 1262 1175 1262 1265 1176 1265 1243 1161 1243 1262 1175 1262 1266 134 1266 1265 1176 1265 1262 1175 1262 1263 134 1263 1266 134 1266 1262 1175 1262 1238 1156 1238 1240 1158 1240 1196 1114 1196 1215 1133 1215 1238 1156 1238 1196 1114 1196 1218 1136 1218 1215 1133 1215 1196 1114 1196 1197 1115 1197 1218 1136 1218 1196 1114 1196 1219 1137 1219 1218 1136 1218 1197 1115 1197 1199 1117 1199 1219 1137 1219 1197 1115 1197 1219 1137 1219 1199 1117 1199 1315 1224 1315 1240 1158 1240 1238 1156 1238 1230 1148 1230 1239 1157 1239 1240 1158 1240 1230 1148 1230 1241 1159 1241 1239 1157 1239 1230 1148 1230 1231 1149 1231 1241 1159 1241 1230 1148 1230 1400 1302 1400 1399 1301 1399 1398 1300 1398 1401 1303 1401 1400 1302 1400 1398 1300 1398 1400 1302 1400 1403 1305 1403 1399 1301 1399 1403 1305 1403 1402 1304 1402 1399 1301 1399 1403 1305 1403 1405 1307 1405 1402 1304 1402 1405 1307 1405 1404 1306 1404 1402 1304 1402 1405 1307 1405 1407 1309 1407 1404 1306 1404 1407 1309 1407 1406 1308 1406 1404 1306 1404 1401 1303 1401 1398 1300 1398 1416 1318 1416 1417 1319 1417 1401 1303 1401 1416 1318 1416 1404 1306 1404 1406 1308 1406 1422 1324 1422 1406 1308 1406 1423 1325 1423 1422 1324 1422 1404 1306 1404 1422 1324 1422 1424 1326 1424 1402 1304 1402 1404 1306 1404 1424 1326 1424 1402 1304 1402 1424 1326 1424 1425 1327 1425 1399 1301 1399 1402 1304 1402 1425 1327 1425 1399 1301 1399 1425 1327 1425 1426 1328 1426 1398 1300 1398 1399 1301 1399 1426 1328 1426 1398 1300 1398 1426 1328 1426 1427 1329 1427 1416 1318 1416 1398 1300 1398 1427 1329 1427 1417 1319 1417 1416 1318 1416 1674 1558 1674 1675 1559 1675 1417 1319 1417 1674 1558 1674 1675 1559 1675 1674 1558 1674 1672 1556 1672 1673 1557 1673 1675 1559 1675 1672 1556 1672 1673 1557 1673 1672 1556 1672 1670 1554 1670 1671 1555 1671 1673 1557 1673 1670 1554 1670 1671 1555 1671 1670 1554 1670 1668 1552 1668 1669 1553 1669 1671 1555 1671 1668 1552 1668 1669 1553 1669 1668 1552 1668 1666 1550 1666 1667 1551 1667 1669 1553 1669 1666 1550 1666 1667 1551 1667 1666 1550 1666 1664 1548 1664 1665 1549 1665 1667 1551 1667 1664 1548 1664 1665 1549 1665 1664 1548 1664 1662 1546 1662 1663 1547 1663 1665 1549 1665 1662 1546 1662 1663 1547 1663 1662 1546 1662 1414 1316 1414 1415 1317 1415 1663 1547 1663 1414 1316 1414 1415 1317 1415 1414 1316 1414 1412 1314 1412 1413 1315 1413 1415 1317 1415 1412 1314 1412 1413 1315 1413 1412 1314 1412 1409 1311 1409 1410 1312 1410 1413 1315 1413 1409 1311 1409 1410 1312 1410 1409 1311 1409 1408 1310 1408 1411 1313 1411 1410 1312 1410 1408 1310 1408 1412 1314 1412 1414 1316 1414 1418 1320 1418 1414 1316 1414 1419 1321 1419 1418 1320 1418 1414 1316 1414 1662 1546 1662 1419 1321 1419 1412 1314 1412 1418 1320 1418 1420 1322 1420 1409 1311 1409 1412 1314 1412 1420 1322 1420 1409 1311 1409 1420 1322 1420 1421 1323 1421 1408 1310 1408 1409 1311 1409 1421 1323 1421 1668 1552 1668 1670 1554 1670 1676 1560 1676 1670 1554 1670 1677 1561 1677 1676 1560 1676 1670 1554 1670 1672 1556 1672 1677 1561 1677 1668 1552 1668 1676 1560 1676 1678 1562 1678 1666 1550 1666 1668 1552 1668 1678 1562 1678 1666 1550 1666 1678 1562 1678 1679 1563 1679 1664 1548 1664 1666 1550 1666 1679 1563 1679 1664 1548 1664 1679 1563 1679 1680 1564 1680 1662 1546 1662 1664 1548 1664 1680 1564 1680 1662 1546 1662 1680 1564 1680 1419 1321 1419 1672 1556 1672 1682 1566 1682 1677 1561 1677 1672 1556 1672 1674 1558 1674 1682 1566 1682 1674 1558 1674 1681 1565 1681 1682 1566 1682 1674 1558 1674 1416 1318 1416 1681 1565 1681 1416 1318 1416 1427 1329 1427 1681 1565 1681 1430 1332 1430 1429 1331 1429 1428 1330 1428 1431 1333 1431 1430 1332 1430 1428 1330 1428 1429 1331 1429 1430 1332 1430 1432 1334 1432 1433 1335 1433 1429 1331 1429 1432 1334 1432 1431 1333 1431 1428 1330 1428 1434 1336 1434 1428 1330 1428 1435 1337 1435 1434 1336 1434 1434 1336 1434 1435 1337 1435 1436 1338 1436 1437 1339 1437 1434 1336 1434 1436 1338 1436 1437 1339 1437 1436 1338 1436 1498 1400 1498 1436 1338 1436 1497 1399 1497 1498 1400 1498 1498 1400 1498 1497 1399 1497 1496 1398 1496 1499 1401 1499 1498 1400 1498 1496 1398 1496 1499 1401 1499 1472 1374 1472 1498 1400 1498 1499 1401 1499 1523 1425 1523 1472 1374 1472 1499 1401 1499 1496 1398 1496 1523 1425 1523 1523 1425 1523 1516 1418 1516 1472 1374 1472 1472 1374 1472 1516 1418 1516 1517 1419 1517 1517 1419 1517 1516 1418 1516 1514 1416 1514 1516 1418 1516 1515 1417 1515 1514 1416 1514 1516 1418 1516 1523 1425 1523 1515 1417 1515 1475 1377 1475 1472 1374 1472 1517 1419 1517 1475 1377 1475 1474 1376 1474 1472 1374 1472 1474 1376 1474 1473 1375 1473 1472 1374 1472 1472 1374 1472 1473 1375 1473 1498 1400 1498 1460 1362 1460 1473 1375 1473 1474 1376 1474 1498 1400 1498 1473 1375 1473 1460 1362 1460 1437 1339 1437 1498 1400 1498 1460 1362 1460 1437 1339 1437 1460 1362 1460 1434 1336 1434 1463 1365 1463 1460 1362 1460 1474 1376 1474 1463 1365 1463 1462 1364 1462 1460 1362 1460 1462 1364 1462 1461 1363 1461 1460 1362 1460 1460 1362 1460 1461 1363 1461 1434 1336 1434 1455 1357 1455 1461 1363 1461 1462 1364 1462 1434 1336 1434 1461 1363 1461 1455 1357 1455 1431 1333 1431 1434 1336 1434 1455 1357 1455 1451 1353 1451 1455 1357 1455 1462 1364 1462 1451 1353 1451 1457 1359 1457 1455 1357 1455 1457 1359 1457 1456 1358 1456 1455 1357 1455 1456 1358 1456 1457 1359 1457 1458 1360 1458 1459 1361 1459 1456 1358 1456 1458 1360 1458 1451 1353 1451 1462 1364 1462 1464 1366 1464 1462 1364 1462 1463 1365 1463 1464 1366 1464 1450 1352 1450 1451 1353 1451 1464 1366 1464 1451 1353 1451 1450 1352 1450 1446 1348 1446 1447 1349 1447 1451 1353 1451 1446 1348 1446 1448 1350 1448 1447 1349 1447 1446 1348 1446 1449 1351 1449 1448 1350 1448 1446 1348 1446 1450 1352 1450 1453 1355 1453 1446 1348 1446 1453 1355 1453 1450 1352 1450 1464 1366 1464 1453 1355 1453 1452 1354 1452 1446 1348 1446 1454 1356 1454 1449 1351 1449 1446 1348 1446 1452 1354 1452 1454 1356 1454 1446 1348 1446 1463 1365 1463 1465 1367 1465 1464 1366 1464 1465 1367 1465 1467 1369 1467 1464 1366 1464 1467 1369 1467 1466 1368 1466 1464 1366 1464 1466 1368 1466 1453 1355 1453 1464 1366 1464 1463 1365 1463 1474 1376 1474 1476 1378 1476 1465 1367 1465 1463 1365 1463 1476 1378 1476 1467 1369 1467 1465 1367 1465 1476 1378 1476 1474 1376 1474 1475 1377 1475 1476 1378 1476 1475 1377 1475 1477 1379 1477 1476 1378 1476 1477 1379 1477 1479 1381 1479 1476 1378 1476 1479 1381 1479 1478 1380 1478 1476 1378 1476 1478 1380 1478 1467 1369 1467 1476 1378 1476 1479 1381 1479 1477 1379 1477 1518 1420 1518 1477 1379 1477 1475 1377 1475 1518 1420 1518 1519 1421 1519 1479 1381 1479 1518 1420 1518 1475 1377 1475 1517 1419 1517 1518 1420 1518 1518 1420 1518 1517 1419 1517 1520 1422 1520 1517 1419 1517 1514 1416 1514 1520 1422 1520 1518 1420 1518 1520 1422 1520 1521 1423 1521 1519 1421 1519 1518 1420 1518 1521 1423 1521 1453 1355 1453 1466 1368 1466 1536 1437 1536 1452 1354 1452 1453 1355 1453 1536 1437 1536 1466 1368 1466 1467 1369 1467 1536 1437 1536 1454 1356 1454 1452 1354 1452 1536 1437 1536 1467 1369 1467 1537 1438 1537 1536 1437 1536 1537 1438 1537 1539 134 1539 1536 1437 1536 1539 134 1539 1538 1439 1538 1536 1437 1536 1538 1439 1538 1454 1356 1454 1536 1437 1536 1467 1369 1467 1478 1380 1478 1542 1442 1542 1537 1438 1537 1467 1369 1467 1542 1442 1542 1478 1380 1478 1479 1381 1479 1542 1442 1542 1539 134 1539 1537 1438 1537 1542 1442 1542 1479 1381 1479 1543 1443 1543 1542 1442 1542 1543 1443 1543 1545 134 1545 1542 1442 1542 1545 134 1545 1544 134 1544 1542 1442 1542 1544 134 1544 1539 134 1539 1542 1442 1542 1545 134 1545 1543 1443 1543 1548 1444 1548 1479 1381 1479 1519 1421 1519 1548 1444 1548 1543 1443 1543 1479 1381 1479 1548 1444 1548 1549 134 1549 1545 134 1545 1548 1444 1548 1549 134 1549 1548 1444 1548 1546 134 1546 1548 1444 1548 1547 1444 1547 1546 134 1546 1519 1421 1519 1521 1423 1521 1547 1444 1547 1548 1444 1548 1519 1421 1519 1547 1444 1547 1520 1422 1520 1514 1416 1514 1527 1429 1527 1514 1416 1514 1526 1428 1526 1527 1429 1527 1527 1429 1527 1526 1428 1526 1469 1371 1469 1469 1371 1469 1526 1428 1526 1468 1370 1468 1469 1371 1469 1468 1370 1468 1445 1347 1445 1441 1343 1441 1469 1371 1469 1445 1347 1445 1441 1343 1441 1445 1347 1445 1444 1346 1444 1440 1342 1440 1441 1343 1441 1444 1346 1444 1441 1343 1441 1440 1342 1440 1438 1340 1438 1440 1342 1440 1439 1341 1439 1438 1340 1438 1439 1341 1439 1443 1345 1443 1438 1340 1438 1443 1345 1443 1442 1344 1442 1438 1340 1438 1470 1372 1470 1469 1371 1469 1441 1343 1441 1438 1340 1438 1470 1372 1470 1441 1343 1441 1470 1372 1470 1438 1340 1438 1442 1344 1442 1470 1372 1470 1527 1429 1527 1469 1371 1469 1471 1373 1471 1470 1372 1470 1442 1344 1442 1439 1341 1439 1440 1342 1440 1486 1388 1486 1443 1345 1443 1439 1341 1439 1486 1388 1486 1440 1342 1440 1487 1389 1487 1486 1388 1486 1487 1389 1487 1489 1391 1489 1486 1388 1486 1489 1391 1489 1488 1390 1488 1486 1388 1486 1488 1390 1488 1491 1393 1491 1486 1388 1486 1491 1393 1491 1490 1392 1490 1486 1388 1486 1490 1392 1490 1443 1345 1443 1486 1388 1486 1440 1342 1440 1444 1346 1444 1494 1396 1494 1444 1346 1444 1493 1395 1493 1494 1396 1494 1494 1396 1494 1493 1395 1493 1492 1394 1492 1495 1397 1495 1494 1396 1494 1492 1394 1492 1444 1346 1444 1445 1347 1445 1506 1408 1506 1444 1346 1444 1506 1408 1506 1493 1395 1493 1445 1347 1445 1507 1409 1507 1506 1408 1506 1507 1409 1507 1445 1347 1445 1468 1370 1468 1508 1410 1508 1507 1409 1507 1468 1370 1468 1506 1408 1506 1511 1413 1511 1493 1395 1493 1510 1412 1510 1511 1413 1511 1506 1408 1506 1511 1413 1511 1510 1412 1510 1509 1411 1509 1512 1414 1512 1511 1413 1511 1509 1411 1509 1493 1395 1493 1511 1413 1511 1512 1414 1512 1492 1394 1492 1493 1395 1493 1512 1414 1512 1513 1415 1513 1510 1412 1510 1506 1408 1506 1468 1370 1468 1525 1427 1525 1508 1410 1508 1525 1427 1525 1524 1426 1524 1508 1410 1508 1526 1428 1526 1525 1427 1525 1468 1370 1468 1482 1384 1482 1508 1410 1508 1524 1426 1524 1508 1410 1508 1482 1384 1482 1507 1409 1507 1481 1383 1481 1482 1384 1482 1524 1426 1524 1482 1384 1482 1481 1383 1481 1480 1382 1480 1483 1385 1483 1482 1384 1482 1480 1382 1480 1483 1385 1483 1480 1382 1480 1484 1386 1484 1485 1387 1485 1483 1385 1483 1484 1386 1484 1482 1384 1482 1529 1431 1529 1507 1409 1507 1506 1408 1506 1507 1409 1507 1529 1431 1529 1513 1415 1513 1506 1408 1506 1529 1431 1529 1513 1415 1513 1529 1431 1529 1530 1432 1530 1510 1412 1510 1513 1415 1513 1530 1432 1530 1530 1432 1530 1529 1431 1529 1482 1384 1482 1483 1385 1483 1530 1432 1530 1482 1384 1482 1509 1411 1509 1510 1412 1510 1530 1432 1530 1531 1433 1531 1530 1432 1530 1483 1385 1483 1485 1387 1485 1531 1433 1531 1483 1385 1483 1531 1433 1531 1509 1411 1509 1530 1432 1530 1485 1387 1485 1484 1386 1484 1603 1496 1603 1485 1387 1485 1603 1496 1603 1531 1433 1531 1484 1386 1484 1602 1495 1602 1603 1496 1603 1603 1496 1603 1602 1495 1602 1600 1493 1600 1602 1495 1602 1601 1494 1601 1600 1493 1600 1512 1414 1512 1509 1411 1509 1623 1516 1623 1509 1411 1509 1624 1517 1624 1623 1516 1623 1621 1514 1621 1623 1516 1623 1624 1517 1624 1625 1518 1625 1621 1514 1621 1624 1517 1624 1611 1504 1611 1623 1516 1623 1621 1514 1621 1512 1414 1512 1623 1516 1623 1611 1504 1611 1567 1461 1567 1611 1504 1611 1621 1514 1621 1610 1503 1610 1611 1504 1611 1567 1461 1567 1492 1394 1492 1611 1504 1611 1610 1503 1610 1492 1394 1492 1512 1414 1512 1611 1504 1611 1495 1397 1495 1492 1394 1492 1610 1503 1610 1560 1454 1560 1610 1503 1610 1567 1461 1567 1560 1454 1560 1567 1461 1567 1563 1457 1563 1563 1457 1563 1562 1456 1562 1560 1454 1560 1562 1456 1562 1561 1455 1561 1560 1454 1560 1561 1455 1561 1562 1456 1562 1564 1458 1564 1562 1456 1562 1565 1459 1565 1564 1458 1564 1567 1461 1567 1566 1460 1566 1563 1457 1563 1567 1461 1567 1621 1514 1621 1566 1460 1566 1563 1457 1563 1566 1460 1566 1588 1481 1588 1566 1460 1566 1589 1482 1589 1588 1481 1588 1563 1457 1563 1588 1481 1588 1590 1483 1590 1562 1456 1562 1563 1457 1563 1590 1483 1590 1565 1459 1565 1562 1456 1562 1590 1483 1590 1591 1484 1591 1565 1459 1565 1590 1483 1590 1561 1455 1561 1605 1498 1605 1560 1454 1560 1605 1498 1605 1561 1455 1561 1564 1458 1564 1605 1498 1605 1604 1497 1604 1560 1454 1560 1604 1497 1604 1605 1498 1605 1606 1499 1606 1605 1498 1605 1607 1500 1607 1606 1499 1606 1607 1500 1607 1605 1498 1605 1608 1501 1608 1605 1498 1605 1609 1502 1609 1608 1501 1608 1609 1502 1609 1605 1498 1605 1564 1458 1564 1621 1514 1621 1620 1513 1620 1566 1460 1566 1589 1482 1589 1566 1460 1566 1620 1513 1620 1622 1515 1622 1589 1482 1589 1620 1513 1620 1589 1482 1589 1622 1515 1622 1636 1529 1636 1622 1515 1622 1637 1530 1637 1636 1529 1636 1589 1482 1589 1636 1529 1636 1638 1531 1638 1588 1481 1588 1589 1482 1589 1638 1531 1638 1588 1481 1588 1638 1531 1638 1639 1532 1639 1590 1483 1590 1588 1481 1588 1639 1532 1639 1590 1483 1590 1639 1532 1639 1640 1533 1640 1591 1484 1591 1590 1483 1590 1640 1533 1640 1637 1530 1637 1622 1515 1622 1600 1493 1600 1622 1515 1622 1620 1513 1620 1600 1493 1600 1601 1494 1601 1637 1530 1637 1600 1493 1600 1620 1513 1620 1641 1534 1641 1600 1493 1600 1641 1534 1641 1620 1513 1620 1621 1514 1621 1625 1518 1625 1641 1534 1641 1621 1514 1621 1642 1535 1642 1641 1534 1641 1625 1518 1625 1600 1493 1600 1641 1534 1641 1642 1535 1642 1624 1517 1624 1642 1535 1642 1625 1518 1625 1603 1496 1603 1600 1493 1600 1642 1535 1642 1603 1496 1603 1642 1535 1642 1531 1433 1531 1642 1535 1642 1624 1517 1624 1509 1411 1509 1531 1433 1531 1642 1535 1642 1509 1411 1509 1644 1537 1644 1609 1502 1609 1564 1458 1564 1609 1502 1609 1644 1537 1644 1608 1501 1608 1565 1459 1565 1644 1537 1644 1564 1458 1564 1644 1537 1644 1645 1538 1645 1608 1501 1608 1645 1538 1645 1644 1537 1644 1650 1542 1650 1565 1459 1565 1591 1484 1591 1650 1542 1650 1644 1537 1644 1565 1459 1565 1650 1542 1650 1651 1274 1651 1645 1538 1645 1650 1542 1650 1591 1484 1591 1640 1533 1640 1660 1545 1660 1650 1542 1650 1591 1484 1591 1660 1545 1660 1650 1542 1650 1660 1545 1660 1661 134 1661 1651 1274 1651 1650 1542 1650 1661 134 1661 1637 1530 1637 1601 1494 1601 1616 1509 1616 1601 1494 1601 1602 1495 1602 1616 1509 1616 1602 1495 1602 1619 1512 1619 1616 1509 1616 1619 1512 1619 1618 1511 1618 1616 1509 1616 1618 1511 1618 1617 1510 1617 1616 1509 1616 1618 1511 1618 1619 1512 1619 1504 1406 1504 1619 1512 1619 1602 1495 1602 1504 1406 1504 1505 1407 1505 1618 1511 1618 1504 1406 1504 1505 1407 1505 1504 1406 1504 1500 1402 1500 1504 1406 1504 1503 1405 1503 1500 1402 1500 1503 1405 1503 1502 1404 1502 1500 1402 1500 1502 1404 1502 1501 1403 1501 1500 1402 1500 1502 1404 1502 1522 1424 1522 1501 1403 1501 1522 1424 1522 1523 1425 1523 1501 1403 1501 1523 1425 1523 1522 1424 1522 1515 1417 1515 1496 1398 1496 1501 1403 1501 1523 1425 1523 1501 1403 1501 1496 1398 1496 1500 1402 1500 1496 1398 1496 1532 1434 1532 1500 1402 1500 1533 1435 1533 1505 1407 1505 1500 1402 1500 1532 1434 1532 1533 1435 1533 1500 1402 1500 1618 1511 1618 1505 1407 1505 1533 1435 1533 1616 1509 1616 1617 1510 1617 1635 1528 1635 1635 1528 1635 1637 1530 1637 1616 1509 1616 1617 1510 1617 1634 1527 1634 1635 1528 1635 1627 1520 1627 1635 1528 1635 1634 1527 1634 1635 1528 1635 1627 1520 1627 1637 1530 1637 1626 1519 1626 1627 1520 1627 1634 1527 1634 1628 1521 1628 1627 1520 1627 1626 1519 1626 1629 1522 1629 1628 1521 1628 1626 1519 1626 1629 1522 1629 1626 1519 1626 1594 1487 1594 1594 1487 1594 1626 1519 1626 1634 1527 1634 1595 1488 1595 1629 1522 1629 1594 1487 1594 1595 1488 1595 1594 1487 1594 1592 1485 1592 1594 1487 1594 1593 1486 1593 1592 1485 1592 1592 1485 1592 1593 1486 1593 1582 1475 1582 1583 1476 1583 1592 1485 1592 1582 1475 1582 1583 1476 1583 1582 1475 1582 1580 1473 1580 1582 1475 1582 1581 1474 1581 1580 1473 1580 1580 1473 1580 1581 1474 1581 1579 1472 1579 1572 1465 1572 1580 1473 1580 1579 1472 1579 1572 1465 1572 1579 1472 1579 1577 1470 1577 1579 1472 1579 1578 1471 1578 1577 1470 1577 1458 1360 1458 1577 1470 1577 1578 1471 1578 1459 1361 1459 1458 1360 1458 1578 1471 1578 1584 1477 1584 1580 1473 1580 1572 1465 1572 1580 1473 1580 1584 1477 1584 1583 1476 1583 1573 1466 1573 1584 1477 1584 1572 1465 1572 1570 1463 1570 1573 1466 1573 1572 1465 1572 1569 742 1569 1570 1463 1570 1572 1465 1572 1570 1463 1570 1569 742 1569 1568 1462 1568 1571 1464 1571 1570 1463 1570 1568 1462 1568 1573 1466 1573 1570 1463 1570 1574 1467 1574 1584 1477 1584 1573 1466 1573 1574 1467 1574 1570 1463 1570 1575 1468 1575 1574 1467 1574 1570 1463 1570 1571 1464 1571 1576 1469 1576 1575 1468 1575 1570 1463 1570 1576 1469 1576 1584 1477 1584 1585 1478 1585 1583 1476 1583 1585 1478 1585 1584 1477 1584 1586 1479 1586 1584 1477 1584 1587 1480 1587 1586 1479 1586 1587 1480 1587 1584 1477 1584 1574 1467 1574 1596 1489 1596 1592 1485 1592 1583 1476 1583 1585 1478 1585 1596 1489 1596 1583 1476 1583 1592 1485 1592 1596 1489 1596 1595 1488 1595 1596 1489 1596 1585 1478 1585 1586 1479 1586 1596 1489 1596 1597 1490 1597 1595 1488 1595 1597 1490 1597 1596 1489 1596 1598 1491 1598 1596 1489 1596 1599 1492 1599 1598 1491 1598 1599 1492 1599 1596 1489 1596 1586 1479 1586 1630 1523 1630 1597 1490 1597 1598 1491 1598 1597 1490 1597 1630 1523 1630 1595 1488 1595 1631 1524 1631 1630 1523 1630 1598 1491 1598 1630 1523 1630 1629 1522 1629 1595 1488 1595 1630 1523 1630 1632 1525 1632 1629 1522 1629 1632 1525 1632 1628 1521 1628 1629 1522 1629 1633 1526 1633 1632 1525 1632 1630 1523 1630 1631 1524 1631 1633 1526 1633 1630 1523 1630 1646 1539 1646 1587 1480 1587 1574 1467 1574 1575 1468 1575 1646 1539 1646 1574 1467 1574 1587 1480 1587 1646 1539 1646 1586 1479 1586 1646 1539 1646 1575 1468 1575 1576 1469 1576 1646 1539 1646 1647 1540 1647 1586 1479 1586 1647 1540 1647 1646 1539 1646 1648 134 1648 1646 1539 1646 1649 1541 1649 1648 134 1648 1649 1541 1649 1646 1539 1646 1576 1469 1576 1652 1543 1652 1599 1492 1599 1586 1479 1586 1647 1540 1647 1652 1543 1652 1586 1479 1586 1599 1492 1599 1652 1543 1652 1598 1491 1598 1652 1543 1652 1647 1540 1647 1648 134 1648 1652 1543 1652 1653 1544 1653 1598 1491 1598 1653 1544 1653 1652 1543 1652 1654 134 1654 1652 1543 1652 1655 134 1655 1654 134 1654 1655 134 1655 1652 1543 1652 1648 134 1648 1656 1544 1656 1653 1544 1653 1654 134 1654 1656 1544 1656 1631 1524 1631 1598 1491 1598 1653 1544 1653 1656 1544 1656 1598 1491 1598 1659 134 1659 1656 1544 1656 1654 134 1654 1659 134 1659 1658 134 1658 1656 1544 1656 1658 134 1658 1657 1544 1657 1656 1544 1656 1657 1544 1657 1633 1526 1633 1631 1524 1631 1656 1544 1656 1657 1544 1657 1631 1524 1631 1657 1544 1657 1658 134 1658 1660 1545 1660 1633 1526 1633 1657 1544 1657 1660 1545 1660 1658 134 1658 1661 134 1661 1660 1545 1660 1640 1533 1640 1633 1526 1633 1660 1545 1660 1632 1525 1632 1633 1526 1633 1640 1533 1640 1639 1532 1639 1632 1525 1632 1640 1533 1640 1628 1521 1628 1632 1525 1632 1639 1532 1639 1638 1531 1638 1628 1521 1628 1639 1532 1639 1628 1521 1628 1638 1531 1638 1636 1529 1636 1627 1520 1627 1628 1521 1628 1636 1529 1636 1627 1520 1627 1636 1529 1636 1637 1530 1637 1455 1357 1455 1456 1358 1456 1430 1332 1430 1431 1333 1431 1455 1357 1455 1430 1332 1430 1430 1332 1430 1456 1358 1456 1459 1361 1459 1432 1334 1432 1430 1332 1430 1459 1361 1459 1432 1334 1432 1459 1361 1459 1552 1446 1552 1432 1334 1432 1552 1446 1552 1553 1447 1553 1554 1448 1554 1553 1447 1553 1552 1446 1552 1555 1449 1555 1554 1448 1554 1552 1446 1552 1433 1335 1433 1432 1334 1432 1553 1447 1553 1555 1449 1555 1557 1451 1557 1554 1448 1554 1557 1451 1557 1556 1450 1556 1554 1448 1554 1558 1452 1558 1556 1450 1556 1557 1451 1557 1559 1453 1559 1558 1452 1558 1557 1451 1557 1559 1453 1559 1612 1505 1612 1558 1452 1558 1612 1505 1612 1613 1506 1613 1558 1452 1558 1614 1507 1614 1613 1506 1613 1612 1505 1612 1615 1508 1615 1614 1507 1614 1612 1505 1612 1615 1508 1615 1612 1505 1612 1594 1487 1594 1615 1508 1615 1594 1487 1594 1634 1527 1634 1615 1508 1615 1634 1527 1634 1614 1507 1614 1612 1505 1612 1593 1486 1593 1594 1487 1594 1582 1475 1582 1593 1486 1593 1612 1505 1612 1559 1453 1559 1582 1475 1582 1612 1505 1612 1559 1453 1559 1557 1451 1557 1582 1475 1582 1557 1451 1557 1581 1474 1581 1582 1475 1582 1579 1472 1579 1581 1474 1581 1557 1451 1557 1555 1449 1555 1579 1472 1579 1557 1451 1557 1555 1449 1555 1552 1446 1552 1579 1472 1579 1552 1446 1552 1578 1471 1578 1579 1472 1579 1459 1361 1459 1578 1471 1578 1552 1446 1552 1634 1527 1634 1617 1510 1617 1614 1507 1614 1617 1510 1617 1618 1511 1618 1614 1507 1614 1618 1511 1618 1643 1536 1643 1614 1507 1614 1643 1536 1643 1618 1511 1618 1533 1435 1533 1528 1430 1528 1527 1429 1527 1470 1372 1470 1471 1373 1471 1528 1430 1528 1470 1372 1470 1550 1445 1550 1528 1430 1528 1471 1373 1471 1540 1440 1540 1550 1445 1550 1471 1373 1471 1540 1440 1540 1471 1373 1471 1442 1344 1442 1534 1277 1534 1540 1440 1540 1442 1344 1442 1442 1344 1442 1443 1345 1443 1534 1277 1534 1443 1345 1443 1490 1392 1490 1534 1277 1534 1490 1392 1490 1491 1393 1491 1534 1277 1534 1491 1393 1491 1535 1436 1535 1534 1277 1534 1540 1440 1540 1534 1277 1534 1535 1436 1535 1541 1441 1541 1540 1440 1540 1535 1436 1535 1551 134 1551 1550 1445 1550 1540 1440 1540 1541 1441 1541 1551 134 1551 1540 1440 1540 1520 1422 1520 1527 1429 1527 1528 1430 1528 1521 1423 1521 1520 1422 1520 1528 1430 1528 1547 1444 1547 1521 1423 1521 1528 1430 1528 1550 1445 1550 1547 1444 1547 1528 1430 1528 1547 1444 1547 1550 1445 1550 1551 134 1551 1546 134 1546 1547 1444 1547 1551 134 1551 1481 1383 1481 1524 1426 1524 1522 1424 1522 1502 1404 1502 1481 1383 1481 1522 1424 1522 1481 1383 1481 1502 1404 1502 1503 1405 1503 1480 1382 1480 1481 1383 1481 1503 1405 1503 1480 1382 1480 1503 1405 1503 1504 1406 1504 1484 1386 1484 1480 1382 1480 1504 1406 1504 1602 1495 1602 1484 1386 1484 1504 1406 1504 1515 1417 1515 1522 1424 1522 1524 1426 1524 1525 1427 1525 1515 1417 1515 1524 1426 1524 1515 1417 1515 1525 1427 1525 1526 1428 1526 1514 1416 1514 1515 1417 1515 1526 1428 1526</p>
                </triangles>
            </mesh>
        </geometry>
        <geometry id="Object_2-geometry" name="Object_2">
            <mesh>
                <source id="Object_2-geometry-POSITION">
                    <float_array id="Object_2-geometry-POSITION-array" count="1413">-0.023025 0.133724 -0.228858 0 0.13498 -0.228858 0 0.13498 -0.194705 -0.009918 0.133724 -0.194705 0.023025 0.133724 -0.228858 0.009918 0.133724 -0.194705 -0.021828 0.133724 -0.263012 0 0.13498 -0.263012 0.021828 0.133724 -0.263012 -0.020067 0.133724 -0.297166 0 0.13498 -0.297166 0.020067 0.133724 -0.297166 -0.031674 0.133724 -0.331319 0 0.13498 -0.331319 0.031674 0.133724 -0.331319 -0.042337 0.133724 -0.365473 0 0.13498 -0.365473 0.042337 0.133724 -0.365473 -0.051811 0.133724 -0.399627 0 0.13498 -0.399627 0.051811 0.133724 -0.399627 -0.059189 0.133724 -0.433781 0 0.13498 -0.433781 0.059189 0.133724 -0.433781 -0.065737 0.133724 -0.467934 0 0.13498 -0.467934 0.065737 0.133724 -0.467934 -0.070603 0.133724 -0.502088 0 0.13498 -0.502088 0.070603 0.133724 -0.502088 -0.07433 0.133724 -0.536242 0 0.13498 -0.536242 0.07433 0.133724 -0.536242 -0.076535 0.133724 -0.570395 0 0.13498 -0.570395 0.076535 0.133724 -0.570395 -0.078784 0.133724 -0.604549 0 0.13498 -0.604549 0.078784 0.133724 -0.604549 -0.080068 0.133724 -0.638703 0 0.13498 -0.638703 0.080068 0.133724 -0.638703 -0.079312 0.133724 -0.672857 0 0.13498 -0.672857 0.079312 0.133724 -0.672857 -0.075578 0.133724 -0.70701 0 0.13498 -0.70701 0.075578 0.133724 -0.70701 -0.068828 0.133724 -0.741164 0 0.13498 -0.741164 0.068828 0.133724 -0.741164 -0.058465 0.133724 -0.775318 0 0.13498 -0.775318 0.058465 0.133724 -0.775318 -0.040635 0.133724 -0.809471 0 0.13498 -0.809471 0.040635 0.133724 -0.809471 -0.027887 0.133569 -0.820161 -0.013823 0.133261 -0.826556 0 0.134265 -0.828225 0 0.13474 -0.820161 0.027887 0.133569 -0.820161 0.013823 0.133261 -0.826556 0 0.127867 -0.194705 0 0.127867 -0.228858 -0.023025 0.129123 -0.228858 -0.009918 0.129123 -0.194705 0.009918 0.129123 -0.194705 0.023025 0.129123 -0.228858 0 0.127867 -0.228858 0 0.127867 -0.194705 0 0.127867 -0.263012 -0.021828 0.129123 -0.263012 0.021828 0.129123 -0.263012 0 0.127867 -0.263012 0 0.127867 -0.297166 -0.020067 0.129123 -0.297166 0.020067 0.129123 -0.297166 0 0.127867 -0.297166 0 0.127867 -0.331319 -0.031674 0.129123 -0.331319 0.031674 0.129123 -0.331319 0 0.127867 -0.331319 0 0.127867 -0.365473 -0.042337 0.129123 -0.365473 0.042337 0.129123 -0.365473 0 0.127867 -0.365473 0 0.127867 -0.399627 -0.051811 0.129123 -0.399627 0.051811 0.129123 -0.399627 0 0.127867 -0.399627 0 0.127867 -0.433781 -0.059189 0.129123 -0.433781 0.059189 0.129123 -0.433781 0 0.127867 -0.433781 0 0.127867 -0.467934 -0.065737 0.129123 -0.467934 0.065737 0.129123 -0.467934 0 0.127867 -0.467934 0 0.127867 -0.502088 -0.070603 0.129123 -0.502088 0.070603 0.129123 -0.502088 0 0.127867 -0.502088 0 0.127867 -0.536242 -0.07433 0.129123 -0.536242 0.07433 0.129123 -0.536242 0 0.127867 -0.536242 0 0.127867 -0.570395 -0.076535 0.129123 -0.570395 0.076535 0.129123 -0.570395 0 0.127867 -0.570395 0 0.127867 -0.604549 -0.078784 0.129123 -0.604549 0.078784 0.129123 -0.604549 0 0.127867 -0.604549 0 0.127867 -0.638703 -0.080068 0.129123 -0.638703 0.080068 0.129123 -0.638703 0 0.127867 -0.638703 0 0.127867 -0.672857 -0.079312 0.129123 -0.672857 0.079312 0.129123 -0.672857 0 0.127867 -0.672857 0 0.127867 -0.70701 -0.075578 0.129123 -0.70701 0.075578 0.129123 -0.70701 0 0.127867 -0.70701 0 0.127867 -0.741164 -0.068828 0.129123 -0.741164 0.068828 0.129123 -0.741164 0 0.127867 -0.741164 0 0.127867 -0.775318 -0.058465 0.129123 -0.775318 0.058465 0.129123 -0.775318 0 0.127867 -0.775318 0 0.127867 -0.809471 -0.040635 0.129123 -0.809471 0.040635 0.129123 -0.809471 0 0.127867 -0.809471 0 0.128582 -0.828225 -0.013823 0.129585 -0.826556 -0.027887 0.129278 -0.820161 0 0.128107 -0.820161 0 0.128582 -0.828225 0 0.128107 -0.820161 0.027887 0.129278 -0.820161 0.013823 0.129585 -0.826556 -0.031626 0.131339 -0.22762 -0.01875 0.131339 -0.194705 0.01875 0.131339 -0.194705 0.031626 0.131339 -0.22762 -0.044078 0.131339 -0.262041 0.044078 0.131339 -0.262041 -0.055477 0.131339 -0.296304 0.055477 0.131339 -0.296304 -0.066736 0.131339 -0.33049 0.066736 0.131339 -0.33049 -0.077996 0.131339 -0.364656 0.077996 0.131339 -0.364656 -0.088772 0.131339 -0.399627 0.088772 0.131339 -0.399627 -0.098006 0.131339 -0.433078 0.098006 0.131339 -0.433078 -0.106207 0.131339 -0.467322 0.106207 0.131339 -0.467322 -0.113023 0.131339 -0.50155 0.113023 0.131339 -0.50155 -0.118629 0.131339 -0.535763 0.118629 0.131339 -0.535763 -0.124015 0.131339 -0.569986 0.124015 0.131339 -0.569986 -0.128017 0.131339 -0.604302 0.128017 0.131339 -0.604302 -0.129665 0.131339 -0.638648 0.129665 0.131339 -0.638648 -0.129261 0.131339 -0.673007 0.129261 0.131339 -0.673007 -0.126227 0.131339 -0.707441 0.126227 0.131339 -0.707441 -0.119262 0.131339 -0.742008 0.119262 0.131339 -0.742008 -0.105855 0.131339 -0.776725 0.105855 0.131339 -0.776725 -0.081897 0.131339 -0.811521 0.081897 0.131339 -0.811521 0 0.131339 -0.846641 -0.025772 0.131339 -0.843986 -0.054039 0.131339 -0.833977 0.025772 0.131339 -0.843986 0 0.131339 -0.846641 0.054039 0.131339 -0.833977 0.081897 0.131339 -0.811521 0.105855 0.131339 -0.776725 0.119262 0.131339 -0.742008 0.126227 0.131339 -0.707441 0.129261 0.131339 -0.673007 0.129665 0.131339 -0.638648 0.128017 0.131339 -0.604302 0.124015 0.131339 -0.569986 0.118629 0.131339 -0.535763 0.113023 0.131339 -0.50155 0.106207 0.131339 -0.467322 0.098006 0.131339 -0.433078 0.088772 0.131339 -0.399627 0.077996 0.131339 -0.364656 0.066736 0.131339 -0.33049 0.055477 0.131339 -0.296304 0.044078 0.131339 -0.262041 0.031626 0.131339 -0.22762 0.01875 0.131339 -0.194705 -0.01875 0.131339 -0.194705 -0.031626 0.131339 -0.22762 -0.044078 0.131339 -0.262041 -0.055477 0.131339 -0.296304 -0.066736 0.131339 -0.33049 -0.077996 0.131339 -0.364656 -0.088772 0.131339 -0.399627 -0.098006 0.131339 -0.433078 -0.106207 0.131339 -0.467322 -0.113023 0.131339 -0.50155 -0.118629 0.131339 -0.535763 -0.124015 0.131339 -0.569986 -0.128017 0.131339 -0.604302 -0.129665 0.131339 -0.638648 -0.129261 0.131339 -0.673007 -0.126227 0.131339 -0.707441 -0.119262 0.131339 -0.742008 -0.105855 0.131339 -0.776725 -0.081897 0.131339 -0.811521 -0.054039 0.131339 -0.833977 -0.025772 0.131339 -0.843986 0 0.131339 -0.846641 0.025772 0.131339 -0.843986 0.054039 0.131339 -0.833977 0.025958 0.451044 0.279599 0.029868 0.447667 0.280251 0.034326 0.443869 0.271916 0.029124 0.449123 0.27072 0.018361 0.453681 0.279694 0.02113 0.452414 0.270691 0.010101 0.455338 0.279954 0.011888 0.454372 0.270906 0 0.455971 0.279941 0 0.455349 0.270959 0.010196 0.435954 0.287698 0 0.435581 0.288436 0 0.428388 0.280532 0.012073 0.429257 0.279854 0.018239 0.437165 0.286293 0.021585 0.430885 0.278352 0.024753 0.438956 0.284427 0.028969 0.433448 0.276322 0.028979 0.44171 0.282632 0.033699 0.436587 0.274495 0.030347 0.444094 0.281257 0.034588 0.439893 0.272912 0.02903 0.456622 0.28545 0.033424 0.452013 0.286566 0.020309 0.460387 0.285058 0.010808 0.462735 0.285039 0 0.463341 0.285249 0.010911 0.435018 0.296152 0 0.43459 0.296937 0.019843 0.436845 0.294486 0.027323 0.439045 0.292442 0.032508 0.442328 0.290442 0.034788 0.44641 0.288349 0.033073 0.461142 0.286353 0.03761 0.454334 0.288327 0.023337 0.466328 0.285391 0.012187 0.469447 0.285113 0 0.470881 0.284897 0.011721 0.43069 0.300586 0 0.429787 0.301384 0.02229 0.433219 0.298678 0.0305 0.436492 0.296178 0.036536 0.440945 0.293665 0.039008 0.446892 0.290855 0.045645 0.468753 0.279785 0.052889 0.456946 0.283638 0.044649 0.456189 0.2877 0.038579 0.465729 0.284486 0.032263 0.478179 0.277057 0.027587 0.473227 0.282701 0.016367 0.482963 0.276113 0.013998 0.477123 0.282142 0 0.485133 0.275567 0 0.479044 0.281548 0.016184 0.414064 0.303599 0 0.412286 0.304706 0 0.421355 0.305182 0.013658 0.422772 0.304222 0.031146 0.418278 0.30105 0.026376 0.426134 0.302162 0.043737 0.423061 0.298054 0.03675 0.430035 0.299415 0.052162 0.432559 0.293436 0.043362 0.437578 0.295391 0.055415 0.443872 0.288466 0.046375 0.446229 0.291364 0.049793 0.468085 0.272783 0.057228 0.455445 0.277133 0.035803 0.478752 0.269673 0.017837 0.484172 0.268434 0 0.48668 0.267831 0.017522 0.407631 0.299052 0 0.405598 0.300269 0.033769 0.412149 0.296321 0.047515 0.417567 0.292996 0.056564 0.428263 0.288 0.060004 0.440933 0.282511 0.052569 0.465433 0.263854 0.060002 0.452231 0.268429 0.037894 0.476986 0.260388 0.01919 0.48326 0.258796 0 0.485636 0.258258 0.018318 0.40177 0.291372 0 0.399568 0.292653 0.035282 0.406483 0.288569 0.049615 0.412389 0.28506 0.059135 0.423718 0.279826 0.062711 0.437201 0.274012 0.050121 0.461908 0.255097 0.057803 0.448531 0.259744 0.036526 0.472576 0.251987 0.018059 0.478661 0.250477 0 0.480877 0.249996 0.017729 0.39937 0.282124 0 0.397242 0.283374 0.034123 0.40408 0.27933 0.047895 0.409842 0.275891 0.057018 0.420879 0.270792 0.060438 0.433955 0.265145 0.045466 0.457225 0.249049 0.052385 0.445108 0.253193 0.033164 0.466877 0.246345 0.016384 0.472067 0.245192 0 0.47408 0.244792 0.016205 0.400338 0.273865 0 0.398458 0.27502 0.031165 0.404792 0.271163 0.043629 0.41002 0.267917 0.05177 0.420092 0.263192 0.054848 0.431898 0.258049 0 0.442034 0.275202 0.010083 0.441896 0.274855 0.012073 0.429257 0.279854 0 0.428388 0.280532 0.018293 0.441599 0.274052 0.021585 0.430885 0.278352 0.025014 0.441253 0.273039 0.028969 0.433448 0.276322 0.033699 0.436587 0.274495 0.034588 0.439893 0.272912 0.029124 0.449123 0.27072 0.034326 0.443869 0.271916 0.02113 0.452414 0.270691 0.011888 0.454372 0.270906 0 0.455349 0.270959 -0.034326 0.443869 0.271916 -0.029868 0.447667 0.280251 -0.025958 0.451044 0.279599 -0.029124 0.449123 0.27072 -0.018361 0.453681 0.279694 -0.02113 0.452414 0.270691 -0.010101 0.455338 0.279954 -0.011888 0.454372 0.270906 0 0.428388 0.280532 0 0.435581 0.288436 -0.010196 0.435954 0.287698 -0.012073 0.429257 0.279854 -0.018239 0.437165 0.286293 -0.021585 0.430885 0.278352 -0.024753 0.438956 0.284427 -0.028969 0.433448 0.276322 -0.028979 0.44171 0.282632 -0.033699 0.436587 0.274495 -0.030347 0.444094 0.281257 -0.034588 0.439893 0.272912 -0.033424 0.452013 0.286566 -0.02903 0.456622 0.28545 -0.020309 0.460387 0.285058 -0.010808 0.462735 0.285039 0 0.43459 0.296937 -0.010911 0.435018 0.296152 -0.019843 0.436845 0.294486 -0.027323 0.439045 0.292442 -0.032508 0.442328 0.290442 -0.034788 0.44641 0.288349 -0.03761 0.454334 0.288327 -0.033073 0.461142 0.286353 -0.023337 0.466328 0.285391 -0.012187 0.469447 0.285113 0 0.429787 0.301384 -0.011721 0.43069 0.300586 -0.02229 0.433219 0.298678 -0.0305 0.436492 0.296178 -0.036536 0.440945 0.293665 -0.039008 0.446892 0.290855 -0.044649 0.456189 0.2877 -0.052889 0.456946 0.283638 -0.045645 0.468753 0.279785 -0.038579 0.465729 0.284486 -0.032263 0.478179 0.277057 -0.027587 0.473227 0.282701 -0.016367 0.482963 0.276113 -0.013998 0.477123 0.282142 0 0.421355 0.305182 0 0.412286 0.304706 -0.016184 0.414064 0.303599 -0.013658 0.422772 0.304222 -0.031146 0.418278 0.30105 -0.026376 0.426134 0.302162 -0.043737 0.423061 0.298054 -0.03675 0.430035 0.299415 -0.052162 0.432559 0.293436 -0.043362 0.437578 0.295391 -0.055415 0.443872 0.288466 -0.046375 0.446229 0.291364 -0.057228 0.455445 0.277133 -0.049793 0.468085 0.272783 -0.035803 0.478752 0.269673 -0.017837 0.484172 0.268434 0 0.405598 0.300269 -0.017522 0.407631 0.299052 -0.033769 0.412149 0.296321 -0.047515 0.417567 0.292996 -0.056564 0.428263 0.288 -0.060004 0.440933 0.282511 -0.060002 0.452231 0.268429 -0.052569 0.465433 0.263854 -0.037894 0.476986 0.260388 -0.01919 0.48326 0.258796 0 0.399568 0.292653 -0.018318 0.40177 0.291372 -0.035282 0.406483 0.288569 -0.049615 0.412389 0.28506 -0.059135 0.423718 0.279826 -0.062711 0.437201 0.274012 -0.057803 0.448531 0.259744 -0.050121 0.461908 0.255097 -0.036526 0.472576 0.251987 -0.018059 0.478661 0.250477 0 0.397242 0.283374 -0.017729 0.39937 0.282124 -0.034123 0.40408 0.27933 -0.047895 0.409842 0.275891 -0.057018 0.420879 0.270792 -0.060438 0.433955 0.265145 -0.052385 0.445108 0.253193 -0.045466 0.457225 0.249049 -0.033164 0.466877 0.246345 -0.016384 0.472067 0.245192 0 0.398458 0.27502 -0.016205 0.400338 0.273865 -0.031165 0.404792 0.271163 -0.043629 0.41002 0.267917 -0.05177 0.420092 0.263192 -0.054848 0.431898 0.258049 -0.012073 0.429257 0.279854 -0.010083 0.441896 0.274855 -0.021585 0.430885 0.278352 -0.018293 0.441599 0.274052 -0.028969 0.433448 0.276322 -0.025014 0.441253 0.273039 -0.033699 0.436587 0.274495 -0.034588 0.439893 0.272912 -0.029124 0.449123 0.27072 -0.034326 0.443869 0.271916 -0.02113 0.452414 0.270691 -0.011888 0.454372 0.270906</float_array>
                    <technique_common>
                        <accessor count="471" offset="0" source="Object_2-geometry-POSITION-array" stride="3">
                            <param name="X" type="float" />
                            <param name="Y" type="float" />
                            <param name="Z" type="float" />
                        </accessor>
                    </technique_common>
                </source>
                <source id="Object_2-geometry-NORMAL">
                    <float_array id="Object_2-geometry-NORMAL-array" count="1062">-0.1215687 0.9921569 0.0196079 0.003921568 0.9921569 -0.003921568 0.01176471 1 -0.003921568 -0.1843138 0.9764706 0.05098045 0.09803921 0.9921569 0.01176476 0.1607843 0.9843137 0.04313731 -0.082353 0.9921569 0.003921628 0.003921568 1 -0.003921568 0.0745098 0.9921569 0.003921628 -0.06666672 1 0.003921628 0.05882353 1 0.003921628 -0.05882359 1 0.01176476 0.05098039 0.9921569 0.01176476 -0.05098045 0.9921569 0.003921628 -0.003921628 1 -0.003921568 0.04313725 1 0.01176476 -0.04313731 1 0.003921628 -0.003921628 0.9921569 -0.003921568 0.03529412 0.9921569 0.003921628 -0.04313731 0.9921569 0.003921628 0.02745098 1 0.003921628 -0.03529418 1 0.003921628 -0.03529418 0.9921569 0.003921628 0.01960784 1 0.003921628 0.01960784 1 -0.003921568 -0.03529418 0.9921569 -0.003921568 -0.02745104 0.9921569 0.003921628 -0.03529418 1 -0.003921568 -0.03529418 0.9921569 -0.01176471 -0.04313731 1 -0.01176471 0.02745098 0.9921569 -0.01176471 -0.04313731 1 -0.04313725 -0.003921628 1 -0.01176471 0.03529412 1 -0.03529412 -0.05098045 0.9921569 -0.0745098 -0.04313731 0.9921569 -0.1058823 0.003921568 0.9921569 -0.1215686 0.003921568 0.9921569 -0.03529412 0.03529412 0.9921569 -0.0745098 0.03529412 0.9921569 -0.1058823 -0.003921628 -1 0.003921628 -0.1294118 -0.9921569 0.0196079 -0.1843138 -0.9843137 0.05882359 0.1607843 -0.9921569 0.04313731 0.09803921 -0.9921569 0.01176476 -0.01176476 -1 -0.003921568 -0.0196079 -1 0.003921628 -0.003921628 -1 -0.003921568 -0.082353 -1 -0.003921568 0.0745098 -1 0.003921628 -0.06666672 -1 0.003921628 0.05882353 -1 0.003921628 -0.01176476 -1 0.003921628 -0.05882359 -1 0.01176476 0.05098039 -1 0.01176476 -0.05098045 -1 0.003921628 0.03529412 -1 0.01176476 -0.04313731 -1 0.003921628 0.03529412 -1 0.003921628 0.02745098 -1 0.003921628 -0.03529418 -1 -0.003921568 0.02745098 -1 -0.003921568 -0.03529418 -1 0.003921628 0.01960784 -1 0.003921628 0.01960784 -1 -0.003921568 -0.03529418 -1 -0.01176471 -0.03529418 -1 -0.01960784 0.02745098 -1 -0.01176471 -0.003921628 -1 -0.01176471 -0.05098045 -1 -0.03529412 0.03529412 -1 -0.03529412 -0.003921628 -1 -0.1137255 -0.04313731 -0.9921569 -0.1058823 -0.05098045 -1 -0.05882353 -0.003921628 -1 -0.03529412 -0.01176476 -1 -0.1137255 0.03529412 -1 -0.0745098 0.03529412 -0.9921569 -0.09803921 -0.3019608 0.827451 0.1058824 -0.5294118 0.7019608 0.2705883 0.4196078 -0.8666667 0.2156863 0.2078431 -0.9607843 0.07450986 -0.1921569 0.8431373 0.05882359 0.09803921 -0.9843137 0.02745104 -0.1843138 0.8196079 0.05098045 0.06666666 -0.9921569 0.0196079 -0.1764706 0.827451 0.05098045 0.05882353 -0.9921569 0.0196079 -0.1686275 0.8352941 0.04313731 -0.1764706 0.827451 0.04313731 -0.1686275 0.827451 0.03529418 0.05882353 -0.9921569 0.01176476 -0.1686275 0.827451 0.02745104 0.05098039 -0.9921569 0.01176476 -0.1607844 0.8196079 0.02745104 -0.1686275 0.8117647 0.02745104 0.05098039 -0.9921569 0.003921628 -0.1686275 0.8117647 0.01176476 0.04313725 -0.9921569 0.003921628 -0.1607844 0.8117647 0.01176476 -0.1764706 0.7882353 0.003921628 -0.1686275 0.8117647 -0.01960784 0.04313725 -0.9921569 -0.01176471 -0.1529412 0.8196079 -0.02745098 -0.1607844 0.8117647 -0.05098039 0.04313725 -0.9921569 -0.01960784 -0.1529412 0.8117647 -0.08235294 0.04313725 -0.9921569 -0.02745098 -0.137255 0.827451 -0.1294118 0.05098039 -0.9921569 -0.05098039 -0.01176476 -0.9215686 -0.3098039 -0.09019613 -0.8745098 -0.3647059 -0.2470589 0.3803922 -0.4352941 0.1372549 -0.7254902 -0.5921569 -0.0196079 -0.8980392 -0.3803921 0.2470588 -0.7490196 -0.4588235 -0.137255 0.7960784 -0.5058824 0.003921568 0.772549 -0.4823529 0.1058823 0.772549 -0.4980392 -0.4196079 -0.7960784 0.4431373 -0.8745098 -0.4196078 0.2235295 -0.8117647 -0.5686275 -0.1294118 -0.482353 -0.8823529 0.05098045 -0.2313726 -0.8352941 0.4901961 -0.2784314 -0.9607843 0.09019613 -0.1058824 -0.8431373 0.5215687 -0.137255 -0.9843137 0.1137255 0.003921568 -0.8509804 0.5215687 0.01176471 -0.9921569 0.1137255 -0.1215687 0.9372549 -0.3098039 -0.01176476 0.9137255 -0.2549019 -0.01176476 0.7568628 -0.6313726 -0.1921569 0.7490196 -0.6313726 -0.2392157 0.9137255 -0.317647 -0.3411765 0.6941177 -0.6392157 -0.5529412 0.7803922 -0.2862745 -0.5137255 0.5843138 -0.6313726 -0.7568628 0.6078432 -0.2235294 -0.6941177 0.3960785 -0.6 -0.9921569 0.09019613 -0.01176471 -0.9137255 -0.05098039 -0.4117647 -0.3176471 -0.317647 0.8901961 -0.6862745 -0.01960784 0.7254902 -0.1450981 -0.3254902 0.9294118 -0.05098045 -0.2941176 0.9529412 -0.003921628 -0.2705882 0.9607843 -0.05098045 0.8901961 0.4352942 -0.01176476 0.8431373 0.482353 -0.137255 0.8980392 0.3960785 -0.254902 0.8823529 0.3725491 -0.5921569 0.654902 0.4666667 -0.7333333 0.3019608 0.6 -0.082353 0.1450981 0.9843137 -0.2392157 0.2470589 0.9294118 -0.003921628 0.1450981 0.9843137 0.01176471 0.1686275 0.9764706 -0.003921628 0.2 0.9764706 0.01176471 0.5607843 0.8196079 -0.003921628 0.5450981 0.8352941 0.003921568 0.5843138 0.8039216 -0.04313731 0.6 0.7882353 -0.2 0.5137255 0.827451 -0.254902 0.3803922 0.8823529 0.4745098 0.6313726 0.6 0.5529412 0.5058824 0.6470588 0.1607843 0.3882353 0.8980392 0.1529412 0.4117647 0.8901961 0.3098039 0.772549 0.5372549 0.1294118 0.4588236 0.8745098 0.1686274 0.8431373 0.4980392 0.0745098 0.4901961 0.8588235 -0.0196079 0.8588235 0.4901961 -0.01176476 0.5058824 0.8509804 0.1529412 -0.2784314 0.945098 -0.003921628 -0.2392157 0.945098 -0.003921628 0.2313726 0.9686275 0.05882353 0.2392157 0.9686275 0.2470588 -0.2392157 0.9372549 0.1058823 0.2705883 0.9529412 0.3803921 -0.1215686 0.9058824 0.1372549 0.3254902 0.9294118 0.5450981 0.1294118 0.8196079 0.1529412 0.3568628 0.9137255 0.5843138 0.2627451 0.7568628 0.1529412 0.3647059 0.9137255 0.7019608 0.6784314 0.1764706 0.8196079 0.4901961 0.254902 0.427451 0.8901961 0.09019613 0.2235294 0.9686275 0.05098045 -0.0196079 0.9921569 0.03529418 0.2 -0.6627451 0.7176471 -0.003921628 -0.6470588 0.7333333 0.3254902 -0.6235294 0.7098039 0.5450981 -0.4980392 0.6705883 0.8352941 -0.1294118 0.5215687 0.8980392 0.1058824 0.4117647 0.772549 0.6078432 -0.1607843 0.9058824 0.4039216 -0.09019607 0.4588235 0.8509804 -0.2392157 0.2392157 0.9294118 -0.2627451 -0.0196079 0.9607843 -0.2705882 0.2078431 -0.8588235 0.4588236 0.003921568 -0.8823529 0.4666667 0.3411765 -0.827451 0.4352942 0.5921569 -0.7098039 0.3725491 0.9294118 -0.3019608 0.1921569 0.9921569 -0.04313725 0.082353 0.7333333 0.4431373 -0.5137255 0.8509804 0.2392157 -0.4588235 0.4352941 0.6941177 -0.5607843 0.2235294 0.772549 -0.5843138 -0.0196079 0.7960784 -0.5921569 0.1921569 -0.9764706 0.1215687 -0.003921628 -0.8196079 0.2627451 0.317647 -0.945098 0.09019613 0.5529412 -0.827451 -0.003921568 0.8666667 -0.4431372 -0.2 0.9294118 -0.1921569 -0.3098039 0.6313726 0.2941177 -0.7176471 0.7254902 0.1137255 -0.6705883 0.3647059 0.5294118 -0.7568628 0.1764706 0.5921569 -0.7803922 -0.02745104 0.6078432 -0.7882353 0.1607843 -0.9764706 -0.1529412 -0.003921628 -0.9921569 -0.1372549 0.2705882 -0.945098 -0.1843137 0.4745098 -0.8352941 -0.2705882 0.7333333 -0.5058824 -0.4509804 0.7882353 -0.2705882 -0.5450981 -0.003921628 0.3176471 0.9372549 0.05882353 0.3176471 0.9372549 0.03529412 0.427451 0.8823529 -0.003921628 0.3882353 0.9137255 0.1137255 0.309804 0.9372549 0.08235294 0.4117647 0.8980392 0.1058823 0.3019608 0.945098 0.05098039 0.4666667 0.8588235 0.0745098 0.4039216 0.9058824 0.06666666 0.3019608 0.945098 0.003921568 0.137255 0.9764706 -0.0196079 0.2 0.9607843 0.06666666 0.2 0.9607843 0.04313725 0.2862746 0.945098 -0.003921628 0.3019608 0.9529412 0.8980392 -0.2784314 -0.3019608 0.7490196 -0.5764706 0.309804 0.4980392 -0.7568628 0.4196079 0.5529412 -0.827451 0.02745104 0.2627451 -0.8352941 0.482353 0.3098039 -0.9529412 0.082353 0.08235294 -0.8431373 0.5294118 0.1058823 -0.9921569 0.1137255 -0.003921628 0.7647059 -0.6470588 -0.003921628 0.945098 -0.3098039 0.1215686 0.9372549 -0.3098039 0.145098 0.7568628 -0.6392157 0.2627451 0.9058824 -0.317647 0.2862745 0.7098039 -0.6392157 0.4509804 0.8352941 -0.3019608 0.4509804 0.6235294 -0.6313726 0.8980392 0.3882353 -0.1372549 0.8117647 0.1921569 -0.5294118 0.6 -0.1294118 0.7803922 0.3960784 -0.2784314 0.8666667 0.1058823 -0.317647 0.9372549 0.03529412 -0.2941176 0.9529412 -0.003921628 0.8901961 0.4509804 0.05882353 0.8980392 0.427451 0.145098 0.9058824 0.3882353 0.3019608 0.8666667 0.3803922 0.4666666 0.7647059 0.427451 0.7254902 0.1294118 0.6627451 0.1921569 0.2078432 0.9529412 0.1137255 0.1529412 0.9764706 -0.01176476 0.1529412 0.9843137 -0.0196079 0.1764706 0.9764706 -0.003921628 0.5372549 0.8352941 -0.0196079 0.5607843 0.8196079 -0.003921628 0.5921569 0.7960784 0.06666666 0.5921569 0.7960784 0.1372549 0.5529412 0.8117647 0.2392157 0.3019608 0.9137255 -0.1764706 0.3725491 0.9058824 -0.5843138 0.4431373 0.6705883 -0.4509804 0.6705883 0.5764706 -0.1607844 0.427451 0.8823529 -0.2862746 0.7960784 0.5215687 -0.1215687 0.4666667 0.8745098 -0.1529412 0.8509804 0.4901961 -0.06666672 0.4901961 0.8588235 -0.01176476 0.2313726 0.9686275 -0.01176476 -0.2941176 0.9529412 -0.1764706 -0.2705882 0.945098 -0.07450986 0.2470589 0.9607843 -0.2784314 -0.2313725 0.9294118 -0.1215687 0.2784314 0.945098 -0.4431373 -0.06666666 0.8901961 -0.1529412 0.3333334 0.9215686 -0.5215687 0.05882359 0.8431373 -0.1607844 0.3490196 0.9215686 -0.6 0.3254902 0.7254902 -0.1686275 0.3647059 0.9137255 -0.8666667 0.4039216 0.2862746 -0.6470588 0.7411765 0.1450981 -0.5137255 0.8431373 0.1058824 -0.2 0.9764706 0.05098045 -0.01176476 -0.6862745 0.7254902 -0.2313726 -0.654902 0.7176471 -0.3647059 -0.6078432 0.7019608 -0.6392157 -0.4196078 0.6392157 -0.7882353 -0.2313725 0.5686275 -0.9058824 0.2078432 0.3725491 -0.9529412 0.2941177 -0.05098039 -0.7098039 0.6784314 -0.1843137 -0.5607843 0.7960784 -0.2235294 -0.2156863 0.9372549 -0.2627451 -0.01176476 -0.8823529 0.4666667 -0.2392157 -0.8588235 0.4509804 -0.3803922 -0.8196079 0.427451 -0.7098039 -0.6235294 0.3333334 -0.8745098 -0.427451 0.2470589 -1 0.082353 0.03529418 -0.8980392 0.137255 -0.427451 -0.6784314 0.5215687 -0.5294118 -0.5294118 0.6470588 -0.5529412 -0.1921569 0.7803922 -0.5843138 -0.01176476 -0.9921569 0.1294118 -0.2235295 -0.9686275 0.1137255 -0.3568628 -0.9372549 0.07450986 -0.6627451 -0.7568628 -0.05098039 -0.8196079 -0.5607843 -0.1529412 -0.9372549 -0.0745098 -0.3490196 -0.772549 0.02745104 -0.6470588 -0.5764706 0.3725491 -0.7254902 -0.4509804 0.4901961 -0.7490196 -0.1607844 0.6 -0.7882353 -0.01176476 -0.9921569 -0.1372549 -0.1921569 -0.9764706 -0.1529412 -0.309804 -0.9372549 -0.1921569 -0.5607843 -0.772549 -0.3098039 -0.7019608 -0.5921569 -0.4117647 -0.8039216 -0.1686274 -0.5843138 -0.05098045 0.3960785 0.9058824 -0.06666672 0.3176471 0.9372549 -0.09803927 0.3960785 0.9058824 -0.1215687 0.309804 0.9372549 -0.082353 0.4196079 0.8901961 -0.1058824 0.309804 0.9372549 -0.082353 0.3960785 0.9058824 -0.07450986 0.309804 0.945098 -0.05098045 0.2078432 0.9686275 -0.05098045 0.254902 0.9607843 -0.082353 0.2156863 0.9686275 -0.06666672 0.2862746 0.9529412</float_array>
                    <technique_common>
                        <accessor count="354" offset="0" source="Object_2-geometry-NORMAL-array" stride="3">
                            <param name="X" type="float" />
                            <param name="Y" type="float" />
                            <param name="Z" type="float" />
                        </accessor>
                    </technique_common>
                </source>
                <source id="Object_2-geometry-TEXCOORD">
                    <float_array id="Object_2-geometry-TEXCOORD-array" count="862">0.6635784 0.1157171 0.6640667 0.08983803 0.6450236 0.08983803 0.6450236 0.1157171 0.6640667 0.06298238 0.6450236 0.06298238 0.6816449 0.1157171 0.6816449 0.08983803 0.6816449 0.06298238 0.6997114 0.1157171 0.6997114 0.08983803 0.6997114 0.06298238 0.7172897 0.1157171 0.7172897 0.08983803 0.7172897 0.06298238 0.7348679 0.1157171 0.7348679 0.08983803 0.7348679 0.06298238 0.7529345 0.1157171 0.7529345 0.08983803 0.7529345 0.06298238 0.7705127 0.1157171 0.7705127 0.08983803 0.7705127 0.06298238 0.7880909 0.1157171 0.7880909 0.08983803 0.7880909 0.06298238 0.8056691 0.1157171 0.8056691 0.08983803 0.8056691 0.06298238 0.8237357 0.1157171 0.8237357 0.08983803 0.8237357 0.06298238 0.8413139 0.1157171 0.8413139 0.08983803 0.8413139 0.06298238 0.8588921 0.1157171 0.8588921 0.08983803 0.8588921 0.06298238 0.8769587 0.1157171 0.8769587 0.08983803 0.8769587 0.06298238 0.8945369 0.1157171 0.8945369 0.08983803 0.8945369 0.06298238 0.9121152 0.1157171 0.9121152 0.08983803 0.9121152 0.06298238 0.9296934 0.1157171 0.9296934 0.08983803 0.9296934 0.06298238 0.9477599 0.1157171 0.9477599 0.08983803 0.9477599 0.06298238 0.9653381 0.1157171 0.9653381 0.08983803 0.9653381 0.06298238 0.9707093 0.1157171 0.9780335 0.1098577 0.9780335 0.08983803 0.9707093 0.08983803 0.9707093 0.06298238 0.9780335 0.06884176 0.6450236 0.1738229 0.6640667 0.1738229 0.6635784 0.1479439 0.6450236 0.1479439 0.6450236 0.03075558 0.6640667 0.03075558 0.6640667 0.003899932 0.6450236 0.003899932 0.6816449 0.1738229 0.6816449 0.1479439 0.6816449 0.03075558 0.6816449 0.003899932 0.6997114 0.1738229 0.6997114 0.1479439 0.6997114 0.03075558 0.6997114 0.003899932 0.7172897 0.1738229 0.7172897 0.1479439 0.7172897 0.03075558 0.7172897 0.003899932 0.7348679 0.1738229 0.7348679 0.1479439 0.7348679 0.03075558 0.7348679 0.003899932 0.7529345 0.1738229 0.7529345 0.1479439 0.7529345 0.03075558 0.7529345 0.003899932 0.7705127 0.1738229 0.7705127 0.1479439 0.7705127 0.03075558 0.7705127 0.003899932 0.7880909 0.1738229 0.7880909 0.1479439 0.7880909 0.03075558 0.7880909 0.003899932 0.8056691 0.1738229 0.8056691 0.1479439 0.8056691 0.03075558 0.8056691 0.003899932 0.8237357 0.1738229 0.8237357 0.1479439 0.8237357 0.03075558 0.8237357 0.003899932 0.8413139 0.1738229 0.8413139 0.1479439 0.8413139 0.03075558 0.8413139 0.003899932 0.8588921 0.1738229 0.8588921 0.1479439 0.8588921 0.03075558 0.8588921 0.003899932 0.8769587 0.1738229 0.8769587 0.1479439 0.8769587 0.03075558 0.8769587 0.003899932 0.8945369 0.1738229 0.8945369 0.1479439 0.8945369 0.03075558 0.8945369 0.003899932 0.9121152 0.1738229 0.9121152 0.1479439 0.9121152 0.03075558 0.9121152 0.003899932 0.9296934 0.1738229 0.9296934 0.1479439 0.9296934 0.03075558 0.9296934 0.003899932 0.9477599 0.1738229 0.9477599 0.1479439 0.9477599 0.03075558 0.9477599 0.003899932 0.9653381 0.1738229 0.9653381 0.1479439 0.9653381 0.03075558 0.9653381 0.003899932 0.9780335 0.1738229 0.9780335 0.1538032 0.9707093 0.1479439 0.9707093 0.1738229 0.9780335 0.003899932 0.9707093 0.003899932 0.9707093 0.03075558 0.9780335 0.0248962 0.6630901 0.1318305 0.6450236 0.1318305 0.6450236 0.04686898 0.6635784 0.04686898 0.6811566 0.1318305 0.6811566 0.04686898 0.6992232 0.1318305 0.6992232 0.04686898 0.7168014 0.1318305 0.7168014 0.04686898 0.7343796 0.1318305 0.7343796 0.04686898 0.7524462 0.1318305 0.7524462 0.04686898 0.7700244 0.1318305 0.7700244 0.04686898 0.7876026 0.1318305 0.7876026 0.04686898 0.8056691 0.1318305 0.8056691 0.04686898 0.8232474 0.1318305 0.8232474 0.04686898 0.8413139 0.1318305 0.8413139 0.04686898 0.8588921 0.1318305 0.8588921 0.04686898 0.8769587 0.1318305 0.8769587 0.04686898 0.8945369 0.1318305 0.8945369 0.04686898 0.9126034 0.1318305 0.9126034 0.04686898 0.93067 0.1318305 0.93067 0.04686898 0.9487365 0.1318305 0.9487365 0.04686898 0.966803 0.1318305 0.966803 0.04686898 0.9931703 0.1738229 0.9931703 0.156733 0.9931703 0.1318305 0.9931703 0.02147818 0.9931703 0.003899932 0.9931703 0.04686898 0.9931703 0.1064397 0.9931703 0.08983803 0.9931703 0.0717715 0.5556676 0.08300203 0.5556676 0.07665431 0.5361362 0.07567775 0.5361362 0.08251375 0.5556676 0.09179115 0.5361362 0.09130287 0.5556676 0.100092 0.5361362 0.100092 0.5556676 0.1108342 0.5361362 0.110346 0.5556676 0.04686898 0.5556676 0.02733761 0.5361362 0.02733761 0.5361362 0.04735726 0.5556676 0.05468154 0.5361362 0.0556581 0.5556676 0.06298238 0.5361362 0.06395894 0.5556676 0.06835347 0.5361362 0.06933004 0.5556676 0.07225978 0.5361362 0.07274806 0.5712927 0.08349031 0.5712927 0.07763088 0.5712927 0.09227943 0.5712927 0.1005803 0.5712927 0.1108342 0.5712927 0.0463807 0.5712927 0.02733761 0.5712927 0.05419326 0.5712927 0.06200582 0.5712927 0.06737691 0.5712927 0.07225978 0.5800818 0.08397859 0.5800818 0.07811916 0.5800818 0.09227943 0.5800818 0.1005803 0.5800818 0.1108342 0.5800818 0.04589242 0.5800818 0.02733761 0.5800818 0.05419326 0.5800818 0.06151754 0.5800818 0.06737691 0.5800818 0.07274806 0.5996132 0.08446687 0.5996132 0.07860744 0.5927772 0.07860744 0.5927772 0.08446687 0.5996132 0.09227943 0.5927772 0.09227943 0.5996132 0.1005803 0.5927772 0.1005803 0.5996132 0.1108342 0.5927772 0.1108342 0.5996132 0.0463807 0.5996132 0.02733761 0.5927772 0.02733761 0.5927772 0.04589242 0.5996132 0.05419326 0.5927772 0.05419326 0.5996132 0.06151754 0.5927772 0.0610292 0.5996132 0.06737691 0.5927772 0.06737691 0.5996132 0.07274806 0.5927772 0.07274806 0.607914 0.08446687 0.607914 0.07860744 0.607914 0.09179115 0.607914 0.1005803 0.607914 0.1108342 0.607914 0.0463807 0.607914 0.02733761 0.607914 0.05419326 0.607914 0.06151754 0.607914 0.06737691 0.607914 0.07274806 0.6157265 0.08446687 0.6157265 0.07860744 0.6157265 0.09179115 0.6157265 0.1005803 0.6157265 0.1108342 0.6157265 0.0463807 0.6157265 0.02733761 0.6157265 0.05419326 0.6157265 0.06151754 0.6157265 0.06737691 0.6157265 0.07323635 0.6245157 0.08446687 0.6245157 0.07860744 0.6245157 0.09179115 0.6245157 0.1005803 0.6245157 0.1108342 0.6245157 0.0463807 0.6245157 0.02733761 0.6245157 0.05419326 0.6245157 0.06151754 0.6245157 0.06737691 0.6245157 0.07323635 0.6337931 0.08446687 0.6337931 0.07860744 0.6337931 0.09179115 0.6337931 0.1010686 0.6337931 0.110346 0.6337931 0.0463807 0.6337931 0.02733761 0.6337931 0.05419326 0.6337931 0.06151754 0.6337931 0.06737691 0.6337931 0.07274806 0.5844764 0.01268905 0.6001015 0.01268905 0.6001015 0.004876554 0.5844764 0.004876554 0.6123086 0.01268905 0.6123086 0.004876554 0.6230508 0.01268905 0.6230508 0.004876554 0.6318399 0.004876554 0.6318399 0.01268905 0.6235391 0.02147818 0.6318399 0.02147818 0.6123086 0.02147818 0.6001015 0.02147818 0.5844764 0.02147818 0.5361362 0.1455024 0.5556676 0.1445258 0.5556676 0.1381782 0.5361362 0.1386665 0.5556676 0.129389 0.5361362 0.1298773 0.5556676 0.1210882 0.5361362 0.1210882 0.5361362 0.1938426 0.5556676 0.1938426 0.5556676 0.1743112 0.5361362 0.1738229 0.5556676 0.1664987 0.5361362 0.1655221 0.5556676 0.1581978 0.5361362 0.1572213 0.5556676 0.1523384 0.5361362 0.1513618 0.5556676 0.1489204 0.5361362 0.1484321 0.5712927 0.143061 0.5712927 0.1372016 0.5712927 0.1289008 0.5712927 0.1205999 0.5712927 0.1938426 0.5712927 0.1747995 0.5712927 0.1669869 0.5712927 0.1591744 0.5712927 0.1538032 0.5712927 0.1484321 0.5800818 0.1425727 0.5800818 0.1372016 0.5800818 0.1289008 0.5800818 0.1205999 0.5800818 0.1938426 0.5800818 0.1747995 0.5800818 0.1669869 0.5800818 0.1596627 0.5800818 0.1538032 0.5800818 0.1484321 0.5927772 0.1420844 0.5996132 0.1425727 0.5996132 0.1367133 0.5927772 0.136225 0.5996132 0.1289008 0.5927772 0.1289008 0.5996132 0.1201116 0.5927772 0.1201116 0.5927772 0.1938426 0.5996132 0.1938426 0.5996132 0.1747995 0.5927772 0.1752878 0.5996132 0.1669869 0.5927772 0.1669869 0.5996132 0.1596627 0.5927772 0.1601509 0.5996132 0.1538032 0.5927772 0.1538032 0.5996132 0.1479439 0.5927772 0.1484321 0.607914 0.1425727 0.607914 0.1367133 0.607914 0.129389 0.607914 0.1205999 0.607914 0.1938426 0.607914 0.1747995 0.607914 0.1669869 0.607914 0.1596627 0.607914 0.1538032 0.607914 0.1479439 0.6157265 0.1425727 0.6157265 0.136225 0.6157265 0.129389 0.6157265 0.1205999 0.6157265 0.1938426 0.6157265 0.1747995 0.6157265 0.1669869 0.6157265 0.1596627 0.6157265 0.1538032 0.6157265 0.1479439 0.6245157 0.1425727 0.6245157 0.136225 0.6245157 0.129389 0.6245157 0.1201116 0.6245157 0.1938426 0.6245157 0.1747995 0.6245157 0.1669869 0.6245157 0.1596627 0.6245157 0.1538032 0.6245157 0.1479439 0.6337931 0.1425727 0.6337931 0.1367133 0.6337931 0.129389 0.6337931 0.1196234 0.6337931 0.1938426 0.6337931 0.1747995 0.6337931 0.1669869 0.6337931 0.1596627 0.6337931 0.1538032 0.6337931 0.1479439 0.5688512 0.004876554 0.5688512 0.01268905 0.5566441 0.004876554 0.5566441 0.01268905 0.5459019 0.004876554 0.5459019 0.01268905 0.5371128 0.004876554 0.5371128 0.01268905 0.5454136 0.02147818 0.5371128 0.02147818 0.5566441 0.02147818 0.5688512 0.02147818</float_array>
                    <technique_common>
                        <accessor count="431" offset="0" source="Object_2-geometry-TEXCOORD-array" stride="2">
                            <param name="S" type="float" />
                            <param name="T" type="float" />
                        </accessor>
                    </technique_common>
                </source>
                <vertices id="Object_2-vertices">
                    <input semantic="POSITION" source="#Object_2-geometry-POSITION" />
                </vertices>
                <triangles count="720" material="Tail">
                    <input semantic="VERTEX" source="#Object_2-vertices" offset="0" set="0" />
                    <input semantic="NORMAL" source="#Object_2-geometry-NORMAL" offset="1" set="0" />
                    <input semantic="TEXCOORD" source="#Object_2-geometry-TEXCOORD" offset="2" set="0" />
                    <p>2 2 2 1 1 1 0 0 0 3 3 3 2 2 2 0 0 0 2 2 2 5 5 5 1 1 1 5 5 5 4 4 4 1 1 1 0 0 0 1 1 1 6 6 6 1 1 1 7 7 7 6 6 6 1 1 1 4 4 4 7 7 7 4 4 4 8 8 8 7 7 7 6 6 6 7 7 7 9 9 9 7 7 7 10 7 10 9 9 9 7 7 7 8 8 8 10 7 10 8 8 8 11 10 11 10 7 10 9 9 9 10 7 10 12 11 12 10 7 10 13 7 13 12 11 12 10 7 10 11 10 11 13 7 13 11 10 11 14 12 14 13 7 13 12 11 12 13 7 13 15 13 15 13 7 13 16 14 16 15 13 15 13 7 13 14 12 14 16 14 16 14 12 14 17 15 17 16 14 16 15 13 15 16 14 16 18 16 18 16 14 16 19 17 19 18 16 18 16 14 16 17 15 17 19 17 19 17 15 17 20 18 20 19 17 19 18 16 18 19 17 19 21 19 21 19 17 19 22 14 22 21 19 21 19 17 19 20 18 20 22 14 22 20 18 20 23 20 23 22 14 22 21 19 21 22 14 22 24 21 24 22 14 22 25 14 25 24 21 24 22 14 22 23 20 23 25 14 25 23 20 23 26 20 26 25 14 25 24 21 24 25 14 25 27 22 27 25 14 25 28 17 28 27 22 27 25 14 25 26 20 26 28 17 28 26 20 26 29 20 29 28 17 28 27 22 27 28 17 28 30 22 30 28 17 28 31 17 31 30 22 30 28 17 28 29 20 29 31 17 31 29 20 29 32 23 32 31 17 31 30 22 30 31 17 31 33 22 33 31 17 31 34 17 34 33 22 33 31 17 31 32 23 32 34 17 34 32 23 32 35 24 35 34 17 34 33 22 33 34 17 34 36 25 36 34 17 34 37 17 37 36 25 36 34 17 34 35 24 35 37 17 37 35 24 35 38 23 38 37 17 37 36 25 36 37 17 37 39 26 39 37 17 37 40 14 40 39 26 39 37 17 37 38 23 38 40 14 40 38 23 38 41 20 41 40 14 40 39 26 39 40 14 40 42 25 42 40 14 40 43 17 43 42 25 42 40 14 40 41 20 41 43 17 43 41 20 41 44 24 44 43 17 43 42 25 42 43 17 43 45 27 45 43 17 43 46 14 46 45 27 45 43 17 43 44 24 44 46 14 46 44 24 44 47 24 47 46 14 46 45 27 45 46 14 46 48 28 48 46 14 46 49 17 49 48 28 48 46 14 46 47 24 47 49 17 49 47 24 47 50 24 50 49 17 49 48 28 48 49 17 49 51 29 51 49 17 49 52 14 52 51 29 51 49 17 49 50 24 50 52 14 52 50 24 50 53 30 53 52 14 52 51 29 51 52 14 52 54 31 54 52 14 52 55 32 55 54 31 54 52 14 52 53 30 53 55 32 55 53 30 53 56 33 56 55 32 55 54 31 54 55 32 55 57 34 57 55 32 55 60 37 60 57 34 57 55 32 55 56 33 56 60 37 60 60 37 60 59 36 59 57 34 57 59 36 59 58 35 58 57 34 57 59 36 59 60 37 60 61 38 61 56 33 56 61 38 61 60 37 60 62 39 62 59 36 59 61 38 61 191 109 184 56 33 56 53 30 53 192 107 182 191 109 184 53 30 53 192 107 182 53 30 53 50 24 50 193 105 180 192 107 182 50 24 50 193 105 180 50 24 50 47 24 47 194 102 178 193 105 180 47 24 47 194 102 178 47 24 47 44 24 44 195 102 176 194 102 178 44 24 44 195 102 176 44 24 44 41 20 41 196 96 174 195 102 176 41 20 41 196 96 174 41 20 41 38 23 38 197 98 172 196 96 174 38 23 38 197 98 172 38 23 38 35 24 35 198 98 170 197 98 172 35 24 35 198 98 170 35 24 35 32 23 32 199 96 168 198 98 170 32 23 32 199 96 168 32 23 32 29 20 29 200 93 166 199 96 168 29 20 29 200 93 166 29 20 29 26 20 26 201 93 164 200 93 166 26 20 26 201 93 164 26 20 26 23 20 23 202 91 162 201 93 164 23 20 23 202 91 162 23 20 23 20 18 20 203 87 160 202 91 162 20 18 20 203 87 160 20 18 20 17 15 17 204 87 158 203 87 160 17 15 17 204 87 158 17 15 17 14 12 14 205 87 156 204 87 158 14 12 14 205 87 156 14 12 14 11 10 11 206 85 154 205 87 156 11 10 11 206 85 154 11 10 11 8 8 8 207 83 152 206 85 154 8 8 8 207 83 152 8 8 8 4 4 4 208 81 150 207 83 152 4 4 4 208 81 150 4 4 4 5 5 5 209 80 149 208 81 150 5 5 5 65 41 65 64 40 64 63 40 63 66 42 66 65 41 65 63 40 63 65 41 65 72 48 72 64 40 64 72 48 72 71 47 71 64 40 64 72 48 72 76 50 76 71 47 71 76 50 76 75 40 75 71 47 71 76 50 76 80 53 80 75 40 75 80 53 80 79 47 79 75 40 75 80 53 80 84 55 84 79 47 79 84 55 84 83 47 83 79 47 79 84 55 84 88 57 88 83 47 83 88 57 88 87 40 87 83 47 83 88 57 88 92 57 92 87 40 87 92 57 92 91 47 91 87 40 87 92 57 92 96 57 96 91 47 91 96 57 96 95 40 95 91 47 91 96 57 96 100 60 100 95 40 95 100 60 100 99 47 99 95 40 95 100 60 100 104 62 104 99 47 99 104 62 104 103 40 103 99 47 99 104 62 104 108 62 108 103 40 103 108 62 108 107 40 107 103 40 103 108 62 108 112 62 112 107 40 107 112 62 112 111 40 111 107 40 107 112 62 112 116 62 116 111 40 111 116 62 116 115 47 115 111 40 111 116 62 116 120 60 120 115 47 115 120 60 120 119 47 119 115 47 115 120 60 120 124 60 124 119 47 119 124 60 124 123 47 123 119 47 119 124 60 124 128 65 128 123 47 123 128 65 128 127 47 127 123 47 123 128 65 128 132 66 132 127 47 127 132 66 132 131 47 131 127 47 127 132 66 132 136 69 136 131 47 131 136 69 136 135 68 135 131 47 131 136 69 136 141 73 141 135 68 135 141 73 141 142 74 142 135 68 135 142 74 142 141 73 141 139 71 139 141 73 141 140 72 140 139 71 139 100 60 100 96 57 96 165 94 165 96 57 96 163 92 163 165 94 165 96 57 96 92 57 92 163 92 163 92 57 92 161 90 161 163 92 163 92 57 92 88 57 88 161 90 161 88 57 88 159 89 159 161 90 161 88 57 88 84 55 84 159 89 159 84 55 84 157 88 157 159 89 159 84 55 84 80 53 80 157 88 157 80 53 80 155 86 155 157 88 157 80 53 80 76 50 76 155 86 155 76 50 76 153 84 153 155 86 155 76 50 76 72 48 72 153 84 153 72 48 72 151 82 151 153 84 153 72 48 72 65 41 65 151 82 151 65 41 65 147 78 147 151 82 151 65 41 65 66 42 66 147 78 147 66 42 66 148 79 148 147 78 147 100 60 100 165 94 165 167 95 167 104 62 104 100 60 100 167 95 167 104 62 104 167 95 167 169 97 169 108 62 108 104 62 104 169 97 169 108 62 108 169 97 169 171 99 171 112 62 112 108 62 108 171 99 171 112 62 112 171 99 171 173 100 173 116 62 116 112 62 112 173 100 173 116 62 116 173 100 173 175 101 175 120 60 120 116 62 116 175 101 175 120 60 120 175 101 175 177 103 177 124 60 124 120 60 120 177 103 177 124 60 124 177 103 177 179 104 179 128 65 128 124 60 124 179 104 179 128 65 128 179 104 179 181 106 181 132 66 132 128 65 128 181 106 181 132 66 132 181 106 181 183 108 183 136 69 136 132 66 132 183 108 183 136 69 136 183 108 183 187 112 187 141 73 141 136 69 136 187 112 187 141 73 141 187 112 187 186 111 186 140 72 140 141 73 141 186 111 186 140 72 140 186 111 186 185 110 185 139 71 139 140 72 140 185 110 185 69 45 69 68 44 68 67 43 67 70 46 70 69 45 69 67 43 67 69 45 69 74 45 74 68 44 68 74 45 74 73 49 73 68 44 68 74 45 74 78 52 78 73 49 73 78 52 78 77 51 77 73 49 73 78 52 78 82 47 82 77 51 77 82 47 82 81 54 81 77 51 77 82 47 82 86 40 86 81 54 81 86 40 86 85 56 85 81 54 81 86 40 86 90 47 90 85 56 85 90 47 90 89 58 89 85 56 85 90 47 90 94 47 94 89 58 89 94 47 94 93 59 93 89 58 89 94 47 94 98 40 98 93 59 93 98 40 98 97 59 97 93 59 93 98 40 98 102 47 102 97 59 97 102 47 102 101 61 101 97 59 97 102 47 102 106 40 106 101 61 101 106 40 106 105 63 105 101 61 101 106 40 106 110 47 110 105 63 105 110 47 110 109 59 109 105 63 105 110 47 110 114 40 114 109 59 109 114 40 114 113 63 113 109 59 109 114 40 114 118 47 118 113 63 113 118 47 118 117 63 117 113 63 113 118 47 118 122 47 122 117 63 117 122 47 122 121 64 121 117 63 117 122 47 122 126 47 126 121 64 121 126 47 126 125 64 125 121 64 121 126 47 126 130 47 130 125 64 125 130 47 130 129 64 129 125 64 125 130 47 130 134 47 134 129 64 129 134 47 134 133 67 133 129 64 129 134 47 134 138 68 138 133 67 133 138 68 138 137 70 137 133 67 133 138 68 138 144 74 144 137 70 137 144 74 144 145 76 145 137 70 137 145 76 145 144 74 144 143 75 143 146 77 146 145 76 145 143 75 143 93 59 93 97 59 97 162 91 162 93 59 93 162 91 162 160 87 160 89 58 89 93 59 93 160 87 160 89 58 89 160 87 160 158 87 158 85 56 85 89 58 89 158 87 158 85 56 85 158 87 158 156 87 156 81 54 81 85 56 85 156 87 156 81 54 81 156 87 156 154 85 154 77 51 77 81 54 81 154 85 154 77 51 77 154 85 154 152 83 152 73 49 73 77 51 77 152 83 152 73 49 73 152 83 152 150 81 150 68 44 68 73 49 73 150 81 150 68 44 68 150 81 150 149 80 149 67 43 67 68 44 68 149 80 149 97 59 97 164 93 164 162 91 162 97 59 97 101 61 101 164 93 164 101 61 101 166 93 166 164 93 164 101 61 101 105 63 105 166 93 166 105 63 105 168 96 168 166 93 166 105 63 105 109 59 109 168 96 168 109 59 109 170 98 170 168 96 168 109 59 109 113 63 113 170 98 170 113 63 113 172 98 172 170 98 170 113 63 113 117 63 117 172 98 172 117 63 117 174 96 174 172 98 172 117 63 117 121 64 121 174 96 174 121 64 121 176 102 176 174 96 174 121 64 121 125 64 125 176 102 176 125 64 125 178 102 178 176 102 176 125 64 125 129 64 129 178 102 178 129 64 129 180 105 180 178 102 178 129 64 129 133 67 133 180 105 180 133 67 133 182 107 182 180 105 180 133 67 133 137 70 137 182 107 182 137 70 137 184 109 184 182 107 182 137 70 137 145 76 145 184 109 184 145 76 145 190 115 190 184 109 184 145 76 145 146 77 146 190 115 190 146 77 146 188 113 188 190 115 190 146 77 146 143 75 143 188 113 188 143 75 143 189 114 189 188 113 188 210 79 148 3 3 3 0 0 0 211 78 147 210 79 148 0 0 0 211 78 147 0 0 0 6 6 6 212 82 151 211 78 147 6 6 6 212 82 151 6 6 6 9 9 9 213 84 153 212 82 151 9 9 9 213 84 153 9 9 9 12 11 12 214 86 155 213 84 153 12 11 12 214 86 155 12 11 12 15 13 15 215 88 157 214 86 155 15 13 15 215 88 157 15 13 15 18 16 18 216 89 159 215 88 157 18 16 18 216 89 159 18 16 18 21 19 21 217 90 161 216 89 159 21 19 21 217 90 161 21 19 21 24 21 24 218 92 163 217 90 161 24 21 24 218 92 163 24 21 24 27 22 27 219 94 165 218 92 163 27 22 27 219 94 165 27 22 27 30 22 30 220 95 167 219 94 165 30 22 30 220 95 167 30 22 30 33 22 33 221 97 169 220 95 167 33 22 33 221 97 169 33 22 33 36 25 36 222 99 171 221 97 169 36 25 36 222 99 171 36 25 36 39 26 39 223 100 173 222 99 171 39 26 39 223 100 173 39 26 39 42 25 42 224 101 175 223 100 173 42 25 42 224 101 175 42 25 42 45 27 45 225 103 177 224 101 175 45 27 45 225 103 177 45 27 45 48 28 48 226 104 179 225 103 177 48 28 48 226 104 179 48 28 48 51 29 51 227 106 181 226 104 179 51 29 51 227 106 181 51 29 51 54 31 54 228 108 183 227 106 181 54 31 54 228 108 183 54 31 54 57 34 57 229 112 187 228 108 183 57 34 57 229 112 187 57 34 57 58 35 58 230 116 191 229 112 187 58 35 58 230 116 191 58 35 58 59 36 59 231 117 192 230 116 191 59 36 59 231 117 192 59 36 59 62 39 62 232 118 193 231 117 192 62 39 62 232 118 193 62 39 62 61 38 61 233 115 190 232 118 193 61 38 61 233 115 190 61 38 61 56 33 56 191 109 184 233 115 190 56 33 56 236 121 196 235 120 195 234 119 194 237 122 197 236 121 196 234 119 194 237 122 197 234 119 194 238 123 198 239 124 199 237 122 197 238 123 198 239 124 199 238 123 198 240 125 200 241 126 201 239 124 199 240 125 200 241 126 201 240 125 200 242 127 202 243 128 203 241 126 201 242 127 202 236 121 196 255 140 215 235 120 195 255 140 215 254 139 214 235 120 195 255 140 215 253 138 213 254 139 214 253 138 213 252 137 212 254 139 214 253 138 213 251 136 211 252 137 212 251 136 211 250 135 210 252 137 212 251 136 211 249 134 209 250 135 210 249 134 209 248 133 208 250 135 210 249 134 209 247 132 207 248 133 208 247 132 207 244 129 204 248 133 208 247 132 207 246 131 206 244 129 204 246 131 206 245 130 205 244 129 204 234 119 194 235 120 195 256 141 216 235 120 195 257 142 217 256 141 216 235 120 195 254 139 214 257 142 217 234 119 194 256 141 216 258 143 218 238 123 198 234 119 194 258 143 218 238 123 198 258 143 218 259 144 219 240 125 200 238 123 198 259 144 219 240 125 200 259 144 219 260 145 220 242 127 202 240 125 200 260 145 220 244 129 204 245 130 205 261 146 221 245 130 205 262 147 222 261 146 221 244 129 204 261 146 221 263 148 223 248 133 208 244 129 204 263 148 223 248 133 208 263 148 223 264 149 224 250 135 210 248 133 208 264 149 224 250 135 210 264 149 224 265 150 225 252 137 212 250 135 210 265 150 225 252 137 212 265 150 225 266 151 226 254 139 214 252 137 212 266 151 226 254 139 214 266 151 226 257 142 217 256 141 216 257 142 217 267 152 227 257 142 217 268 153 228 267 152 227 257 142 217 266 151 226 268 153 228 256 141 216 267 152 227 269 154 229 258 143 218 256 141 216 269 154 229 258 143 218 269 154 229 270 155 230 259 144 219 258 143 218 270 155 230 259 144 219 270 155 230 271 156 231 260 145 220 259 144 219 271 156 231 261 146 221 262 147 222 272 157 232 262 147 222 273 158 233 272 157 232 261 146 221 272 157 232 274 159 234 263 148 223 261 146 221 274 159 234 263 148 223 274 159 234 275 160 235 264 149 224 263 148 223 275 160 235 264 149 224 275 160 235 276 161 236 265 150 225 264 149 224 276 161 236 265 150 225 276 161 236 277 162 237 266 151 226 265 150 225 277 162 237 266 151 226 277 162 237 268 153 228 272 157 232 273 158 233 291 176 251 273 158 233 290 175 250 291 176 251 291 176 251 290 175 250 288 173 248 290 175 250 289 174 249 288 173 248 291 176 251 288 173 248 292 177 252 293 178 253 291 176 251 292 177 252 272 157 232 291 176 251 293 178 253 274 159 234 272 157 232 293 178 253 293 178 253 292 177 252 294 179 254 295 180 255 293 178 253 294 179 254 274 159 234 293 178 253 295 180 255 275 160 235 274 159 234 295 180 255 295 180 255 294 179 254 296 181 256 297 182 257 295 180 255 296 181 256 275 160 235 295 180 255 297 182 257 276 161 236 275 160 235 297 182 257 297 182 257 296 181 256 298 183 258 299 184 259 297 182 257 298 183 258 276 161 236 297 182 257 299 184 259 277 162 237 276 161 236 299 184 259 299 184 259 298 183 258 279 164 239 280 165 240 299 184 259 279 164 239 277 162 237 299 184 259 280 165 240 268 153 228 277 162 237 280 165 240 280 165 240 279 164 239 278 163 238 281 166 241 280 165 240 278 163 238 268 153 228 280 165 240 281 166 241 281 166 241 278 163 238 282 167 242 283 168 243 281 166 241 282 167 242 283 168 243 282 167 242 284 169 244 285 170 245 283 168 243 284 169 244 285 170 245 284 169 244 286 171 246 287 172 247 285 170 245 286 171 246 278 163 238 279 164 239 300 185 260 279 164 239 301 186 261 300 185 260 279 164 239 298 183 258 301 186 261 278 163 238 300 185 260 302 187 262 282 167 242 278 163 238 302 187 262 282 167 242 302 187 262 303 188 263 284 169 244 282 167 242 303 188 263 284 169 244 303 188 263 304 189 264 286 171 246 284 169 244 304 189 264 296 181 256 294 179 254 309 194 269 294 179 254 308 193 268 309 194 269 294 179 254 292 177 252 308 193 268 292 177 252 307 192 267 308 193 268 292 177 252 288 173 248 307 192 267 288 173 248 305 190 265 307 192 267 288 173 248 289 174 249 305 190 265 289 174 249 306 191 266 305 190 265 296 181 256 309 194 269 310 195 270 298 183 258 296 181 256 310 195 270 298 183 258 310 195 270 301 186 261 300 185 260 301 186 261 311 196 271 301 186 261 312 197 272 311 196 271 301 186 261 310 195 270 312 197 272 300 185 260 311 196 271 313 198 273 302 187 262 300 185 260 313 198 273 302 187 262 313 198 273 314 199 274 303 188 263 302 187 262 314 199 274 303 188 263 314 199 274 315 200 275 304 189 264 303 188 263 315 200 275 305 190 265 306 191 266 316 201 276 306 191 266 317 202 277 316 201 276 305 190 265 316 201 276 318 203 278 307 192 267 305 190 265 318 203 278 307 192 267 318 203 278 319 204 279 308 193 268 307 192 267 319 204 279 308 193 268 319 204 279 320 205 280 309 194 269 308 193 268 320 205 280 309 194 269 320 205 280 321 206 281 310 195 270 309 194 269 321 206 281 310 195 270 321 206 281 312 197 272 311 196 271 312 197 272 322 207 282 312 197 272 323 208 283 322 207 282 312 197 272 321 206 281 323 208 283 311 196 271 322 207 282 324 209 284 313 198 273 311 196 271 324 209 284 313 198 273 324 209 284 325 210 285 314 199 274 313 198 273 325 210 285 314 199 274 325 210 285 326 211 286 315 200 275 314 199 274 326 211 286 316 201 276 317 202 277 327 212 287 317 202 277 328 213 288 327 212 287 316 201 276 327 212 287 329 214 289 318 203 278 316 201 276 329 214 289 318 203 278 329 214 289 330 215 290 319 204 279 318 203 278 330 215 290 319 204 279 330 215 290 331 216 291 320 205 280 319 204 279 331 216 291 320 205 280 331 216 291 332 217 292 321 206 281 320 205 280 332 217 292 321 206 281 332 217 292 323 208 283 322 207 282 323 208 283 333 218 293 323 208 283 334 219 294 333 218 293 323 208 283 332 217 292 334 219 294 322 207 282 333 218 293 335 220 295 324 209 284 322 207 282 335 220 295 324 209 284 335 220 295 336 221 296 325 210 285 324 209 284 336 221 296 325 210 285 336 221 296 337 222 297 326 211 286 325 210 285 337 222 297 327 212 287 328 213 288 338 223 298 328 213 288 339 224 299 338 223 298 327 212 287 338 223 298 340 225 300 329 214 289 327 212 287 340 225 300 329 214 289 340 225 300 341 226 301 330 215 290 329 214 289 341 226 301 330 215 290 341 226 301 342 227 302 331 216 291 330 215 290 342 227 302 331 216 291 342 227 302 343 228 303 332 217 292 331 216 291 343 228 303 332 217 292 343 228 303 334 219 294 326 211 286 337 222 297 442 325 402 326 211 286 442 325 402 432 315 392 432 315 392 442 325 402 431 314 391 432 315 392 431 314 391 421 304 381 421 304 381 431 314 391 420 303 380 421 304 381 420 303 380 401 284 361 401 284 361 420 303 380 400 283 360 401 284 361 400 283 360 399 282 359 402 285 362 401 284 361 399 282 359 403 286 363 401 284 361 402 285 362 403 286 363 421 304 381 401 284 361 404 287 364 403 286 363 402 285 362 405 288 365 403 286 363 404 287 364 406 289 366 405 288 365 404 287 364 286 171 246 405 288 365 406 289 366 287 172 247 286 171 246 406 289 366 399 282 359 400 283 360 418 301 378 400 283 360 417 300 377 418 301 378 418 301 378 417 300 377 416 299 376 417 300 377 415 298 375 416 299 376 416 299 376 415 298 375 414 297 374 415 298 375 413 296 373 414 297 374 414 297 374 413 296 373 412 295 372 413 296 373 411 294 371 412 295 372 412 295 372 411 294 371 410 293 370 411 294 371 409 292 369 410 293 370 410 293 370 409 292 369 407 290 367 409 292 369 408 291 368 407 290 367 420 303 380 419 302 379 400 283 360 400 283 360 419 302 379 417 300 377 422 305 382 421 304 381 403 286 363 405 288 365 422 305 382 403 286 363 304 189 264 422 305 382 405 288 365 286 171 246 304 189 264 405 288 365 409 292 369 424 307 384 408 291 368 424 307 384 423 306 383 408 291 368 425 308 385 424 307 384 409 292 369 411 294 371 425 308 385 409 292 369 426 309 386 425 308 385 411 294 371 413 296 373 426 309 386 411 294 371 427 310 387 426 309 386 413 296 373 415 298 375 427 310 387 413 296 373 428 311 388 427 310 387 415 298 375 417 300 377 428 311 388 415 298 375 419 302 379 428 311 388 417 300 377 420 303 380 430 313 390 419 302 379 430 313 390 429 312 389 419 302 379 419 302 379 429 312 389 428 311 388 431 314 391 430 313 390 420 303 380 422 305 382 432 315 392 421 304 381 315 200 275 432 315 392 422 305 382 304 189 264 315 200 275 422 305 382 424 307 384 434 317 394 423 306 383 434 317 394 433 316 393 423 306 383 435 318 395 434 317 394 424 307 384 425 308 385 435 318 395 424 307 384 436 319 396 435 318 395 425 308 385 426 309 386 436 319 396 425 308 385 437 320 397 436 319 396 426 309 386 427 310 387 437 320 397 426 309 386 438 321 398 437 320 397 427 310 387 428 311 388 438 321 398 427 310 387 429 312 389 438 321 398 428 311 388 430 313 390 440 323 400 429 312 389 440 323 400 439 322 399 429 312 389 429 312 389 439 322 399 438 321 398 441 324 401 440 323 400 430 313 390 431 314 391 441 324 401 430 313 390 442 325 402 441 324 401 431 314 391 315 200 275 326 211 286 432 315 392 434 317 394 444 327 404 433 316 393 444 327 404 443 326 403 433 316 393 445 328 405 444 327 404 434 317 394 435 318 395 445 328 405 434 317 394 446 329 406 445 328 405 435 318 395 436 319 396 446 329 406 435 318 395 447 330 407 446 329 406 436 319 396 437 320 397 447 330 407 436 319 396 448 331 408 447 330 407 437 320 397 438 321 398 448 331 408 437 320 397 439 322 399 448 331 408 438 321 398 440 323 400 450 333 410 439 322 399 450 333 410 449 332 409 439 322 399 439 322 399 449 332 409 448 331 408 451 334 411 450 333 410 440 323 400 441 324 401 451 334 411 440 323 400 452 335 412 451 334 411 441 324 401 442 325 402 452 335 412 441 324 401 337 222 297 452 335 412 442 325 402 444 327 404 454 337 414 443 326 403 454 337 414 453 336 413 443 326 403 455 338 415 454 337 414 444 327 404 445 328 405 455 338 415 444 327 404 456 339 416 455 338 415 445 328 405 446 329 406 456 339 416 445 328 405 457 340 417 456 339 416 446 329 406 447 330 407 457 340 417 446 329 406 458 341 418 457 340 417 447 330 407 448 331 408 458 341 418 447 330 407 449 332 409 458 341 418 448 331 408 346 231 306 345 230 305 344 229 304 347 232 307 346 231 306 344 229 304 346 231 306 349 234 309 345 230 305 349 234 309 348 233 308 345 230 305 349 234 309 351 236 311 348 233 308 351 236 311 350 235 310 348 233 308 350 235 310 351 236 311 352 237 312 353 238 313 350 235 310 352 237 312 354 239 314 350 235 310 353 238 313 355 240 315 354 239 314 353 238 313 350 235 310 354 239 314 356 241 316 348 233 308 350 235 310 356 241 316 348 233 308 356 241 316 357 242 317 345 230 305 348 233 308 357 242 317 345 230 305 357 242 317 358 243 318 344 229 304 345 230 305 358 243 318 347 232 307 344 229 304 459 342 419 344 229 304 460 343 420 459 342 419 344 229 304 358 243 318 460 343 420 459 342 419 460 343 420 461 344 421 460 343 420 462 345 422 461 344 421 461 344 421 462 345 422 463 346 423 462 345 422 464 347 424 463 346 423 465 348 425 463 346 423 464 347 424 466 349 426 465 348 425 464 347 424 466 349 426 464 347 424 467 350 427 468 351 428 466 349 426 467 350 427 469 352 429 467 350 427 464 347 424 462 345 422 469 352 429 464 347 424 470 353 430 469 352 429 462 345 422 460 343 420 470 353 430 462 345 422 358 243 318 470 353 430 460 343 420 267 152 227 268 153 228 281 166 241 267 152 227 281 166 241 283 168 243 269 154 229 267 152 227 283 168 243 269 154 229 283 168 243 285 170 245 270 155 230 269 154 229 285 170 245 270 155 230 285 170 245 287 172 247 271 156 231 270 155 230 287 172 247 271 156 231 287 172 247 392 275 352 271 156 231 392 275 352 382 265 342 382 265 342 392 275 352 381 264 341 382 265 342 381 264 341 363 248 323 363 248 323 381 264 341 361 246 321 363 248 323 361 246 321 362 247 322 362 247 322 361 246 321 359 244 319 361 246 321 360 245 320 359 244 319 364 249 324 363 248 323 362 247 322 365 250 325 363 248 323 364 249 324 365 250 325 382 265 342 363 248 323 366 251 326 365 250 325 364 249 324 242 127 202 365 250 325 366 251 326 243 128 203 242 127 202 366 251 326 359 244 319 360 245 320 378 244 338 360 245 320 377 260 337 378 244 338 378 244 338 377 260 337 376 261 336 377 260 337 375 260 335 376 261 336 376 261 336 375 260 335 374 259 334 375 260 335 373 258 333 374 259 334 374 259 334 373 258 333 372 257 332 373 258 333 371 256 331 372 257 332 372 257 332 371 256 331 370 255 330 371 256 331 369 254 329 370 255 330 370 255 330 369 254 329 367 252 327 369 254 329 368 253 328 367 252 327 361 246 321 380 263 340 360 245 320 381 264 341 380 263 340 361 246 321 380 263 340 379 262 339 360 245 320 360 245 320 379 262 339 377 260 337 260 145 220 382 265 342 365 250 325 242 127 202 260 145 220 365 250 325 369 254 329 384 267 344 368 253 328 384 267 344 383 266 343 368 253 328 385 268 345 384 267 344 369 254 329 371 256 331 385 268 345 369 254 329 386 269 346 385 268 345 371 256 331 373 258 333 386 269 346 371 256 331 387 270 347 386 269 346 373 258 333 375 260 335 387 270 347 373 258 333 388 271 348 387 270 347 375 260 335 377 260 337 388 271 348 375 260 335 379 262 339 388 271 348 377 260 337 380 263 340 390 273 350 379 262 339 390 273 350 389 272 349 379 262 339 379 262 339 389 272 349 388 271 348 391 274 351 390 273 350 380 263 340 381 264 341 391 274 351 380 263 340 392 275 352 391 274 351 381 264 341 260 145 220 271 156 231 382 265 342 384 267 344 394 277 354 383 266 343 394 277 354 393 276 353 383 266 343 395 278 355 394 277 354 384 267 344 385 268 345 395 278 355 384 267 344 396 279 356 395 278 355 385 268 345 386 269 346 396 279 356 385 268 345 397 280 357 396 279 356 386 269 346 387 270 347 397 280 357 386 269 346 398 281 358 397 280 357 387 270 347 388 271 348 398 281 358 387 270 347 389 272 349 398 281 358 388 271 348 394 277 354 410 293 370 393 276 353 410 293 370 407 290 367 393 276 353 412 295 372 410 293 370 394 277 354 395 278 355 412 295 372 394 277 354 414 297 374 412 295 372 395 278 355 396 279 356 414 297 374 395 278 355 416 299 376 414 297 374 396 279 356 397 280 357 416 299 376 396 279 356 418 301 378 416 299 376 397 280 357 398 281 358 418 301 378 397 280 357 399 282 359 418 301 378 398 281 358 389 272 349 399 282 359 398 281 358 402 285 362 399 282 359 389 272 349 390 273 350 402 285 362 389 272 349 404 287 364 402 285 362 390 273 350 391 274 351 404 287 364 390 273 350 406 289 366 404 287 364 391 274 351 392 275 352 406 289 366 391 274 351 287 172 247 406 289 366 392 275 352</p>
                </triangles>
            </mesh>
        </geometry>
    </library_geometries>
    <library_controllers>
        <controller id="Object_0-controller" name="Object_0">
            <skin source="#Object_0-geometry">
                <bind_shape_matrix>1 0 0 0 0 1 0 0 0 0 1 0 0 0 0 1</bind_shape_matrix>
                <source id="Object_0-joints">
                    <Name_array id="Object_0-joints-array" count="2">Head Spine</Name_array>
                    <technique_common>
                        <accessor count="2" offset="0" source="#Object_0-joints-array" stride="1">
                            <param name="JOINT" type="Name" />
                        </accessor>
                    </technique_common>
                </source>
                <source id="Object_0-matrices">
                    <float_array id="Object_0-matrices-array" count="32">1.051601E-06 1.000001 1.240524E-06 -0.4484554 -0.9999991 1.051279E-06 1.005994E-06 9.926852E-07 1E-06 1.235302E-06 -0.9999988 0.05692681 1E-06 1E-06 1E-06 1.000001 1.051403E-06 0.9961559 0.0876112 -0.2704513 -0.9999991 1.051279E-06 1.005994E-06 9.926852E-07 1.004521E-06 0.0876112 -0.9961538 0.01755667 1E-06 1E-06 1E-06 1.000001</float_array>
                    <technique_common>
                        <accessor count="2" offset="0" source="#Object_0-matrices-array" stride="16">
                            <param name="TRANSFORM" type="float4x4" />
                        </accessor>
                    </technique_common>
                </source>
                <source id="Object_0-weights">
                    <float_array id="Object_0-weights-array" count="3">0.9994001 0.99 0.01</float_array>
                    <technique_common>
                        <accessor count="3" offset="0" source="#Object_0-weights-array" stride="1">
                            <param name="WEIGHT" type="float" />
                        </accessor>
                    </technique_common>
                </source>
                <joints>
                    <input semantic="JOINT" source="#Object_0-joints" />
                    <input semantic="INV_BIND_MATRIX" source="#Object_0-matrices" />
                </joints>
                <vertex_weights count="242">
                    <input semantic="JOINT" source="#Object_0-joints" offset="0" set="0" />
                    <input semantic="WEIGHT" source="#Object_0-weights" offset="1" set="0" />
                    <vcount>1 1 1 1 1 1 1 1 1 1 1 1 1 1 1 1 1 1 1 1 1 1 1 1 1 1 1 1 1 1 1 1 1 1 1 1 1 1 1 1 1 1 1 1 1 1 1 1 1 1 2 1 1 1 1 1 1 1 1 1 1 2 1 1 1 1 1 1 1 1 1 1 1 1 1 1 1 1 1 1 1 1 1 1 1 1 1 1 1 1 1 1 1 1 1 1 1 1 1 1 1 1 1 1 1 1 1 1 1 1 1 1 1 1 1 1 1 1 1 1 1 1 1 1 1 1 1 1 1 1 1 1 1 1 1 1 1 1 1 1 1 1 1 1 1 1 1 1 1 1 1 1 1 1 1 1 1 1 1 1 1 1 1 1 1 1 1 1 1 1 1 1 1 2 1 1 1 1 1 1 1 1 2 1 1 1 1 1 1 1 1 1 1 1 1 1 1 1 1 1 1 1 1 1 1 1 1 1 1 1 1 1 1 1 1 1 1 1 1 1 1 1 1 1 1 1 1 1 1 1 1 1 1 1 1 1 1 1 1 1 1 1</vcount>
                    <v>0 0 0 0 0 0 0 0 0 0 0 0 0 0 0 0 0 0 0 0 0 0 0 0 0 0 0 0 0 0 0 0 0 0 0 0 0 0 0 0 0 0 0 0 0 0 0 0 0 0 0 0 0 0 0 0 0 0 0 0 0 0 0 0 0 0 0 0 0 0 0 0 0 0 0 0 0 0 0 0 0 0 0 0 0 0 0 0 0 0 0 0 0 0 0 0 0 0 0 0 0 1 1 2 0 0 0 0 0 0 0 0 0 0 0 0 0 0 0 0 0 0 0 0 0 1 1 2 0 0 0 0 0 0 0 0 0 0 0 0 0 0 0 0 0 0 0 0 0 0 0 0 0 0 0 0 0 0 0 0 0 0 0 0 0 0 0 0 0 0 0 0 0 0 0 0 0 0 0 0 0 0 0 0 0 0 0 0 0 0 0 0 0 0 0 0 0 0 0 0 0 0 0 0 0 0 0 0 0 0 0 0 0 0 0 0 0 0 0 0 0 0 0 0 0 0 0 0 0 0 0 0 0 0 0 0 0 0 0 0 0 0 0 0 0 0 0 0 0 0 0 0 0 0 0 0 0 0 0 0 0 0 0 0 0 0 0 0 0 0 0 0 0 0 0 0 0 0 0 0 0 0 0 0 0 0 0 0 0 0 0 0 0 0 0 0 0 0 0 0 0 0 0 0 0 0 0 0 0 0 0 0 0 0 0 0 0 0 0 0 0 0 0 0 0 0 0 0 0 0 0 0 0 0 0 0 0 0 0 0 0 0 0 0 0 0 0 0 0 0 0 1 1 2 0 0 0 0 0 0 0 0 0 0 0 0 0 0 0 0 0 1 1 2 0 0 0 0 0 0 0 0 0 0 0 0 0 0 0 0 0 0 0 0 0 0 0 0 0 0 0 0 0 0 0 0 0 0 0 0 0 0 0 0 0 0 0 0 0 0 0 0 0 0 0 0 0 0 0 0 0 0 0 0 0 0 0 0 0 0 0 0 0 0 0 0 0 0 0 0 0 0 0 0 0 0 0 0 0 0 0 0 0 0 0 0 0 0 0 0 0 0 0 0 0 0 0 0 0 0 0 0 0 0 0 0 0 0 0 0 0 0</v>
                </vertex_weights>
            </skin>
        </controller>
        <controller id="Object_1-controller" name="Object_1">
            <skin source="#Object_1-geometry">
                <bind_shape_matrix>1 0 0 0 0 1 0 0 0 0 1 0 0 0 0 1</bind_shape_matrix>
                <source id="Object_1-joints">
                    <Name_array id="Object_1-joints-array" count="16">Tail6 Tail5 Hips Tail1 Tail2 Tail3 Tail4 LThigh Spine Head UpperJaw RThigh RFoot RToe LFoot LToe</Name_array>
                    <technique_common>
                        <accessor count="16" offset="0" source="#Object_1-joints-array" stride="1">
                            <param name="JOINT" type="Name" />
                        </accessor>
                    </technique_common>
                </source>
                <source id="Object_1-matrices">
                    <float_array id="Object_1-matrices-array" count="256">1.007358E-06 1.049571E-06 -0.9999989 -0.757203 -0.9999992 1.051589E-06 9.986363E-07 9.935366E-07 9.480885E-07 -0.999999 1.029212E-06 0.131424 1E-06 1E-06 1E-06 1.000001 1.007358E-06 1.049571E-06 -0.9999989 -0.624973 -0.9999992 1.051589E-06 9.986363E-07 9.935366E-07 9.480885E-07 -0.999999 1.029212E-06 0.131424 1E-06 1E-06 1E-06 1.000001 1.035511E-06 -0.9999989 9.949833E-07 0.139104 1.000001 1.035834E-06 1.001364E-06 9.94974E-07 1.007358E-06 9.899668E-07 -0.9999987 0.03032899 1E-06 1E-06 1E-06 1.000001 1.007358E-06 1.049571E-06 -0.9999989 -0.157147 -0.9999992 1.051589E-06 9.986363E-07 9.935366E-07 9.480885E-07 -0.999999 1.029212E-06 0.131424 1E-06 1E-06 1E-06 1.000001 1.007358E-06 1.049571E-06 -0.9999989 -0.274304 -0.9999992 1.051589E-06 9.986363E-07 9.935366E-07 9.480885E-07 -0.999999 1.029212E-06 0.131424 1E-06 1E-06 1E-06 1.000001 1.007358E-06 1.049571E-06 -0.9999989 -0.384975 -0.9999992 1.051589E-06 9.986363E-07 9.935366E-07 9.480885E-07 -0.999999 1.029212E-06 0.131424 1E-06 1E-06 1E-06 1.000001 1.007358E-06 1.049571E-06 -0.9999989 -0.516501 -0.9999992 1.051589E-06 9.986363E-07 9.935366E-07 9.480885E-07 -0.999999 1.029212E-06 0.131424 1E-06 1E-06 1E-06 1.000001 1.035511E-06 -0.9999989 9.949833E-07 0.130752 0.9496467 1.030886E-06 -0.3133261 -0.1276602 -0.3133262 9.792442E-07 -0.9496443 0.03510854 1E-06 1E-06 1E-06 1.000001 1.051403E-06 0.9961559 0.0876112 -0.2704513 -0.9999991 1.051279E-06 1.005994E-06 9.926852E-07 1.004521E-06 0.0876112 -0.9961538 0.01755667 1E-06 1E-06 1E-06 1.000001 1.051601E-06 1.000001 1.240524E-06 -0.4484554 -0.9999991 1.051279E-06 1.005994E-06 9.926852E-07 1E-06 1.235302E-06 -0.9999988 0.05692681 1E-06 1E-06 1E-06 1.000001 1.017649E-06 0.3420213 0.9396932 -0.4091852 -0.9999991 1.051279E-06 1.005994E-06 3.992685E-06 1.048489E-06 0.9396933 -0.3420193 -0.3514907 1E-06 1E-06 1E-06 1.000001 1.035511E-06 -0.9999989 9.949833E-07 0.130752 0.9496467 1.037173E-06 0.3133281 0.1276622 0.3133283 1.0017E-06 -0.9496443 0.03510854 1E-06 1E-06 1E-06 1.000001 -0.3133262 9.386956E-07 0.9496464 -0.03510655 0.9496467 1.037173E-06 0.3133281 0.1276622 1.054187E-06 -0.999999 9.383801E-07 0.05811498 1E-06 1E-06 1E-06 1.000001 -0.3133262 9.386956E-07 0.9496464 -0.1548225 0.9496467 1.037173E-06 0.3133281 0.1276622 1.054187E-06 -0.999999 9.383801E-07 0.02400698 1E-06 1E-06 1E-06 1.000001 0.3133283 9.611512E-07 0.9496464 -0.03510655 0.9496467 1.030886E-06 -0.3133261 -0.1276602 1.016836E-06 -0.999999 9.383801E-07 0.05811499 1E-06 1E-06 1E-06 1.000001 0.3133283 9.611512E-07 0.9496464 -0.1548226 0.9496467 1.030886E-06 -0.3133261 -0.1276602 1.016836E-06 -0.999999 9.383801E-07 0.02400699 1E-06 1E-06 1E-06 1.000001</float_array>
                    <technique_common>
                        <accessor count="16" offset="0" source="#Object_1-matrices-array" stride="16">
                            <param name="TRANSFORM" type="float4x4" />
                        </accessor>
                    </technique_common>
                </source>
                <source id="Object_1-weights">
                    <float_array id="Object_1-weights-array" count="252">0.5800018 0.4199982 0.6399994 0.3600006 0.6300011 0.3699989 0.6500015 0.3499985 0.9499998 0.04999924 0.9899998 0.01000023 0.6499996 0.3299999 0.02000046 0.6700001 0.3100004 0.6800003 0.3000002 0.7000008 0.1699982 0.1300001 0.7099991 0.1599998 0.2099991 0.09000015 0.5499992 0.4099998 0.04000092 0.6020393 0.377552 0.02040863 0.7200012 0.1800003 0.09999847 0.5200005 0.4000015 0.08000183 0.3300018 0.02999878 0.7999992 0.1300011 0.06999969 0.6699982 0.3100014 0.5204086 0.4591846 0.02040768 0.515152 0.4545441 0.03030396 0.2199993 0.2599983 0.5099983 0.4799995 0.7400017 0.4700012 0.009998322 0.9300003 0.9099998 0.9200001 0.07999992 0.9399996 0.06000042 0.96 0.03999996 0.01 0.8999996 0.05000019 0.9799995 0.9700003 0.9994001 0.02999973 0.1000004 0.8900003 0.1099997 0.8599997 0.8500004 0.1499996 0.8000002 0.1899996 0.8800001 0.1199999 0.1400003 0.7700005 0.1999998 0.03 0.8299999 0.08000001 0.75 0.2200003 0.03 0.6199999 0.37 0.00999999 0.18 0.79 0.19 0.36 0.01999998 0.34 0.2 0.33 0.04999995 0.32 0.05999994 0.43 0.3800001 0.1900001 0.44 0.1800001 0.8699999 0.09 0.8400002 0.16 0.7200003 0.28 0.12 0.08 0.1700001 0.8199997 0.04 0.23 0.59 0.2799997 0.5 0.4399996 0.4300003 0.06999993 0.47 0.3499999 0.54 0.28 0.3699999 0.46 0.1600001 0.6100001 0.39 0.51 0.49 0.52 0.48 0.38 0.58 0.1400001 0.2600002 0.1500001 0.45 0.53 0.3400002 0.8499999 0.15 0.9100001 0.8399999 0.7 0.3 0.78 0.22 0.6900001 0.31 0.5699999 0.5899999 0.41 0.25 0.6300001 0.8 0.3599997 0.5500002 0.5999999 0.4 0.77 0.9400001 0.06 0.0999999 0.59 0.22 0.6 0.2299995 0.52 0.74 0.26 0.17 0.8099999 0.72 0.9000001 0.1 0.8600001 0.14 0.9300001 0.07 0.97 0.98 0.02 0.99 0.71 0.29 0.6399999 0.55 0.3 0.27 0.4000001 0.4100001 0.53 0.4200001 0.4400001 0.95 0.05 0.21 0.5699997 0.35 0.4499998 0.57 0.54 0.6600001 0.8899999 0.11 0.05999947 0.03000069 0.1100006 0.1299992 0.1900005 0.1200008 0.1399994 0.2000008 0.8799992 0.6599998 0.6299992 0.3700008 0.9699993 0.5900002 0.9993992 0.5400009 0.4599991 0.5300007 0.4699993 0.8099995 0.5100002 0.4899998 0.9599991 0.2900009 0.8700008 0.2999992 0.8600006 0.9400005 0.960001 0.6000004 0.3999996 0.46 0.4700003 0.8100004 0.29 0.6999998</float_array>
                    <technique_common>
                        <accessor count="252" offset="0" source="#Object_1-weights-array" stride="1">
                            <param name="WEIGHT" type="float" />
                        </accessor>
                    </technique_common>
                </source>
                <joints>
                    <input semantic="JOINT" source="#Object_1-joints" />
                    <input semantic="INV_BIND_MATRIX" source="#Object_1-matrices" />
                </joints>
                <vertex_weights count="1683">
                    <input semantic="JOINT" source="#Object_1-joints" offset="0" set="0" />
                    <input semantic="WEIGHT" source="#Object_1-weights" offset="1" set="0" />
                    <vcount>2 2 2 2 2 2 2 2 2 2 2 2 2 3 3 2 3 2 3 2 3 3 3 3 3 3 3 3 3 3 3 3 3 3 3 3 3 3 3 3 3 3 3 3 3 3 3 3 3 3 3 3 3 3 3 3 3 3 3 3 3 3 3 3 3 3 3 3 3 3 3 3 3 3 3 3 3 3 3 3 3 3 3 3 3 3 3 3 3 3 3 3 3 3 3 3 3 3 3 3 3 3 3 3 3 3 2 2 2 2 2 2 3 3 3 2 3 2 1 1 2 2 2 2 2 2 2 3 3 2 1 1 2 3 1 3 2 2 2 2 2 2 2 2 2 2 2 2 2 1 1 2 2 1 2 1 2 2 2 2 2 2 2 1 2 1 2 1 2 2 2 2 2 3 3 2 3 2 3 2 2 3 2 3 3 3 3 3 3 3 3 3 3 3 3 2 2 3 3 3 3 3 3 3 3 2 2 2 2 3 3 3 3 3 3 3 3 3 3 3 3 3 3 3 3 3 3 3 3 2 2 3 3 3 2 2 2 3 3 3 3 2 2 3 3 3 3 3 3 3 3 2 2 2 2 3 3 3 3 3 3 3 3 3 3 2 2 2 2 2 2 2 2 2 2 2 2 2 2 2 2 2 2 3 3 2 2 2 2 3 3 3 3 2 2 2 2 3 3 3 3 2 2 2 2 1 1 1 1 2 2 2 2 1 1 1 1 2 2 2 2 1 1 1 1 1 1 1 1 1 2 1 1 1 1 2 2 2 2 2 2 3 3 3 3 3 3 3 3 3 3 3 3 3 3 3 3 3 3 3 3 3 3 3 3 2 3 2 2 2 2 2 2 2 1 1 1 1 1 2 2 1 1 1 3 2 3 3 3 3 3 3 3 3 3 3 3 2 2 1 1 1 1 1 1 1 1 1 1 1 1 1 2 2 2 2 2 2 3 3 3 3 2 2 3 3 3 2 2 3 3 3 3 2 2 2 2 2 1 1 1 1 1 1 2 2 2 3 3 3 3 3 3 3 2 2 2 1 1 1 2 1 1 2 2 1 1 1 1 1 1 1 1 1 1 1 1 2 1 1 1 1 1 1 1 1 1 1 1 1 1 1 1 1 1 1 1 1 1 1 1 1 1 1 1 1 1 1 1 1 1 1 1 1 1 1 1 1 1 1 1 1 1 1 1 1 1 1 1 1 1 1 1 1 1 1 1 1 1 1 1 1 1 1 1 1 2 1 1 2 2 2 2 2 2 2 2 2 1 2 2 2 2 2 2 2 2 2 2 2 2 2 2 2 2 2 2 2 2 2 2 2 2 2 2 2 2 2 2 2 2 2 2 2 2 2 2 2 2 2 3 2 2 3 2 3 2 3 3 3 3 3 3 3 3 3 3 3 3 3 3 3 3 3 3 3 3 3 3 3 3 3 3 3 3 3 3 3 3 3 3 3 3 3 3 3 3 3 3 3 3 3 3 3 3 3 3 3 3 3 3 3 3 3 3 3 3 3 3 3 3 3 3 3 3 3 2 2 2 2 2 2 3 3 3 3 2 2 2 2 2 2 2 2 3 3 2 2 3 3 2 2 2 2 2 2 2 2 2 2 2 2 2 2 2 2 2 2 2 2 2 2 2 2 2 2 2 2 2 2 3 3 3 2 2 3 2 2 3 2 3 3 3 3 3 3 3 3 3 3 2 3 3 2 3 3 3 3 3 3 2 2 2 2 3 3 3 3 3 3 3 3 3 3 3 3 3 3 3 3 3 3 3 3 3 3 2 2 3 2 3 3 3 3 2 2 3 3 3 3 3 3 3 3 2 2 2 2 3 3 3 3 3 3 3 3 3 2 2 2 2 2 2 2 2 2 2 2 2 2 2 2 2 3 3 2 2 2 2 3 3 3 3 2 2 2 2 3 3 3 3 2 2 2 2 1 1 1 1 2 2 2 2 1 1 1 1 2 2 1 1 1 1 1 1 1 1 2 1 1 1 1 1 2 2 2 2 2 2 3 3 3 3 3 3 3 3 3 3 3 3 3 3 3 3 3 3 3 3 3 3 3 3 2 2 2 2 2 2 2 1 1 1 1 2 2 1 1 1 3 3 3 3 3 3 3 3 3 3 3 2 3 2 1 1 1 1 1 1 1 1 1 1 1 1 2 1 2 2 2 2 2 3 3 3 2 2 3 3 3 3 2 2 2 2 1 2 1 1 1 1 1 2 2 2 3 3 3 3 3 3 3 2 2 2 1 1 1 1 1 2 2 2 1 1 1 1 1 1 1 1 2 1 1 1 1 1 1 1 1 1 1 1 1 1 1 1 1 1 1 1 1 1 1 1 1 1 1 1 1 1 1 1 1 1 1 1 1 1 1 1 1 1 1 1 1 1 1 1 1 1 1 1 1 1 1 1 1 1 1 1 1 1 1 2 1 1 2 2 2 2 2 2 2 2 2 1 2 2 2 2 2 2 2 2 2 2 2 2 2 2 2 2 2 2 2 2 2 2 2 2 2 2 2 2 2 2 2 2 2 2 2 2 2 2 2 2 2 2 2 2 2 2 2 2 2 2 2 2 2 2 2 2 2 2 2 2 2 2 2 2 2 2 2 2 2 2 2 2 2 2 2 2 1 1 2 1 1 1 1 2 2 2 2 2 2 2 2 2 1 1 1 1 2 2 2 2 2 2 2 2 1 1 1 1 2 3 3 2 3 2 2 2 2 2 2 2 2 2 2 2 2 2 2 2 3 2 2 3 3 2 2 2 2 2 2 2 2 2 2 3 2 2 1 1 2 2 2 3 2 3 2 2 2 2 2 2 2 2 2 2 1 1 1 1 2 2 1 1 1 1 1 2 2 1 2 2 2 2 2 2 2 2 2 2 2 2 2 2 2 2 2 2 1 2 2 1 1 2 1 1 1 2 2 2 2 2 2 2 1 1 1 1 2 2 2 2 2 2 2 2 1 1 1 1 3 3 2 2 2 2 2 2 2 2 2 2 2 2 2 2 2 2 3 3 2 2 2 2 2 2 2 3 2 2 1 1 2 2 3 2 3 2 2 2 2 2 2 2 2 2 1 1 1 1 2 2 1 1 1 1 2 2 1 1 2 2 2 2 2 2 2 2 2 2 2 2 2 2 2 2 2 2 2 2 2 2 2 2 2 2 2 2 2 2 2 2 2 2 2 2 2 2 2 2 2 2 2 2 2 2 2 2 2 2 2 2 2 2 2 2 2 2 2 2 2 2 2 2 2 2 2 2 2 2 2 1 2 2 1 1 2 1 1 1 2 2 2 2 2 2 2 2 2 1 1 1 1 2 2 2 2 2 2 2 2 1 1 1 1 3 3 2 2 3 2 2 2 2 2 2 2 2 2 2 2 2 2 2 2 2 2 3 3 3 2 2 2 2 2 2 2 2 2 2 3 2 2 1 1 2 2 3 2 3 2 2 2 2 2 2 2 2 2 2 2 1 1 1 1 2 2 1 1 1 1 2 2 1 1 2 2 2 2 2 2 2 2 2 2 2 2 2 2 2 2 2 2 2 2 1 1 2 1 1 1 1 2 2 2 2 2 2 2 1 1 1 1 2 2 2 2 2 2 2 2 1 1 1 1 2 3 3 2 2 2 2 2 2 2 2 2 2 2 2 2 3 2 2 3 2 2 2 2 2 2 2 3 2 2 1 1 2 2 2 3 2 3 2 2 2 2 2 2 2 2 1 1 1 1 2 2 1 1 1 1 1 2 2 1 2 2 2 2 2 2 2 2 2 2 2 2 2 2 2 2 2 2 2 2 2 2 2</vcount>
                    <v>0 0 1 1 0 0 1 1 0 2 1 3 0 4 1 5 0 0 1 1 0 0 1 1 0 4 1 5 0 2 1 3 0 0 1 1 0 2 1 3 0 6 1 7 2 8 3 9 2 10 3 11 3 12 2 13 4 14 3 15 2 16 4 14 2 8 3 9 3 15 2 16 4 14 2 8 3 9 3 17 2 18 4 14 2 10 3 11 3 12 2 13 4 14 3 19 4 20 2 21 3 22 4 23 2 21 3 19 4 20 2 21 3 19 4 20 2 21 3 19 4 20 2 21 5 19 6 24 4 25 5 19 6 24 4 25 5 26 6 27 4 28 5 26 6 27 4 28 5 19 6 24 4 25 5 26 6 27 4 28 5 19 6 24 4 25 5 26 6 27 4 28 5 19 6 24 4 25 5 26 6 27 4 28 6 29 5 30 4 31 6 29 5 30 4 31 6 29 5 30 4 31 6 29 5 30 4 31 6 29 5 30 4 31 6 32 5 33 1 34 6 32 5 33 1 34 6 32 5 33 1 34 6 32 5 33 1 34 6 32 5 33 1 34 6 35 1 36 5 37 6 35 1 36 5 37 6 35 1 36 5 37 6 35 1 36 5 37 6 35 1 36 5 37 1 2 6 38 5 39 1 2 6 38 5 39 1 2 6 38 5 39 1 2 6 38 5 39 1 2 6 38 5 39 1 40 6 20 0 39 1 40 6 20 0 39 1 40 6 20 0 39 1 40 6 20 0 39 1 40 6 20 0 39 1 40 0 41 6 42 1 40 0 41 6 42 1 40 0 41 6 42 1 40 0 41 6 42 1 40 0 41 6 42 1 43 0 44 6 14 1 43 0 44 6 14 1 43 0 44 6 14 1 43 0 44 6 14 1 43 0 44 6 14 4 45 3 46 2 47 4 48 3 49 5 50 4 48 3 49 5 50 4 48 3 49 5 50 4 45 3 46 2 47 4 19 3 51 5 37 4 19 3 51 5 37 4 19 3 51 5 37 4 19 3 51 5 37 4 19 3 51 5 37 4 43 5 52 3 42 4 43 5 52 3 42 4 43 5 52 3 42 4 43 5 52 3 42 4 43 5 52 3 42 5 53 4 54 3 11 5 53 4 54 3 11 5 53 4 54 3 11 5 53 4 54 3 11 5 53 4 54 3 11 5 43 4 44 6 14 5 43 4 44 6 14 5 43 4 44 6 14 5 43 4 44 6 14 5 43 4 44 6 14 5 55 4 20 6 25 5 55 4 20 6 25 5 55 4 20 6 25 5 55 4 20 6 25 5 55 4 20 6 25 1 35 0 56 6 57 1 35 0 56 6 57 1 35 0 56 6 57 1 35 0 56 6 57 1 35 0 56 6 57 2 58 7 42 2 59 7 25 2 60 7 61 2 62 7 63 2 64 7 65 2 64 7 65 2 60 7 42 8 66 2 67 7 25 8 66 2 62 7 68 8 66 2 69 7 14 2 70 7 14 8 66 2 69 7 14 2 71 2 71 2 10 8 66 2 62 7 63 2 62 7 63 2 60 7 61 2 60 7 61 2 64 7 65 2 64 7 65 2 59 7 61 8 66 2 58 7 63 8 66 2 69 7 14 2 71 2 71 2 69 7 14 2 69 8 66 7 11 2 71 2 8 7 65 8 66 2 62 7 63 2 60 7 61 2 62 7 63 2 59 7 25 2 64 7 65 2 70 7 72 2 62 7 63 2 62 7 63 2 67 7 73 2 59 7 25 2 70 7 72 2 70 7 72 2 10 7 11 2 71 2 71 2 10 7 11 2 10 7 11 2 71 2 10 7 11 2 71 2 62 7 63 2 60 7 61 2 64 7 65 2 62 7 63 2 70 7 72 2 60 7 61 2 10 7 11 2 71 2 10 7 11 2 71 2 10 7 11 2 71 2 70 7 72 2 62 7 63 2 59 7 25 2 59 7 25 2 74 7 75 2 67 7 25 8 66 2 76 7 21 8 66 2 77 7 78 2 79 7 80 8 66 2 77 7 78 2 79 7 80 8 66 2 59 7 25 2 67 7 73 2 67 7 25 8 66 2 81 7 82 2 77 7 83 8 66 2 81 7 75 8 66 2 84 7 85 8 86 2 87 7 25 8 88 2 87 7 25 8 88 2 89 7 90 8 91 2 92 8 93 9 94 2 79 8 95 7 14 2 96 8 97 7 14 2 92 8 98 9 99 2 92 8 100 9 65 2 92 8 100 9 65 2 79 8 101 2 79 8 101 2 92 8 102 9 103 2 92 8 104 9 105 8 106 2 107 9 108 8 109 2 107 9 110 2 111 8 112 7 65 2 59 7 63 8 91 2 60 7 68 8 91 2 81 8 112 7 72 2 113 8 114 2 17 8 104 2 115 8 116 2 81 8 117 2 96 8 97 7 14 2 92 8 98 9 99 2 92 8 98 9 99 2 96 8 97 7 14 2 96 8 97 7 14 2 92 8 98 9 99 2 92 8 98 9 99 2 96 8 97 7 14 2 76 8 118 7 63 2 111 7 73 8 91 2 79 7 119 8 91 2 87 7 25 8 88 2 87 7 25 8 88 2 120 7 78 8 91 2 76 7 75 8 91 2 87 7 25 8 88 2 92 8 98 9 99 2 96 8 97 7 14 2 96 8 97 7 14 2 92 8 98 9 99 2 64 8 121 2 59 8 112 2 74 8 112 7 14 2 8 8 86 7 14 2 8 8 86 7 14 2 59 8 112 2 60 8 118 2 70 8 91 2 67 7 42 8 86 2 111 8 118 7 68 2 76 8 118 7 63 2 74 7 61 8 86 2 84 8 122 2 70 8 91 8 123 2 124 9 21 8 125 2 126 9 105 8 125 2 127 9 128 8 123 2 124 9 21 8 129 9 130 2 33 8 131 9 132 2 33 8 125 2 133 9 21 8 134 2 107 9 135 9 136 8 137 9 138 8 139 9 140 8 141 9 92 8 142 8 143 2 124 9 144 8 125 2 127 9 128 8 125 2 127 9 128 8 123 2 145 9 146 8 109 9 107 2 33 8 147 9 133 2 33 2 54 8 129 9 103 8 148 2 16 9 135 8 125 2 149 9 135 2 35 8 106 9 103 9 150 8 151 9 60 8 118 9 152 8 112 9 153 8 114 9 152 8 112 9 153 8 114 9 154 8 155 9 156 8 157 9 158 8 159 9 160 8 106 9 161 8 162 9 89 8 163 9 156 8 157 9 136 8 137 9 164 8 93 9 165 8 101 9 148 8 129 9 164 8 93 8 139 2 166 9 146 2 167 8 137 9 105 9 168 8 169 9 170 8 122 9 170 8 122 9 168 8 169 8 125 2 127 9 128 8 143 2 124 9 144 8 123 2 124 9 21 8 125 2 127 9 128 9 165 8 101 9 171 8 172 9 150 8 151 9 154 8 155 8 140 2 107 9 173 8 174 9 175 2 80 8 176 2 177 9 119 8 178 2 27 9 128 9 179 8 180 9 87 8 181 9 182 8 97 9 183 8 116 9 71 9 71 9 71 9 71 9 184 8 185 9 182 8 97 9 186 8 187 9 188 8 189 9 71 9 71 9 71 9 71 9 190 8 91 9 191 8 192 9 193 8 66 9 190 8 91 9 71 9 71 9 71 9 71 9 71 9 71 9 71 9 71 9 71 9 193 10 11 9 71 9 71 9 71 9 71 9 184 8 185 9 190 8 91 9 64 8 121 9 184 8 185 9 165 8 101 9 194 8 195 9 196 8 159 2 68 9 164 8 104 2 68 9 160 8 142 2 68 9 125 8 147 2 68 8 197 9 107 2 42 8 176 9 198 2 73 8 176 9 163 2 78 8 143 9 132 2 83 8 176 9 163 2 78 8 176 9 163 2 78 8 176 9 163 2 78 8 176 9 163 2 78 8 197 9 132 2 119 8 131 9 132 2 33 8 131 9 199 2 80 8 197 9 200 2 68 8 131 9 201 2 68 8 131 9 201 2 68 8 202 9 203 2 68 8 131 9 201 2 68 8 131 9 201 2 68 8 202 9 203 2 68 8 131 9 201 2 68 8 138 9 204 2 68 9 168 8 169 8 139 9 139 2 14 2 79 8 101 2 79 8 101 9 60 8 118 9 184 8 185 9 205 8 206 9 64 8 121 9 190 8 91 9 71 9 71 9 71 9 71 9 71 9 193 8 66 9 193 8 66 9 71 9 71 9 71 2 8 8 86 7 14 2 64 8 121 2 60 7 68 8 91 2 59 7 63 8 91 2 67 7 42 8 86 2 74 7 61 8 86 2 76 7 75 8 91 2 120 7 78 8 91 2 84 7 85 8 86 2 89 7 90 8 91 2 79 7 119 8 91 2 111 7 73 8 91 2 8 8 86 7 14 2 70 8 91 2 69 8 192 9 71 9 71 9 71 9 71 9 71 9 71 9 71 9 71 9 71 9 71 9 71 9 71 9 71 9 193 10 11 9 171 8 172 9 96 8 207 9 154 8 155 9 136 8 137 9 138 8 139 8 197 9 200 2 68 8 202 9 199 2 85 8 141 2 133 9 146 2 208 8 142 9 103 2 79 8 101 2 10 8 66 2 60 7 68 8 91 2 60 7 68 8 91 2 74 8 112 7 14 2 87 8 181 2 12 8 209 8 125 2 210 9 103 8 211 2 124 9 146 8 143 9 199 2 78 8 202 9 203 2 68 9 212 8 134 9 213 8 100 9 170 8 122 9 186 8 187 9 193 8 66 9 71 9 71 9 71 9 71 9 71 9 71 9 193 8 66 9 165 8 101 9 168 8 169 8 197 9 107 2 42 8 174 9 175 2 80 8 140 2 107 9 173 2 92 8 98 9 99 2 96 8 97 7 14 2 111 8 118 7 68 2 67 7 42 8 86 9 193 8 66 9 193 8 66 9 193 8 66 9 71 9 71 9 71 9 191 8 192 9 71 9 71 9 191 8 192 9 205 8 206 9 71 9 71 9 71 9 71 9 71 9 71 9 71 9 71 9 71 9 71 9 71 9 71 9 193 8 66 9 71 9 71 9 71 9 71 9 71 9 71 9 71 9 71 9 71 9 71 9 71 9 71 9 71 9 71 9 71 9 71 9 71 9 71 9 71 9 71 9 71 9 71 9 71 9 71 9 71 9 71 9 71 9 71 9 71 9 71 9 71 9 71 9 71 9 71 9 71 9 71 9 71 9 71 9 71 9 71 9 71 9 71 9 71 9 71 9 71 9 71 9 71 9 71 9 71 9 71 9 71 9 71 9 71 9 71 9 71 9 71 9 71 9 71 9 71 9 71 9 71 9 71 9 71 9 71 9 71 9 71 9 71 9 71 9 193 8 66 9 71 9 71 9 81 8 117 9 81 8 117 9 214 8 215 9 152 8 112 9 171 8 172 9 64 8 121 9 190 8 91 9 190 8 91 9 190 8 91 9 71 9 165 8 101 9 154 8 155 9 164 8 93 9 136 8 137 9 168 8 169 9 168 8 169 9 161 8 162 9 160 8 106 9 212 8 134 9 148 8 129 9 140 8 141 9 138 8 139 9 138 8 139 9 184 8 185 9 193 8 66 9 191 8 192 9 205 8 206 9 190 8 91 9 190 8 91 9 191 8 192 9 60 8 118 9 205 8 206 9 184 8 185 2 64 8 121 2 69 8 192 2 59 8 112 2 10 3 11 2 10 3 11 2 8 3 9 2 8 3 9 2 8 3 9 2 10 8 66 0 0 1 1 0 4 1 5 0 4 1 5 0 0 1 1 0 0 1 1 0 2 1 3 0 2 1 3 0 0 1 1 0 6 1 7 3 12 2 13 4 14 2 10 3 11 2 8 3 9 3 15 2 16 4 14 2 8 3 9 3 15 2 16 4 14 2 8 3 9 3 17 2 18 4 14 3 19 4 20 2 21 3 22 4 23 2 21 3 19 4 20 2 21 3 19 4 20 2 21 5 26 6 27 4 28 5 19 6 24 4 25 5 19 6 24 4 25 5 26 6 27 4 28 5 19 6 24 4 25 5 26 6 27 4 28 5 19 6 24 4 25 5 26 6 27 4 28 6 29 5 30 4 31 6 29 5 30 4 31 6 29 5 30 4 31 6 29 5 30 4 31 6 32 5 33 1 34 6 32 5 33 1 34 6 32 5 33 1 34 6 32 5 33 1 34 6 35 1 36 5 37 6 35 1 36 5 37 6 35 1 36 5 37 6 35 1 36 5 37 1 2 6 38 5 39 1 2 6 38 5 39 1 2 6 38 5 39 1 2 6 38 5 39 1 40 6 20 0 39 1 40 6 20 0 39 1 40 6 20 0 39 1 40 6 20 0 39 1 40 0 41 6 42 1 40 0 41 6 42 1 40 0 41 6 42 1 40 0 41 6 42 1 43 0 44 6 14 1 43 0 44 6 14 1 43 0 44 6 14 1 43 0 44 6 14 4 45 3 46 2 47 4 48 3 49 5 50 4 48 3 49 5 50 4 48 3 49 5 50 4 19 3 51 5 37 4 19 3 51 5 37 4 19 3 51 5 37 4 19 3 51 5 37 4 43 5 52 3 42 4 43 5 52 3 42 4 43 5 52 3 42 4 43 5 52 3 42 5 53 4 54 3 11 5 53 4 54 3 11 5 53 4 54 3 11 5 53 4 54 3 11 5 43 4 44 6 14 5 43 4 44 6 14 5 43 4 44 6 14 5 43 4 44 6 14 5 55 4 20 6 25 5 55 4 20 6 25 5 55 4 20 6 25 5 55 4 20 6 25 1 35 0 56 6 57 1 35 0 56 6 57 1 35 0 56 6 57 1 35 0 56 6 57 2 60 11 61 2 59 11 25 2 58 11 42 2 62 11 216 2 64 11 28 2 64 11 28 2 60 11 42 8 66 2 67 11 25 8 66 2 62 11 9 8 66 2 70 11 14 8 66 2 69 11 14 2 69 11 14 2 60 11 61 2 62 11 216 2 62 11 216 2 60 11 61 2 64 11 28 2 64 11 28 2 58 11 216 8 66 2 59 11 61 8 66 2 69 11 14 2 69 11 14 2 69 8 66 11 11 2 8 11 28 8 66 2 60 11 61 2 62 11 216 2 59 11 25 2 62 11 216 2 70 11 217 2 64 11 28 2 67 11 73 2 62 11 216 2 62 11 216 2 59 11 25 2 70 11 217 2 70 11 217 2 10 11 11 2 10 11 11 2 10 11 11 2 10 11 11 2 62 11 216 2 60 11 61 2 64 11 28 2 70 11 217 2 62 11 216 2 60 11 61 2 10 11 11 2 10 11 11 2 10 11 11 2 70 11 217 2 59 11 25 2 62 11 216 2 59 11 25 2 74 11 218 2 67 11 25 8 66 2 76 11 219 8 66 2 79 11 220 8 66 2 77 11 78 2 77 11 78 2 79 11 220 8 66 2 59 11 25 2 67 11 73 2 67 11 25 8 66 2 81 11 221 2 77 11 222 8 66 2 81 11 218 8 66 2 87 11 25 8 88 2 87 11 25 8 88 2 84 11 223 8 86 2 89 11 51 8 91 2 96 8 97 11 14 2 79 8 95 11 14 2 92 8 93 9 94 2 92 8 98 9 99 2 79 8 101 2 92 8 100 9 65 2 92 8 100 9 65 2 79 8 101 2 92 8 102 9 103 8 109 2 107 9 110 2 60 11 9 8 91 2 59 11 216 8 91 2 111 8 112 11 28 2 81 8 112 11 217 2 115 8 116 2 17 8 104 2 113 8 114 2 81 8 117 2 92 8 98 9 99 2 92 8 98 9 99 2 96 8 97 11 14 2 96 8 97 11 14 2 92 8 98 9 99 2 92 8 98 9 99 2 96 8 97 11 14 2 96 8 97 11 14 2 79 11 119 8 91 2 111 11 73 8 91 2 76 8 118 11 216 2 87 11 25 8 88 2 76 11 218 8 91 2 120 11 78 8 91 2 87 11 25 8 88 2 87 11 25 8 88 2 96 8 97 11 14 2 96 8 97 11 14 2 92 8 98 9 99 2 92 8 98 9 99 2 74 8 112 11 14 2 8 8 86 11 14 2 60 8 118 2 59 8 112 2 8 8 86 11 14 2 70 8 91 2 76 8 118 11 216 2 111 8 118 11 9 2 67 11 42 8 86 2 74 11 61 8 86 2 84 8 122 2 70 8 91 8 125 2 127 9 128 8 125 2 126 9 105 8 123 2 124 9 21 8 123 2 124 9 21 8 125 2 133 9 21 8 131 9 132 2 33 8 129 9 130 2 33 8 134 2 107 9 135 9 140 8 141 9 138 8 139 9 136 8 137 9 92 8 142 8 125 2 127 9 128 8 125 2 127 9 128 8 143 2 124 9 144 8 123 2 145 9 146 8 147 9 133 2 33 8 125 2 149 9 135 8 148 2 16 9 135 2 54 8 129 9 103 2 35 8 106 9 103 9 152 8 112 9 153 8 114 9 154 8 155 9 153 8 114 9 152 8 112 9 156 8 157 9 161 8 162 9 160 8 106 9 158 8 159 9 89 8 163 9 164 8 93 9 136 8 137 9 156 8 157 9 165 8 101 9 164 8 93 9 148 8 129 2 167 8 137 9 105 8 139 2 166 9 146 9 170 8 122 9 170 8 122 9 168 8 169 9 168 8 169 8 123 2 124 9 21 8 143 2 124 9 144 8 125 2 127 9 128 8 125 2 127 9 128 9 150 8 151 9 171 8 172 9 165 8 101 9 154 8 155 8 176 2 177 9 119 8 174 9 175 2 80 8 140 2 107 9 173 8 178 2 27 9 128 9 182 8 97 9 87 8 181 9 179 8 180 9 183 8 116 9 71 9 71 9 71 9 71 9 186 8 187 9 182 8 97 9 184 8 185 9 188 8 189 9 71 9 71 9 71 9 71 9 193 8 66 9 190 8 91 9 71 9 71 9 71 9 71 9 71 9 71 9 71 9 71 9 193 10 11 9 71 9 71 9 71 9 71 9 71 9 64 8 121 9 190 8 91 9 184 8 185 9 184 8 185 9 194 8 195 9 165 8 101 9 164 8 104 2 68 9 125 8 147 2 68 9 160 8 142 2 68 8 176 9 198 2 73 8 197 9 107 2 42 8 176 9 163 2 78 8 143 9 132 2 83 8 176 9 163 2 78 8 176 9 163 2 78 8 176 9 163 2 78 8 176 9 163 2 78 8 131 9 132 2 33 8 197 9 132 2 119 8 131 9 199 2 80 8 197 9 200 2 68 8 131 9 201 2 68 8 131 9 201 2 68 8 202 9 203 2 68 8 131 9 201 2 68 8 202 9 203 2 68 8 131 9 201 2 68 8 131 9 201 2 68 8 138 9 204 2 68 8 139 9 139 2 14 9 168 8 169 2 79 8 101 9 184 8 185 9 60 8 118 9 64 8 121 9 205 8 206 9 190 8 91 9 71 9 71 9 71 9 71 9 193 8 66 9 193 8 66 9 71 9 71 9 71 2 8 8 86 11 14 2 59 11 216 8 91 2 60 11 9 8 91 2 67 11 42 8 86 2 74 11 61 8 86 2 76 11 218 8 91 2 120 11 78 8 91 2 84 11 223 8 86 2 89 11 51 8 91 2 79 11 119 8 91 2 111 11 73 8 91 2 70 8 91 2 8 8 86 11 14 2 69 8 192 9 71 9 71 9 71 9 71 9 71 9 71 9 71 9 71 9 71 9 71 9 71 9 71 9 193 10 11 9 71 9 171 8 172 9 154 8 155 9 96 8 207 9 136 8 137 9 138 8 139 2 60 11 9 8 91 2 74 8 112 11 14 2 60 11 9 8 91 2 87 8 181 2 12 8 209 8 125 2 210 9 103 8 211 2 124 9 146 8 143 9 199 2 78 8 202 9 203 2 68 9 213 8 100 9 212 8 134 9 170 8 122 9 186 8 187 9 71 9 193 8 66 9 71 9 71 9 71 9 71 9 71 9 193 8 66 9 165 8 101 9 168 8 169 8 197 9 107 2 42 8 174 9 175 2 80 8 140 2 107 9 173 2 92 8 98 9 99 2 96 8 97 11 14 2 111 8 118 11 9 2 67 11 42 8 86 9 193 8 66 9 193 8 66 9 193 8 66 9 71 9 71 9 71 9 71 9 71 9 191 8 192 9 191 8 192 9 205 8 206 9 71 9 71 9 71 9 71 9 71 9 71 9 71 9 71 9 193 8 66 9 71 9 71 9 71 9 71 9 71 9 71 9 71 9 71 9 71 9 71 9 71 9 71 9 71 9 71 9 71 9 71 9 71 9 71 9 71 9 71 9 71 9 71 9 71 9 71 9 71 9 71 9 71 9 71 9 71 9 71 9 71 9 71 9 71 9 71 9 71 9 71 9 71 9 71 9 71 9 71 9 71 9 71 9 71 9 71 9 71 9 71 9 71 9 71 9 71 9 71 9 71 9 71 9 71 9 71 9 71 9 71 9 71 9 71 9 71 9 71 9 71 9 71 9 193 8 66 9 71 9 71 9 81 8 117 9 81 8 117 9 214 8 215 9 152 8 112 9 171 8 172 9 64 8 121 9 190 8 91 9 190 8 91 9 190 8 91 9 71 9 154 8 155 9 165 8 101 9 164 8 93 9 136 8 137 9 168 8 169 9 168 8 169 9 161 8 162 9 160 8 106 9 212 8 134 9 148 8 129 9 140 8 141 9 138 8 139 9 184 8 185 9 205 8 206 9 191 8 192 9 193 8 66 9 190 8 91 9 60 8 118 9 191 8 192 9 184 8 185 9 205 8 206 2 64 8 121 2 69 8 192 2 10 3 11 2 8 3 9 2 8 3 9 11 15 12 13 11 224 12 221 11 224 12 221 11 225 12 149 11 15 12 13 11 224 12 221 11 15 12 13 11 224 12 221 11 15 12 13 11 224 12 221 11 15 12 13 11 224 12 221 11 224 12 221 11 15 12 13 11 15 12 13 11 224 12 221 11 15 12 13 11 224 12 221 11 224 12 221 11 226 12 227 11 228 12 217 11 228 12 217 11 228 12 217 11 228 12 217 11 228 12 217 11 228 12 217 11 228 12 217 11 228 12 217 11 228 12 217 11 228 12 217 12 229 11 27 11 15 12 13 11 15 12 13 12 229 11 27 12 229 11 27 11 15 12 13 11 15 12 13 12 229 11 27 11 225 12 149 12 229 11 27 13 58 12 42 13 58 12 42 13 87 12 119 13 113 12 23 13 58 12 42 13 120 12 33 13 113 12 23 13 58 12 42 12 228 11 217 12 228 11 217 12 230 12 230 12 228 11 217 12 230 12 230 12 230 12 230 12 228 11 217 12 87 11 119 12 87 11 119 12 228 11 217 12 87 11 119 12 228 11 217 12 87 11 119 12 87 11 119 12 228 11 217 12 230 12 230 12 230 12 230 13 231 12 232 13 231 12 232 13 233 12 234 13 35 12 54 12 228 11 217 12 77 11 78 12 67 11 73 12 10 11 11 12 230 12 230 12 230 12 230 13 35 12 54 12 235 13 119 11 14 12 235 13 119 11 14 13 35 12 54 12 235 13 119 11 14 13 236 12 237 13 69 12 14 13 69 12 14 13 10 12 11 13 10 12 11 13 228 12 217 13 238 12 28 13 69 12 14 13 69 12 14 13 10 12 11 13 10 12 11 12 226 11 227 11 226 12 227 11 231 12 232 12 22 11 239 12 240 11 218 13 14 12 19 11 241 12 15 11 13 12 242 11 221 13 14 12 242 11 221 13 14 12 15 11 13 13 87 12 119 13 58 12 42 13 231 12 232 13 228 12 217 13 58 12 42 13 58 12 42 13 69 12 14 13 60 12 61 12 243 11 216 12 244 11 14 13 14 12 69 13 14 12 10 11 11 12 230 12 230 12 69 13 14 12 69 13 14 12 87 11 119 12 59 11 42 13 14 12 120 13 33 12 235 13 33 11 11 12 120 13 33 12 120 13 33 12 87 13 119 13 120 12 33 13 235 12 220 13 235 12 220 11 229 12 27 11 245 12 246 13 113 12 23 13 77 12 78 12 230 12 230 12 230 12 230 13 35 12 54 13 35 12 54 12 230 12 230 12 230 12 230 12 230 12 69 13 14 12 69 13 14 12 230 12 87 13 119 12 87 13 119 11 15 12 13 11 15 12 13 12 229 11 27 12 229 11 27 12 229 11 27 11 15 12 13 11 225 12 149 12 229 11 27 13 87 12 119 13 58 12 42 13 58 12 42 13 113 12 23 13 120 12 33 13 58 12 42 13 58 12 42 13 113 12 23 12 230 12 228 11 217 12 228 11 217 12 230 12 230 12 228 11 217 12 230 12 230 12 230 12 87 11 119 12 87 11 119 12 228 11 217 12 87 11 119 12 87 11 119 12 228 11 217 12 228 11 217 12 230 12 230 12 230 12 230 13 231 12 232 13 231 12 232 13 233 12 234 13 35 12 54 12 67 11 73 12 77 11 78 12 228 11 217 12 10 11 11 12 230 12 230 12 230 12 230 12 235 13 119 11 14 12 235 13 119 11 14 13 35 12 54 13 35 12 54 13 69 12 14 13 69 12 14 13 10 12 11 13 10 12 11 13 238 12 28 13 228 12 217 13 69 12 14 13 69 12 14 11 231 12 232 11 226 12 227 12 226 11 227 12 22 11 239 12 15 11 13 12 19 11 241 12 240 11 218 13 14 12 242 11 221 13 14 13 58 12 42 13 87 12 119 13 231 12 232 13 58 12 42 13 228 12 217 13 60 12 61 12 69 13 14 12 244 11 14 13 14 12 243 11 216 12 10 11 11 12 230 12 230 12 69 13 14 12 69 13 14 12 59 11 42 13 14 12 87 11 119 12 235 13 33 11 11 12 120 13 33 12 120 13 33 12 120 13 33 12 87 13 119 13 120 12 33 13 235 12 220 11 229 12 27 13 113 12 23 13 77 12 78 12 230 12 230 12 230 12 230 13 35 12 54 13 35 12 54 12 230 12 230 12 230 12 230 12 69 13 14 12 69 13 14 12 230 12 230 12 87 13 119 12 87 13 119 11 225 12 149 11 224 12 221 11 226 12 227 11 224 12 221 11 231 12 232 11 242 12 222 11 229 12 27 11 242 12 222 11 245 12 246 11 242 12 222 11 229 12 27 11 242 12 222 11 231 12 232 11 242 12 222 11 228 12 217 11 228 12 217 11 228 12 217 11 228 12 217 11 228 12 217 11 228 12 217 11 228 12 217 7 81 14 82 7 81 14 82 7 15 14 13 7 225 14 149 7 81 14 82 7 15 14 13 7 81 14 82 7 15 14 13 7 81 14 82 7 15 14 13 7 81 14 82 7 81 14 82 7 15 14 13 7 15 14 13 7 81 14 82 7 15 14 13 7 81 14 82 7 15 14 13 7 81 14 82 7 164 14 133 7 70 14 72 7 70 14 72 7 70 14 72 7 70 14 72 7 70 14 72 7 70 14 72 7 70 14 72 7 70 14 72 7 70 14 72 7 70 14 72 7 15 14 13 7 15 14 13 14 229 7 27 14 229 7 27 14 229 7 27 7 15 14 13 14 229 7 27 7 15 14 13 7 225 14 149 14 229 7 27 15 87 14 119 15 58 14 42 15 58 14 42 15 113 14 23 15 120 14 33 15 58 14 42 15 58 14 42 15 113 14 23 14 71 14 70 7 72 14 70 7 72 14 71 14 71 14 70 7 72 14 71 14 71 14 71 14 87 7 119 14 87 7 119 14 70 7 72 14 70 7 72 14 87 7 119 14 87 7 119 14 87 7 119 14 70 7 72 14 70 7 72 14 71 14 71 14 71 14 71 15 231 14 247 15 231 14 247 15 233 14 248 15 35 14 54 14 67 7 73 14 77 7 78 14 70 7 72 14 10 7 11 14 71 14 71 14 71 14 71 14 249 15 119 7 14 14 249 15 119 7 14 15 35 14 54 15 35 14 54 14 249 15 119 7 14 15 236 14 237 15 69 14 14 15 69 14 14 15 10 14 11 15 10 14 11 15 238 14 65 15 228 14 72 15 10 14 11 15 69 14 14 15 69 14 14 15 10 14 11 7 212 14 247 7 164 14 133 14 164 7 133 14 194 7 250 14 15 7 13 14 251 7 18 14 111 7 75 15 14 14 76 7 82 15 14 14 76 7 82 15 14 14 15 7 13 15 58 14 42 15 87 14 119 15 231 14 247 15 58 14 42 15 58 14 42 15 228 14 72 15 69 14 14 15 60 14 61 14 69 15 14 14 64 7 14 15 14 14 62 7 63 14 10 7 11 14 71 14 71 14 69 15 14 14 69 15 14 14 59 7 42 15 14 14 87 7 119 14 249 15 33 7 11 14 120 15 33 14 120 15 33 14 120 15 33 14 87 15 119 15 120 14 33 15 235 14 80 15 235 14 80 7 229 14 27 7 245 14 246 15 113 14 23 15 77 14 78 14 71 14 71 14 71 14 71 15 35 14 54 15 35 14 54 14 71 14 71 14 71 14 71 14 69 15 14 14 69 15 14 14 71 14 71 14 87 15 119 14 87 15 119 14 229 7 27 7 15 14 13 7 15 14 13 14 229 7 27 7 15 14 13 14 229 7 27 7 225 14 149 14 229 7 27 15 58 14 42 15 58 14 42 15 87 14 119 15 113 14 23 15 58 14 42 15 120 14 33 15 113 14 23 15 58 14 42 14 70 7 72 14 70 7 72 14 71 14 71 14 70 7 72 14 71 14 71 14 71 14 71 14 70 7 72 14 87 7 119 14 87 7 119 14 70 7 72 14 87 7 119 14 87 7 119 14 70 7 72 14 71 14 71 14 71 14 71 15 231 14 247 15 231 14 247 15 233 14 248 15 35 14 54 14 70 7 72 14 77 7 78 14 67 7 73 14 10 7 11 14 71 14 71 14 71 14 71 15 35 14 54 14 249 15 119 7 14 14 249 15 119 7 14 15 35 14 54 15 69 14 14 15 69 14 14 15 10 14 11 15 10 14 11 15 228 14 72 15 238 14 65 15 69 14 14 15 69 14 14 14 164 7 133 7 164 14 133 7 212 14 247 14 194 7 250 14 111 7 75 15 14 14 251 7 18 14 15 7 13 14 76 7 82 15 14 15 87 14 119 15 58 14 42 15 231 14 247 15 228 14 72 15 58 14 42 15 60 14 61 14 62 7 63 14 64 7 14 15 14 14 69 15 14 14 10 7 11 14 71 14 71 14 69 15 14 14 69 15 14 14 87 7 119 14 59 7 42 15 14 14 120 15 33 14 249 15 33 7 11 14 120 15 33 14 120 15 33 14 87 15 119 15 120 14 33 15 235 14 80 7 229 14 27 15 113 14 23 15 77 14 78 14 71 14 71 14 71 14 71 15 35 14 54 15 35 14 54 14 71 14 71 14 71 14 71 14 71 14 69 15 14 14 69 15 14 14 71 14 87 15 119 14 87 15 119 7 81 14 82 7 225 14 149 7 81 14 82 7 164 14 133 7 76 14 83 7 212 14 247 7 76 14 83 7 229 14 27 7 76 14 83 7 245 14 246 7 76 14 83 7 229 14 27 7 76 14 83 7 212 14 247 7 70 14 72 7 70 14 72 7 70 14 72 7 70 14 72 7 70 14 72 7 70 14 72 7 70 14 72</v>
                </vertex_weights>
            </skin>
        </controller>
        <controller id="Object_2-controller" name="Object_2">
            <skin source="#Object_2-geometry">
                <bind_shape_matrix>1 0 0 0 0 1 0 0 0 0 1 0 0 0 0 1</bind_shape_matrix>
                <source id="Object_2-joints">
                    <Name_array id="Object_2-joints-array" count="11">Tail1 Tail2 Hips Tail3 Tail4 Tail5 Tail6 UpperJaw LowerJaw Head Spine</Name_array>
                    <technique_common>
                        <accessor count="11" offset="0" source="#Object_2-joints-array" stride="1">
                            <param name="JOINT" type="Name" />
                        </accessor>
                    </technique_common>
                </source>
                <source id="Object_2-matrices">
                    <float_array id="Object_2-matrices-array" count="176">1.007358E-06 1.049571E-06 -0.9999989 -0.157147 -0.9999992 1.051589E-06 9.986363E-07 9.935366E-07 9.480885E-07 -0.999999 1.029212E-06 0.131424 1E-06 1E-06 1E-06 1.000001 1.007358E-06 1.049571E-06 -0.9999989 -0.274304 -0.9999992 1.051589E-06 9.986363E-07 9.935366E-07 9.480885E-07 -0.999999 1.029212E-06 0.131424 1E-06 1E-06 1E-06 1.000001 1.035511E-06 -0.9999989 9.949833E-07 0.139104 1.000001 1.035834E-06 1.001364E-06 9.94974E-07 1.007358E-06 9.899668E-07 -0.9999987 0.03032899 1E-06 1E-06 1E-06 1.000001 1.007358E-06 1.049571E-06 -0.9999989 -0.384975 -0.9999992 1.051589E-06 9.986363E-07 9.935366E-07 9.480885E-07 -0.999999 1.029212E-06 0.131424 1E-06 1E-06 1E-06 1.000001 1.007358E-06 1.049571E-06 -0.9999989 -0.516501 -0.9999992 1.051589E-06 9.986363E-07 9.935366E-07 9.480885E-07 -0.999999 1.029212E-06 0.131424 1E-06 1E-06 1E-06 1.000001 1.007358E-06 1.049571E-06 -0.9999989 -0.624973 -0.9999992 1.051589E-06 9.986363E-07 9.935366E-07 9.480885E-07 -0.999999 1.029212E-06 0.131424 1E-06 1E-06 1E-06 1.000001 1.007358E-06 1.049571E-06 -0.9999989 -0.757203 -0.9999992 1.051589E-06 9.986363E-07 9.935366E-07 9.480885E-07 -0.999999 1.029212E-06 0.131424 1E-06 1E-06 1E-06 1.000001 1.017649E-06 0.3420213 0.9396932 -0.4091852 -0.9999991 1.051279E-06 1.005994E-06 3.992685E-06 1.048489E-06 0.9396933 -0.3420193 -0.3514907 1E-06 1E-06 1E-06 1.000001 1.017649E-06 0.3420213 0.9396932 -0.4109077 -0.9999991 1.051279E-06 1.005994E-06 3.992685E-06 1.048489E-06 0.9396933 -0.3420193 -0.2951509 1E-06 1E-06 1E-06 1.000001 1.051601E-06 1.000001 1.240524E-06 -0.4484554 -0.9999991 1.051279E-06 1.005994E-06 9.926852E-07 1E-06 1.235302E-06 -0.9999988 0.05692681 1E-06 1E-06 1E-06 1.000001 1.051403E-06 0.9961559 0.0876112 -0.2704513 -0.9999991 1.051279E-06 1.005994E-06 9.926852E-07 1.004521E-06 0.0876112 -0.9961538 0.01755667 1E-06 1E-06 1E-06 1.000001</float_array>
                    <technique_common>
                        <accessor count="11" offset="0" source="#Object_2-matrices-array" stride="16">
                            <param name="TRANSFORM" type="float4x4" />
                        </accessor>
                    </technique_common>
                </source>
                <source id="Object_2-weights">
                    <float_array id="Object_2-weights-array" count="154">0.8299999 0.1700001 0.1499996 0.02000046 0.5100002 0.4699993 0.6900005 0.2299995 0.07999992 0.6700001 0.2600002 0.06999969 0.4799995 0.01000023 0.3099995 0.7399998 0.09000015 0.7000008 0.2099991 0.5499992 0.4099998 0.04000092 0.6020412 0.3775501 0.02040863 0.7199993 0.1800003 0.1000004 0.5200005 0.3999996 0.6399994 0.3299999 0.03000069 0.7999992 0.7900009 0.1399994 0.6100006 0.3700008 0.5900002 0.7700005 0.8700008 0.1299992 0.9099998 0.5050507 0.484848 0.01010132 0.9200001 0.8099999 0.1899996 0.6900001 0.3100004 0.6500001 0.3500004 0.8600001 0.1400003 0.7200003 0.2799997 0.8800001 0.1199999 0.73 0.2700005 0.8900003 0.1100001 0.8999996 0.0999999 0.7299995 0.27 0.71 0.29 0.5 0.9299998 0.9499998 0.05000019 0.96 0.03999996 0.9700003 0.03000021 0.9399996 0.05999994 0.98 0.9899998 0.9994001 0.79 0.1099997 0.25 0.8899999 0.9000001 0.8699999 0.8100004 0.23 0.4499998 0.24 0.545455 0.242424 0.212121 0.02999973 0.75 0.7373743 0.020202 0.7346935 0.2448981 0.020408 0.6734686 0.08163309 0.5612249 0.1938782 0.3775511 0.5050504 0.4343433 0.060606 0.5102041 0.3571429 0.1326532 0.51 0.4699998 0.48 0.4899998 0.4700003 0.05 0.4897959 0.4591837 0.05102 0.5052631 0.4421053 0.05263201 0.510417 0.364583 0.125 0.5154641 0.2474232 0.237113 0.7979801 0.1717172 0.030303 0.8041239 0.14433 0.0515461 0.8 0.1900001 0.1999998 0.74 0.08 0.7474751 0.1717167 0.080808 0.7551019 0.1734686 0.071429 0.789474 0.1473684 0.063158 0.802083 0.104167 0.09375</float_array>
                    <technique_common>
                        <accessor count="154" offset="0" source="#Object_2-weights-array" stride="1">
                            <param name="WEIGHT" type="float" />
                        </accessor>
                    </technique_common>
                </source>
                <joints>
                    <input semantic="JOINT" source="#Object_2-joints" />
                    <input semantic="INV_BIND_MATRIX" source="#Object_2-matrices" />
                </joints>
                <vertex_weights count="471">
                    <input semantic="JOINT" source="#Object_2-joints" offset="0" set="0" />
                    <input semantic="WEIGHT" source="#Object_2-weights" offset="1" set="0" />
                    <vcount>2 2 3 3 2 3 3 3 3 3 3 3 3 3 3 3 3 3 3 3 3 3 3 3 3 3 3 3 3 3 3 3 3 3 3 3 3 3 3 3 3 3 3 3 3 3 3 3 3 3 3 3 3 3 2 2 2 2 2 2 2 2 2 3 2 2 3 3 2 2 3 3 3 3 3 3 3 3 3 3 3 3 3 3 3 3 3 3 3 3 3 3 3 3 3 3 3 3 3 3 3 3 3 3 3 3 3 3 3 3 3 3 3 3 3 3 3 3 3 3 3 3 3 3 3 3 3 3 3 3 3 3 3 3 3 2 2 2 2 2 2 2 2 2 2 2 2 2 3 3 2 3 3 3 3 3 3 3 3 3 3 3 3 3 3 3 3 3 3 3 3 3 3 3 3 3 3 3 3 3 3 3 3 2 2 2 2 2 2 2 2 2 3 3 3 3 3 3 3 3 3 3 3 3 3 3 3 3 2 3 3 2 3 3 3 3 3 3 3 3 3 3 3 3 3 3 3 3 2 2 2 2 2 2 2 2 2 2 2 2 2 2 2 2 2 2 2 2 2 2 2 2 2 2 2 2 2 2 2 2 2 2 2 2 2 2 2 2 2 2 2 2 2 2 2 2 2 2 2 2 2 2 2 2 2 2 1 2 2 1 1 2 2 2 2 2 2 2 2 2 3 3 3 3 2 3 2 3 3 3 3 3 3 3 3 3 3 3 3 3 3 3 3 3 3 3 2 3 3 3 3 3 3 3 3 3 2 2 3 3 3 3 3 3 2 2 2 2 2 2 2 2 2 2 2 2 2 2 2 2 2 2 2 2 2 2 2 2 2 2 2 2 2 2 2 2 2 2 2 2 2 2 2 2 2 2 2 2 2 2 2 2 2 2 2 2 2 2 2 2 2 2 2 2 2 2 2 1 1 2 2 2 2 2 2 2 2 2 2 3 3 3 3 2 3 3 3 3 3 3 3 3 3 3 3 3 3 3 3 3 3 3 3 3 3 3 3 3 3 3 3 3 2 3 3 3 3 3 3 2 2 2 2 2 2 2 2 2 2 2 2</vcount>
                    <v>0 0 1 1 0 0 1 1 0 0 2 2 1 3 0 0 2 2 1 3 0 0 1 1 0 0 2 2 1 3 0 4 1 5 3 3 0 4 1 5 3 3 0 4 1 5 3 3 1 6 0 7 3 8 1 6 0 7 3 8 1 6 0 7 3 8 1 9 3 10 0 11 1 9 3 10 0 11 1 9 3 10 0 11 3 4 1 12 0 13 3 4 1 12 0 13 3 4 1 12 0 13 3 9 1 14 4 3 3 9 1 14 4 3 3 9 1 14 4 3 3 15 1 1 4 16 3 15 1 1 4 16 3 15 1 1 4 16 3 17 4 18 1 16 3 17 4 18 1 16 3 17 4 18 1 16 3 19 4 20 1 21 3 19 4 20 1 21 3 19 4 20 1 21 4 22 3 23 1 24 4 22 3 23 1 24 4 22 3 23 1 24 4 25 3 26 5 27 4 25 3 26 5 27 4 25 3 26 5 27 4 28 5 29 3 8 4 28 5 29 3 8 4 28 5 29 3 8 5 30 4 31 3 32 5 30 4 31 3 32 5 30 4 31 3 32 5 33 4 1 6 32 5 33 4 1 6 32 5 33 4 1 6 32 5 34 6 35 4 11 5 34 6 35 4 11 5 34 6 35 4 11 5 36 6 37 4 3 5 36 6 37 4 3 5 36 6 37 4 3 6 38 5 29 4 13 6 38 5 29 4 13 6 38 5 29 4 13 6 39 5 7 6 39 5 7 6 39 5 7 6 40 5 41 6 42 5 16 6 42 5 16 6 40 5 41 6 40 5 41 6 42 5 16 0 0 2 2 1 3 0 0 1 1 0 0 1 1 0 0 2 2 1 3 0 0 2 2 1 3 0 0 1 1 0 0 1 1 0 0 2 2 1 3 0 4 1 5 3 3 0 4 1 5 3 3 0 4 1 5 3 3 0 4 1 5 3 3 1 6 0 7 3 8 1 6 0 7 3 8 1 6 0 7 3 8 1 6 0 7 3 8 1 9 3 10 0 11 1 9 3 10 0 11 1 9 3 10 0 11 1 9 3 10 0 11 3 4 1 12 0 13 3 4 1 12 0 13 3 4 1 12 0 13 3 4 1 12 0 13 3 9 1 14 4 3 3 9 1 14 4 3 3 9 1 14 4 3 3 9 1 14 4 3 3 15 1 1 4 16 3 15 1 1 4 16 3 15 1 1 4 16 3 15 1 1 4 16 3 17 4 18 1 16 3 17 4 18 1 16 3 17 4 18 1 16 3 17 4 18 1 16 3 19 4 20 1 21 3 19 4 20 1 21 3 19 4 20 1 21 3 19 4 20 1 21 4 22 3 23 1 24 4 22 3 23 1 24 4 22 3 23 1 24 4 22 3 23 1 24 4 25 3 26 5 27 4 25 3 26 5 27 4 25 3 26 5 27 4 25 3 26 5 27 4 28 5 29 3 8 4 28 5 29 3 8 4 28 5 29 3 8 4 28 5 29 3 8 5 30 4 31 3 32 5 30 4 31 3 32 5 30 4 31 3 32 5 30 4 31 3 32 5 33 4 1 6 32 5 33 4 1 6 32 5 33 4 1 6 32 5 33 4 1 6 32 5 34 6 35 4 11 5 34 6 35 4 11 5 34 6 35 4 11 5 34 6 35 4 11 5 36 6 37 4 3 5 36 6 37 4 3 5 36 6 37 4 3 5 36 6 37 4 3 6 38 5 29 4 13 6 38 5 29 4 13 6 38 5 29 4 13 6 38 5 29 4 13 6 39 5 7 6 39 5 7 6 39 5 7 6 39 5 7 6 42 5 16 6 42 5 16 6 40 5 41 6 40 5 41 6 42 5 16 6 40 5 41 6 40 5 41 6 42 5 16 0 0 1 1 0 0 2 2 1 3 0 0 2 2 1 3 0 0 1 1 0 4 1 5 3 3 0 4 1 5 3 3 1 6 0 7 3 8 1 6 0 7 3 8 1 9 3 10 0 11 1 9 3 10 0 11 3 43 1 44 0 45 3 43 1 44 0 45 3 9 1 14 4 3 3 9 1 14 4 3 3 15 1 1 4 16 3 15 1 1 4 16 3 17 4 18 1 16 3 17 4 18 1 16 3 19 4 20 1 21 3 19 4 20 1 21 4 22 3 23 1 24 4 22 3 23 1 24 4 25 3 26 5 27 4 25 3 26 5 27 4 28 5 29 3 8 4 28 5 29 3 8 5 30 4 31 3 32 5 30 4 31 3 32 5 33 4 1 6 32 5 33 4 1 6 32 5 34 6 35 4 11 5 34 6 35 4 11 5 36 6 37 4 3 5 36 6 37 4 3 6 38 5 29 4 13 6 38 5 29 4 13 6 39 5 7 6 39 5 7 6 46 5 8 6 42 5 16 6 40 5 41 6 42 5 16 6 46 5 8 6 40 5 41 6 39 5 7 6 38 5 29 4 13 5 36 6 37 4 3 5 34 6 35 4 11 5 33 4 1 6 32 5 30 4 31 3 32 4 28 5 29 3 8 4 25 3 26 5 27 4 22 3 23 1 24 3 19 4 20 1 21 3 17 4 18 1 16 3 15 1 1 4 16 3 9 1 14 4 3 3 43 1 44 0 45 1 9 3 10 0 11 1 6 0 7 3 8 0 4 1 5 3 3 0 0 1 1 0 0 2 2 1 3 0 0 2 2 1 3 0 0 1 1 0 4 1 5 3 3 1 6 0 7 3 8 1 9 3 10 0 11 3 43 1 44 0 45 3 9 1 14 4 3 3 15 1 1 4 16 3 17 4 18 1 16 3 19 4 20 1 21 4 22 3 23 1 24 4 25 3 26 5 27 4 28 5 29 3 8 5 30 4 31 3 32 5 33 4 1 6 32 5 34 6 35 4 11 5 36 6 37 4 3 6 38 5 29 4 13 6 39 5 7 6 40 5 41 6 42 5 16 6 46 5 8 6 42 5 16 6 40 5 41 7 47 8 48 7 49 8 50 7 51 8 52 7 49 8 50 7 53 8 54 7 55 8 56 7 57 8 58 7 59 8 60 7 57 8 58 7 59 8 60 8 61 7 62 8 63 7 64 8 15 7 10 8 15 7 10 8 57 7 58 8 65 7 66 8 0 7 1 8 67 7 68 8 67 7 68 8 9 7 31 7 69 8 69 7 69 8 69 7 53 8 54 7 55 8 56 7 70 8 11 7 71 8 72 7 73 8 74 8 73 7 74 8 75 7 76 8 77 7 78 8 57 7 58 8 65 7 66 7 69 8 69 7 57 8 58 7 59 8 60 7 71 8 72 7 79 8 3 7 79 8 3 8 80 7 13 8 80 7 13 8 73 7 74 8 63 7 64 8 15 7 10 7 69 8 69 7 57 8 58 7 59 8 60 7 59 8 60 7 57 8 58 7 73 8 74 7 73 8 74 7 80 8 13 7 80 8 13 7 81 7 80 8 13 8 80 7 13 8 81 8 81 8 80 7 13 8 75 7 76 8 75 7 76 8 63 7 64 8 63 7 64 8 15 7 10 8 15 7 10 7 69 8 69 7 69 8 69 7 82 8 83 9 64 7 51 8 84 9 64 7 53 9 64 8 74 7 85 9 64 8 13 7 86 9 64 8 61 9 64 7 13 8 63 9 64 8 87 9 64 7 76 8 88 9 64 7 16 8 9 7 89 9 64 7 90 8 90 9 64 7 9 9 91 8 16 7 92 9 93 8 94 7 59 9 91 8 95 7 96 9 91 8 13 7 96 9 91 8 13 8 97 9 93 10 98 8 97 9 93 10 98 8 99 9 100 10 101 8 102 9 100 7 103 8 104 9 100 7 105 7 106 8 106 9 100 9 107 7 108 8 109 9 110 7 111 8 112 9 113 7 114 8 3 9 113 7 115 8 13 9 113 7 116 9 115 8 117 10 118 9 115 8 117 10 118 9 119 8 120 10 121 9 122 8 123 10 124 9 125 8 126 7 127 9 128 7 129 8 130 9 131 7 132 8 133 9 134 7 135 8 136 9 137 7 138 8 13 9 137 7 139 9 137 7 139 9 140 8 26 10 141 9 140 8 26 10 141 9 142 8 143 10 144 9 145 8 146 10 147 9 148 8 149 10 150 9 151 7 152 8 153 7 69 8 69 7 69 8 69 8 15 7 10 8 15 7 10 7 69 8 69 8 65 7 66 7 69 8 69 8 67 7 68 8 9 7 31 7 69 8 69 7 49 8 50 7 51 8 52 7 55 8 56 7 59 8 60 7 59 8 60 7 51 8 52 7 49 8 50 7 47 8 48 7 49 8 50 7 53 8 54 7 55 8 56 7 57 8 58 7 59 8 60 8 15 7 10 8 63 7 64 8 61 7 62 8 15 7 10 8 57 7 58 8 65 7 66 8 0 7 1 8 67 7 68 8 67 7 68 8 9 7 31 7 69 8 69 7 69 8 69 7 55 8 56 7 53 8 54 7 70 8 11 7 71 8 72 8 75 7 76 8 73 7 74 8 77 7 78 8 57 7 58 8 65 7 66 7 69 8 69 7 59 8 60 7 57 8 58 7 71 8 72 7 79 8 3 8 80 7 13 8 80 7 13 8 73 7 74 8 63 7 64 8 15 7 10 7 69 8 69 7 59 8 60 7 59 8 60 7 57 8 58 7 57 8 58 7 73 8 74 7 73 8 74 7 80 8 13 7 80 8 13 8 81 8 81 8 80 7 13 8 80 7 13 8 75 7 76 8 75 7 76 8 63 7 64 8 63 7 64 8 15 7 10 8 15 7 10 7 69 8 69 7 69 8 69 7 51 8 84 9 64 7 82 8 83 9 64 7 53 9 64 8 74 7 85 9 64 8 13 8 63 9 64 8 61 9 64 7 13 8 87 9 64 7 76 8 88 9 64 7 16 8 9 7 89 9 64 7 90 8 90 9 64 7 92 9 93 8 94 7 9 9 91 8 16 7 59 9 91 8 95 7 96 9 91 8 13 8 97 9 93 10 98 8 97 9 93 10 98 8 99 9 100 10 101 8 102 9 100 7 103 8 104 9 100 7 105 7 106 8 106 9 100 9 110 7 111 8 112 9 107 7 108 8 109 9 113 7 114 8 3 9 113 7 115 8 13 9 115 8 117 10 118 9 115 8 117 10 118 9 119 8 120 10 121 9 122 8 123 10 124 9 125 8 126 7 127 9 128 7 129 8 130 9 134 7 135 8 136 9 131 7 132 8 133 9 137 7 138 8 13 9 137 7 139 9 140 8 26 10 141 9 140 8 26 10 141 9 142 8 143 10 144 9 145 8 146 10 147 9 148 8 149 10 150 9 151 7 152 8 153 8 15 7 10 7 69 8 69 8 65 7 66 7 69 8 69 8 67 7 68 7 69 8 69 8 9 7 31 7 69 8 69 7 49 8 50 7 51 8 52 7 55 8 56 7 59 8 60</v>
                </vertex_weights>
            </skin>
        </controller>
    </library_controllers>
    <library_visual_scenes>
        <visual_scene id="Scene" name="Scene">
            <node id="Nyoromo" sid="Nyoromo" name="Nyoromo" type="JOINT">
                <matrix sid="transform">1 0 0 0 0 1 0 0 0 0 -1 0 0 0 0 1</matrix>
                <node id="Origin" sid="Origin" name="Origin" type="JOINT">
                    <matrix sid="transform">1 0 0 0 0 1 0 0 0 0 1 0 0 0 0 1</matrix>
                    <node id="Waist" sid="Waist" name="Waist" type="JOINT">
                        <matrix sid="transform">5.160126E-08 -0.9999999 -1.65707E-09 0 0.9964519 5.160125E-08 0.08416498 0.139103 -0.08416498 0 0.996452 -0.030328 0 0 0 1</matrix>
                        <node id="Spine" sid="Spine" name="Spine" type="JOINT">
                            <matrix sid="transform">0.999994 0 0.003458 0.129228 0 1 0 0 -0.003458 0 0.999994 2.2E-05 0 0 0 1</matrix>
                            <node id="Head" sid="Head" name="Head" type="JOINT">
                                <matrix sid="transform">0.996155 0 -0.08760998 0.181267 0 1 0 0 0.08760998 0 0.996155 0.000138 0 0 0 1</matrix>
                                <node id="UpperJaw" sid="UpperJaw" name="UpperJaw" type="JOINT">
                                    <matrix sid="transform">0.3420207 0 0.9396926 0.021788 0 1 0 -3E-06 -0.9396926 0 0.3420207 -0.207366 0 0 0 1</matrix>
                                </node>
                                <node id="LowerJaw" sid="LowerJaw" name="LowerJaw" type="JOINT">
                                    <matrix sid="transform">0.3420207 0 0.9396926 -0.030565 0 1 0 -3E-06 -0.9396926 0 0.3420207 -0.228254 0 0 0 1</matrix>
                                </node>
                            </node>
                        </node>
                        <node id="Hips" sid="Hips" name="Hips" type="JOINT">
                            <matrix sid="transform">-0.9964519 8.742277E-08 -0.08416498 0 -8.711259E-08 -0.9999999 -7.357937E-09 0 -0.08416498 -5.27259E-17 0.996452 0 0 0 0 1</matrix>
                            <node id="LThigh" sid="LThigh" name="LThigh" type="JOINT">
                                <matrix sid="transform">1 0 0 0.008352 0 0.949645 -0.313327 0.132233 0 0.313327 0.949645 0.036988 0 0 0 1</matrix>
                                <node id="LFoot" sid="LFoot" name="LFoot" type="JOINT">
                                    <matrix sid="transform">5.960464E-08 0 0.9999999 0.072637 0 1 0 0 -0.9999999 0 5.960464E-08 0 0 0 0 1</matrix>
                                    <node id="LToe" sid="LToe" name="LToe" type="JOINT">
                                        <matrix sid="transform">1 0 0 0.119716 0 1 0 0 0 0 1 0.034108 0 0 0 1</matrix>
                                    </node>
                                </node>
                            </node>
                            <node id="RThigh" sid="RThigh" name="RThigh" type="JOINT">
                                <matrix sid="transform">1 0 0 0.008352 0 0.949645 0.313327 -0.132233 0 -0.313327 0.949645 0.036988 0 0 0 1</matrix>
                                <node id="RFoot" sid="RFoot" name="RFoot" type="JOINT">
                                    <matrix sid="transform">5.960464E-08 0 0.9999999 0.072637 0 1 0 0 -0.9999999 0 5.960464E-08 0 0 0 0 1</matrix>
                                    <node id="RToe" sid="RToe" name="RToe" type="JOINT">
                                        <matrix sid="transform">1 0 0 0.119716 0 1 0 0 0 0 1 0.034108 0 0 0 1</matrix>
                                    </node>
                                </node>
                            </node>
                            <node id="Tail1" sid="Tail1" name="Tail1" type="JOINT">
                                <matrix sid="transform">3.422854E-08 -8.742278E-08 0.9999999 0.00768 0 -0.9999999 -8.742278E-08 0 0.9999999 0 5.960464E-08 0.187476 0 0 0 1</matrix>
                                <node id="Tail2" sid="Tail2" name="Tail2" type="JOINT">
                                    <matrix sid="transform">1 0 0 0.117157 0 1 0 0 0 0 1 0 0 0 0 1</matrix>
                                    <node id="Tail3" sid="Tail3" name="Tail3" type="JOINT">
                                        <matrix sid="transform">1 0 0 0.110671 0 1 0 0 0 0 1 0 0 0 0 1</matrix>
                                        <node id="Tail4" sid="Tail4" name="Tail4" type="JOINT">
                                            <matrix sid="transform">1 0 0 0.131526 0 1 0 0 0 0 1 0 0 0 0 1</matrix>
                                            <node id="Tail5" sid="Tail5" name="Tail5" type="JOINT">
                                                <matrix sid="transform">1 0 0 0.108472 0 1 0 0 0 0 1 0 0 0 0 1</matrix>
                                                <node id="Tail6" sid="Tail6" name="Tail6" type="JOINT">
                                                    <matrix sid="transform">1 0 0 0.13223 0 1 0 0 0 0 1 0 0 0 0 1</matrix>
                                                </node>
                                            </node>
                                        </node>
                                    </node>
                                </node>
                            </node>
                        </node>
                    </node>
                </node>
                <node id="NyoromoSkin" sid="NyoromoSkin" name="NyoromoSkin" type="JOINT">
                    <matrix sid="transform">1 0 0 0 0 1 0 0 0 0 1 0 0 0 0 1</matrix>
                </node>
                <node id="stereoCamera_defaultGp" sid="stereoCamera_defaultGp" name="stereoCamera_defaultGp" type="JOINT">
                    <matrix sid="transform">1 0 0 0 0 1 0 0 0 0 1 0 0 0 0 1</matrix>
                    <node id="stereoCamera_default" sid="stereoCamera_default" name="stereoCamera_default" type="JOINT">
                        <matrix sid="transform">1 0 0 0 0 0.992975 0.118322 0.15 0 -0.118322 0.992975 -2.1 0 0 0 1</matrix>
                    </node>
                    <node id="stereoCamera_aim" sid="stereoCamera_aim" name="stereoCamera_aim" type="JOINT">
                        <matrix sid="transform">1 0 0 0 0 1 0 0.405 0 0 1 0.04 0 0 0 1</matrix>
                    </node>
                </node>
                <node id="stereoCamera_fullAppealGp" sid="stereoCamera_fullAppealGp" name="stereoCamera_fullAppealGp" type="JOINT">
                    <matrix sid="transform">1 0 0 0 0 1 0 0 0 0 1 0 0 0 0 1</matrix>
                    <node id="stereoCamera_fullAppeal" sid="stereoCamera_fullAppeal" name="stereoCamera_fullAppeal" type="JOINT">
                        <matrix sid="transform">1 0 0 0 0 0.9919081 0.126961 0.194588 0 -0.126961 0.9919081 -2.595237 0 0 0 1</matrix>
                    </node>
                    <node id="stereoCamera_aim1" sid="stereoCamera_aim1" name="stereoCamera_aim1" type="JOINT">
                        <matrix sid="transform">1 0 0 0 0 1 0 0.526753 0 0 1 -0.00013 0 0 0 1</matrix>
                    </node>
                </node>
                <node id="stereoCamera_middleWaitGp" sid="stereoCamera_middleWaitGp" name="stereoCamera_middleWaitGp" type="JOINT">
                    <matrix sid="transform">1 0 0 0 0 1 0 0 0 0 1 0 0 0 0 1</matrix>
                    <node id="stereoCamera_middleWait" sid="stereoCamera_middleWait" name="stereoCamera_middleWait" type="JOINT">
                        <matrix sid="transform">1 0 0 0 0 0.997372 0.072449 0.21255 0 -0.072449 0.997372 -2.006364 0 0 0 1</matrix>
                    </node>
                    <node id="stereoCamera_aim2" sid="stereoCamera_aim2" name="stereoCamera_aim2" type="JOINT">
                        <matrix sid="transform">1 0 0 0 0 1 0 0.362651 0 0 1 0.06 0 0 0 1</matrix>
                    </node>
                </node>
            </node>
            <node id="Object_0" sid="Object_0" name="Object_0">
                <instance_controller url="#Object_0-controller">
                    <skeleton>#Nyoromo</skeleton>
                    <bind_material>
                        <technique_common>
                            <instance_material target="#Eye" symbol="Eye" />
                        </technique_common>
                    </bind_material>
                </instance_controller>
            </node>
            <node id="Object_1" sid="Object_1" name="Object_1">
                <instance_controller url="#Object_1-controller">
                    <skeleton>#Nyoromo</skeleton>
                    <bind_material>
                        <technique_common>
                            <instance_material target="#Body" symbol="Body" />
                        </technique_common>
                    </bind_material>
                </instance_controller>
            </node>
            <node id="Object_2" sid="Object_2" name="Object_2">
                <instance_controller url="#Object_2-controller">
                    <skeleton>#Nyoromo</skeleton>
                    <bind_material>
                        <technique_common>
                            <instance_material target="#Tail" symbol="Tail" />
                        </technique_common>
                    </bind_material>
                </instance_controller>
            </node>
        </visual_scene>
    </library_visual_scenes>
    <scene>
        <instance_visual_scene url="#Scene" />
    </scene>
</COLLADA>